=== slsat-abduced00
$ cyclist sl satcheck -D benchmarks/slsat/cc/abduced00.defs -p -t 60
exit: 0
emp => I008(a,b) has base #89913012185347: ({}, emp)
I3724(a, b, c, d, e, f, h) => I21092(a,b,c,d,e,f,g,h) has base #111639380917722: ({(h, 1)}, nil=a * h!=a), #3116454264630913: ({(h, 1), (a, 1)}, nil!=h * nil!=a * h!=a)
I3725(h, b, c, d, e, f, g) => I10117(a,b,c,d,e,f,g,h) has base #110025179950498: ({(h, 1)}, nil!=h), #89862871870102: ({}, nil=h)
I3725(a, b, c, d, e, f, h) => I21093(a,b,c,d,e,f,g,h) has base #113654613403038: ({(a, 1)}, nil!=a), #89862923715478: ({}, nil=a)
I3573(g, b, c, d, e, f) => I3633(a,b,c,d,e,f,g) has base #89852721615365: ({}, g=f), #187794576727047: ({(g, 1)}, nil!=g * g!=f)
I635(a, f, c, d, e) => I2011(a,b,c,d,e,f) has base #172417568431539: ({(f, 1)}, nil!=f * f!=e), #89861750350020: ({}, f=e)
I047(a, e, c, d) => I337(a,b,c,d,e) has base #89856622744720: ({}, e=d), #171946047286466: ({(e, 1)}, nil!=e * e!=d)
I008(b, c) => I022(a,b,c) has base #89913012185347: ({}, emp)
nil!=h * I21092(a, b, c, d, e, f, g, h) => I21063(a,b,c,d,e,f,g,h) has base #111639380917722: ({(h, 1)}, nil=a * h!=a), #3116454264630913: ({(h, 1), (a, 1)}, nil!=h * nil!=a * h!=a)
nil!=g * I3724(a, b, c, d, e, f, g) => I3670(a,b,c,d,e,f,g) has base #99147432477703: ({(g, 1)}, nil=a * g!=a), #2965703219560226: ({(g, 1), (a, 1)}, nil!=g * nil!=a * g!=a)
nil!=g * g->a' * I21063(a, b, c, d, e, f, g, a') => I3724(a,b,c,d,e,f,g) has base #99147432477703: ({(g, 1)}, nil=a * g!=a), #2965703219560226: ({(g, 1), (a, 1)}, nil!=g * nil!=a * g!=a)
nil!=f * I3572(a, b, c, d, e, f) => I3552(a,b,c,d,e,f) has base #2861566061333646: ({(f, 1), (a, 1)}, nil!=f * nil!=a * f!=a), #89825014796177: ({(f, 1)}, nil=a * f!=a)
nil!=f * f->a' * I3670(a, b, c, d, e, f, a') => I3572(a,b,c,d,e,f) has base #2861566061333646: ({(f, 1), (a, 1)}, nil!=f * nil!=a * f!=a), #89825014796177: ({(f, 1)}, nil=a * f!=a)
nil!=e * I634(a, b, c, d, e) => I618(a,b,c,d,e) has base #2861969587181394: ({(e, 1), (a, 1)}, nil!=e * nil!=a * e!=a), #92649965253639: ({(e, 1)}, nil=a * e!=a)
nil!=e * e->a' * I3552(a, b, c, d, e, a') => I634(a,b,c,d,e) has base #2861969587181394: ({(e, 1), (a, 1)}, nil!=e * nil!=a * e!=a), #92649965253639: ({(e, 1)}, nil=a * e!=a)
nil!=d * I046(a, b, c, d) => I034(a,b,c,d) has base #120916699843223: ({(d, 1)}, nil=a * d!=a), #3096914140512353: ({(d, 1), (b, 1)}, nil!=d * nil!=b * d!=b), #120475412118474: ({(d, 1)}, nil=b * d!=b), #3116894315337522: ({(d, 1), (a, 1)}, nil!=d * nil!=a * d!=a)
nil!=d * d->a' * I618(a, b, c, d, a') => I046(a,b,c,d) has base #120916699843223: ({(d, 1)}, nil=a * d!=a), #3096914140512353: ({(d, 1), (b, 1)}, nil!=d * nil!=b * d!=b), #120475412118474: ({(d, 1)}, nil=b * d!=b), #3116894315337522: ({(d, 1), (a, 1)}, nil!=d * nil!=a * d!=a)
nil!=c * I021(a, b, c) => I013(a,b,c) has base #2885994803885840: ({(c, 1), (b, 1)}, nil!=c * nil!=b * c!=b), #2900572145203962: ({(c, 1), (a, 1)}, nil!=c * nil!=a * c!=a), #105491831049086: ({(c, 1)}, nil=a * c!=a), #105496508560967: ({(c, 1)}, nil=b * c!=b)
nil!=c * c->a' * I034(a, b, c, a') => I021(a,b,c) has base #2885994803885840: ({(c, 1), (b, 1)}, nil!=c * nil!=b * c!=b), #2900572145203962: ({(c, 1), (a, 1)}, nil!=c * nil!=a * c!=a), #105491831049086: ({(c, 1)}, nil=a * c!=a), #105496508560967: ({(c, 1)}, nil=b * c!=b)
nil!=b * I007(a, b) => I003(a,b) has base #98125054040801: ({(b, 1)}, nil!=b), #100650816466128: ({(b, 1)}, nil=a * b!=a), #2972879903239779: ({(b, 1), (a, 1)}, nil!=b * nil!=a * b!=a)
nil!=b * b->a' * I2011(a, b, c, d, e, a') => I664(a,b,c,d,e) has base #98125054040801: ({(b, 1)}, nil!=b)
nil!=b * b->a' * I337(a, b, c, d, a') => I088(a,b,c,d) has base #98125054040801: ({(b, 1)}, nil!=b)
nil!=b * b->a' * I013(a, b, a') => I007(a,b) has base #98125054040801: ({(b, 1)}, nil!=b), #2972879903239779: ({(b, 1), (a, 1)}, nil!=b * nil!=a * b!=a), #100650816466128: ({(b, 1)}, nil=a * b!=a)
nil!=a * I001(a) => ls(a) has base #113654613403038: ({(a, 1)}, nil!=a)
nil!=a * I3752(a, b, c, d, e, f, g) => I3725(a,b,c,d,e,f,g) has base #113654613403038: ({(a, 1)}, nil!=a)
nil!=a * a->a' * I10117(a, b, c, d, e, f, g, a') => I3752(a,b,c,d,e,f,g) has base #113654613403038: ({(a, 1)}, nil!=a)
nil!=a * a->a' * I3633(a, b, c, d, e, f, a') => I3623(a,b,c,d,e,f) has base #113654613403038: ({(a, 1)}, nil!=a)
nil!=a * a->a' * I003(a, a') => I001(a) has base #113654613403038: ({(a, 1)}, nil!=a)
f!=a * I3623(a, b, c, d, e, f) => I3573(a,b,c,d,e,f) has base #201596639862063: ({(a, 1)}, nil!=a * f!=a)
e!=b * I664(a, b, c, d, e) => I635(a,b,c,d,e) has base #190040835073346: ({(b, 1)}, nil!=b * e!=b)
d!=b * I088(a, b, c, d) => I047(a,b,c,d) has base #191417535153923: ({(b, 1)}, nil!=b * d!=b)
nil=h * I21093(a, b, c, d, e, f, g, h) => I21063(a,b,c,d,e,f,g,h) has base #96003947764129: ({}, nil=a * h=a), #115223535090582: ({(a, 1)}, nil=h * h!=a)
nil=g * I3725(a, b, c, d, e, f, g) => I3670(a,b,c,d,e,f,g) has base #118390661798822: ({(a, 1)}, nil=g * g!=a), #95983089686995: ({}, nil=a * g=a)
nil=f * I3573(a, b, c, d, e, f) => I3552(a,b,c,d,e,f) has base #95981757443679: ({}, nil=a * f=a), #115108669951402: ({(a, 1)}, nil=f * f!=a)
nil=e * I635(a, b, c, d, e) => I618(a,b,c,d,e) has base #97845367909634: ({(b, 1)}, nil=e * e!=b), #95816043489518: ({}, nil=b * e=b)
nil=d * I047(a, b, c, d) => I034(a,b,c,d) has base #103565923923964: ({(b, 1)}, nil=d * d!=b), #95838306854405: ({}, nil=b * d=b)
nil=c * I022(a, b, c) => I013(a,b,c) has base #89861602162295: ({}, nil=c)
nil=b * I008(a, b) => I003(a,b) has base #89867767163186: ({}, nil=b)
nil=a => ls(a) has base #89862923715478: ({}, nil=a)
nil=a => I3725(a,b,c,d,e,f,g) has base #89862923715478: ({}, nil=a)
f=a => I3573(a,b,c,d,e,f) has base #89862464709927: ({}, f=a)
e=b => I635(a,b,c,d,e) has base #89861572497571: ({}, e=b)
d=b => I047(a,b,c,d) has base #89875613417100: ({}, d=b)
SAT: All predicates have a non-empty base.

=== slsat-abduced01
$ cyclist sl satcheck -D benchmarks/slsat/cc/abduced01.defs -p -t 60
exit: 0
emp => I008(a,b) has base #89913012185347: ({}, emp)
I4675(a, b, c, d, e, f, h) => I27148(a,b,c,d,e,f,g,h) has base #111639380917722: ({(h, 1)}, nil=a * h!=a), #3116454264630913: ({(h, 1), (a, 1)}, nil!=h * nil!=a * h!=a)
I4676(h, b, c, d, e, f, g) => I10543(a,b,c,d,e,f,g,h) has base #110025179950498: ({(h, 1)}, nil!=h), #89862871870102: ({}, nil=h)
I4676(a, b, c, d, e, f, h) => I27149(a,b,c,d,e,f,g,h) has base #113654613403038: ({(a, 1)}, nil!=a), #89862923715478: ({}, nil=a)
I4524(g, b, c, d, e, f) => I4584(a,b,c,d,e,f,g) has base #89852721615365: ({}, g=f), #187794576727047: ({(g, 1)}, nil!=g * g!=f)
I799(a, f, c, d, e) => I2074(a,b,c,d,e,f) has base #172417568431539: ({(f, 1)}, nil!=f * f!=e), #89861750350020: ({}, f=e)
I047(a, e, c, d) => I341(a,b,c,d,e) has base #90110888040617: ({(e, 1)}, nil!=e), #89866529555409: ({}, nil=e)
I008(b, c) => I022(a,b,c) has base #89913012185347: ({}, emp)
nil!=h * I27148(a, b, c, d, e, f, g, h) => I27119(a,b,c,d,e,f,g,h) has base #111639380917722: ({(h, 1)}, nil=a * h!=a), #3116454264630913: ({(h, 1), (a, 1)}, nil!=h * nil!=a * h!=a)
nil!=g * I4675(a, b, c, d, e, f, g) => I4621(a,b,c,d,e,f,g) has base #99147432477703: ({(g, 1)}, nil=a * g!=a), #2965703219560226: ({(g, 1), (a, 1)}, nil!=g * nil!=a * g!=a)
nil!=g * g->a' * I27119(a, b, c, d, e, f, g, a') => I4675(a,b,c,d,e,f,g) has base #99147432477703: ({(g, 1)}, nil=a * g!=a), #2965703219560226: ({(g, 1), (a, 1)}, nil!=g * nil!=a * g!=a)
nil!=f * I4523(a, b, c, d, e, f) => I4503(a,b,c,d,e,f) has base #2861566061333646: ({(f, 1), (a, 1)}, nil!=f * nil!=a * f!=a), #89825014796177: ({(f, 1)}, nil=a * f!=a)
nil!=f * f->a' * I4621(a, b, c, d, e, f, a') => I4523(a,b,c,d,e,f) has base #2861566061333646: ({(f, 1), (a, 1)}, nil!=f * nil!=a * f!=a), #89825014796177: ({(f, 1)}, nil=a * f!=a)
nil!=e * I798(a, b, c, d, e) => I782(a,b,c,d,e) has base #2861969587181394: ({(e, 1), (a, 1)}, nil!=e * nil!=a * e!=a), #92649965253639: ({(e, 1)}, nil=a * e!=a)
nil!=e * e->a' * I4503(a, b, c, d, e, a') => I798(a,b,c,d,e) has base #2861969587181394: ({(e, 1), (a, 1)}, nil!=e * nil!=a * e!=a), #92649965253639: ({(e, 1)}, nil=a * e!=a)
nil!=d * I046(a, b, c, d) => I034(a,b,c,d) has base #120916699843223: ({(d, 1)}, nil=a * d!=a), #3096914140512353: ({(d, 1), (b, 1)}, nil!=d * nil!=b * d!=b), #120475412118474: ({(d, 1)}, nil=b * d!=b), #3116894315337522: ({(d, 1), (a, 1)}, nil!=d * nil!=a * d!=a)
nil!=d * d->a' * I782(a, b, c, d, a') => I046(a,b,c,d) has base #120916699843223: ({(d, 1)}, nil=a * d!=a), #3096914140512353: ({(d, 1), (b, 1)}, nil!=d * nil!=b * d!=b), #120475412118474: ({(d, 1)}, nil=b * d!=b), #3116894315337522: ({(d, 1), (a, 1)}, nil!=d * nil!=a * d!=a)
nil!=c * I021(a, b, c) => I013(a,b,c) has base #2885994803885840: ({(c, 1), (b, 1)}, nil!=c * nil!=b * c!=b), #2900572145203962: ({(c, 1), (a, 1)}, nil!=c * nil!=a * c!=a), #105491831049086: ({(c, 1)}, nil=a * c!=a), #105496508560967: ({(c, 1)}, nil=b * c!=b)
nil!=c * c->a' * I034(a, b, c, a') => I021(a,b,c) has base #2885994803885840: ({(c, 1), (b, 1)}, nil!=c * nil!=b * c!=b), #2900572145203962: ({(c, 1), (a, 1)}, nil!=c * nil!=a * c!=a), #105491831049086: ({(c, 1)}, nil=a * c!=a), #105496508560967: ({(c, 1)}, nil=b * c!=b)
nil!=b * I088(a, b, c, d) => I047(a,b,c,d) has base #98125054040801: ({(b, 1)}, nil!=b)
nil!=b * I007(a, b) => I003(a,b) has base #98125054040801: ({(b, 1)}, nil!=b), #100650816466128: ({(b, 1)}, nil=a * b!=a), #2972879903239779: ({(b, 1), (a, 1)}, nil!=b * nil!=a * b!=a)
nil!=b * b->a' * I2074(a, b, c, d, e, a') => I833(a,b,c,d,e) has base #98125054040801: ({(b, 1)}, nil!=b)
nil!=b * b->a' * I341(a, b, c, d, a') => I088(a,b,c,d) has base #98125054040801: ({(b, 1)}, nil!=b)
nil!=b * b->a' * I013(a, b, a') => I007(a,b) has base #98125054040801: ({(b, 1)}, nil!=b), #2972879903239779: ({(b, 1), (a, 1)}, nil!=b * nil!=a * b!=a), #100650816466128: ({(b, 1)}, nil=a * b!=a)
nil!=a * I001(a) => ls(a) has base #113654613403038: ({(a, 1)}, nil!=a)
nil!=a * I4703(a, b, c, d, e, f, g) => I4676(a,b,c,d,e,f,g) has base #113654613403038: ({(a, 1)}, nil!=a)
nil!=a * a->a' * I10543(a, b, c, d, e, f, g, a') => I4703(a,b,c,d,e,f,g) has base #113654613403038: ({(a, 1)}, nil!=a)
nil!=a * a->a' * I4584(a, b, c, d, e, f, a') => I4574(a,b,c,d,e,f) has base #113654613403038: ({(a, 1)}, nil!=a)
nil!=a * a->a' * I003(a, a') => I001(a) has base #113654613403038: ({(a, 1)}, nil!=a)
f!=a * I4574(a, b, c, d, e, f) => I4524(a,b,c,d,e,f) has base #201596639862063: ({(a, 1)}, nil!=a * f!=a)
e!=b * I833(a, b, c, d, e) => I799(a,b,c,d,e) has base #190040835073346: ({(b, 1)}, nil!=b * e!=b)
nil=h * I27149(a, b, c, d, e, f, g, h) => I27119(a,b,c,d,e,f,g,h) has base #96003947764129: ({}, nil=a * h=a), #115223535090582: ({(a, 1)}, nil=h * h!=a)
nil=g * I4676(a, b, c, d, e, f, g) => I4621(a,b,c,d,e,f,g) has base #118390661798822: ({(a, 1)}, nil=g * g!=a), #95983089686995: ({}, nil=a * g=a)
nil=f * I4524(a, b, c, d, e, f) => I4503(a,b,c,d,e,f) has base #95981757443679: ({}, nil=a * f=a), #115108669951402: ({(a, 1)}, nil=f * f!=a)
nil=e * I799(a, b, c, d, e) => I782(a,b,c,d,e) has base #97845367909634: ({(b, 1)}, nil=e * e!=b), #95816043489518: ({}, nil=b * e=b)
nil=d * I047(a, b, c, d) => I034(a,b,c,d) has base #103565923923964: ({(b, 1)}, nil=d * d!=b), #95838306854405: ({}, nil=b * d=b)
nil=c * I022(a, b, c) => I013(a,b,c) has base #89861602162295: ({}, nil=c)
nil=b => I047(a,b,c,d) has base #89867767163186: ({}, nil=b)
nil=b * I008(a, b) => I003(a,b) has base #89867767163186: ({}, nil=b)
nil=a => ls(a) has base #89862923715478: ({}, nil=a)
nil=a => I4676(a,b,c,d,e,f,g) has base #89862923715478: ({}, nil=a)
f=a => I4524(a,b,c,d,e,f) has base #89862464709927: ({}, f=a)
e=b => I799(a,b,c,d,e) has base #89861572497571: ({}, e=b)
SAT: All predicates have a non-empty base.

=== slsat-abduced02
$ cyclist sl satcheck -D benchmarks/slsat/cc/abduced02.defs -p -t 60
exit: 0
emp => I008(a,b) has base #89913012185347: ({}, emp)
I2783(a, b, c, d, e, f, h) => I79311(a,b,c,d,e,f,g,h) has base #3092060766326971: ({(h, 1), (b, 1)}, nil!=h * nil!=b * h!=b), #111647921885399: ({(h, 1)}, nil=b * h!=b), #95837805911536: ({}, nil=b * h=b), #98319746045919: ({(b, 1)}, nil=h * h!=b)
I2835(a, h, c, d, e, f, g) => I50053(a,b,c,d,e,f,g,h) has base #89877372418904: ({}, h=g), #204041987786773: ({(h, 1)}, nil!=h * h!=g)
I2697(g, b, c, d, e, f) => I2749(a,b,c,d,e,f,g) has base #89852721615365: ({}, g=f), #187794576727047: ({(g, 1)}, nil!=g * g!=f)
I483(a, f, c, d, e) => I1956(a,b,c,d,e,f) has base #172417568431539: ({(f, 1)}, nil!=f * f!=e), #89861750350020: ({}, f=e)
I008(c, d) => I047(a,b,c,d) has base #89913012185347: ({}, emp)
I008(b, c) => I022(a,b,c) has base #89913012185347: ({}, emp)
nil!=g * I2834(a, b, c, d, e, f, g) => I2783(a,b,c,d,e,f,g) has base #2951730739756395: ({(g, 1), (b, 1)}, nil!=g * nil!=b * g!=b), #99028562189382: ({(g, 1)}, nil=b * g!=b)
nil!=g * g->a' * I79311(a, b, c, d, e, f, g, a') => I2834(a,b,c,d,e,f,g) has base #2951730739756395: ({(g, 1), (b, 1)}, nil!=g * nil!=b * g!=b), #99028562189382: ({(g, 1)}, nil=b * g!=b)
nil!=f * I2696(a, b, c, d, e, f) => I2676(a,b,c,d,e,f) has base #2844964273045409: ({(f, 1), (b, 1)}, nil!=f * nil!=b * f!=b), #93145972722640: ({(f, 1)}, nil=b * f!=b)
nil!=f * f->a' * I2783(a, b, c, d, e, f, a') => I2696(a,b,c,d,e,f) has base #2844964273045409: ({(f, 1), (b, 1)}, nil!=f * nil!=b * f!=b), #93145972722640: ({(f, 1)}, nil=b * f!=b)
nil!=e * I482(a, b, c, d, e) => I466(a,b,c,d,e) has base #2946899676668452: ({(e, 1), (b, 1)}, nil!=e * nil!=b * e!=b), #2861969587181394: ({(e, 1), (a, 1)}, nil!=e * nil!=a * e!=a), #92649965253639: ({(e, 1)}, nil=a * e!=a), #89391620608422: ({(e, 1)}, nil=b * e!=b)
nil!=e * e->a' * I2676(a, b, c, d, e, a') => I482(a,b,c,d,e) has base #2946899676668452: ({(e, 1), (b, 1)}, nil!=e * nil!=b * e!=b), #2861969587181394: ({(e, 1), (a, 1)}, nil!=e * nil!=a * e!=a), #92649965253639: ({(e, 1)}, nil=a * e!=a), #89391620608422: ({(e, 1)}, nil=b * e!=b)
nil!=d * I046(a, b, c, d) => I034(a,b,c,d) has base #120916699843223: ({(d, 1)}, nil=a * d!=a), #3096914140512353: ({(d, 1), (b, 1)}, nil!=d * nil!=b * d!=b), #120475412118474: ({(d, 1)}, nil=b * d!=b), #3116894315337522: ({(d, 1), (a, 1)}, nil!=d * nil!=a * d!=a)
nil!=d * d->a' * I466(a, b, c, d, a') => I046(a,b,c,d) has base #120916699843223: ({(d, 1)}, nil=a * d!=a), #3096914140512353: ({(d, 1), (b, 1)}, nil!=d * nil!=b * d!=b), #120475412118474: ({(d, 1)}, nil=b * d!=b), #3116894315337522: ({(d, 1), (a, 1)}, nil!=d * nil!=a * d!=a)
nil!=c * I021(a, b, c) => I013(a,b,c) has base #104915620748399: ({(c, 1)}, nil!=c), #2885994803885840: ({(c, 1), (b, 1)}, nil!=c * nil!=b * c!=b), #2900572145203962: ({(c, 1), (a, 1)}, nil!=c * nil!=a * c!=a), #105491831049086: ({(c, 1)}, nil=a * c!=a), #105496508560967: ({(c, 1)}, nil=b * c!=b)
nil!=c * c->a' * I034(a, b, c, a') => I021(a,b,c) has base #104915620748399: ({(c, 1)}, nil!=c), #2885994803885840: ({(c, 1), (b, 1)}, nil!=c * nil!=b * c!=b), #2900572145203962: ({(c, 1), (a, 1)}, nil!=c * nil!=a * c!=a), #105491831049086: ({(c, 1)}, nil=a * c!=a), #105496508560967: ({(c, 1)}, nil=b * c!=b)
nil!=b * I007(a, b) => I003(a,b) has base #98125054040801: ({(b, 1)}, nil!=b), #100650816466128: ({(b, 1)}, nil=a * b!=a), #2972879903239779: ({(b, 1), (a, 1)}, nil!=b * nil!=a * b!=a)
nil!=b * b->a' * I50053(a, b, c, d, e, f, g, a') => I15080(a,b,c,d,e,f,g) has base #98125054040801: ({(b, 1)}, nil!=b)
nil!=b * b->a' * I1956(a, b, c, d, e, a') => I510(a,b,c,d,e) has base #98125054040801: ({(b, 1)}, nil!=b)
nil!=b * b->a' * I013(a, b, a') => I007(a,b) has base #98125054040801: ({(b, 1)}, nil!=b), #2972879903239779: ({(b, 1), (a, 1)}, nil!=b * nil!=a * b!=a), #100650816466128: ({(b, 1)}, nil=a * b!=a)
nil!=a * I001(a) => ls(a) has base #113654613403038: ({(a, 1)}, nil!=a)
nil!=a * a->a' * I2749(a, b, c, d, e, f, a') => I2740(a,b,c,d,e,f) has base #113654613403038: ({(a, 1)}, nil!=a)
nil!=a * a->a' * I003(a, a') => I001(a) has base #113654613403038: ({(a, 1)}, nil!=a)
g!=b * I15080(a, b, c, d, e, f, g) => I2835(a,b,c,d,e,f,g) has base #190102679153109: ({(b, 1)}, nil!=b * g!=b)
f!=a * I2740(a, b, c, d, e, f) => I2697(a,b,c,d,e,f) has base #201596639862063: ({(a, 1)}, nil!=a * f!=a)
e!=b * I510(a, b, c, d, e) => I483(a,b,c,d,e) has base #190040835073346: ({(b, 1)}, nil!=b * e!=b)
nil=g * I2835(a, b, c, d, e, f, g) => I2783(a,b,c,d,e,f,g) has base #95813907730210: ({}, nil=b * g=b), #100677652862353: ({(b, 1)}, nil=g * g!=b)
nil=f * I2697(a, b, c, d, e, f) => I2676(a,b,c,d,e,f) has base #95981757443679: ({}, nil=a * f=a), #115108669951402: ({(a, 1)}, nil=f * f!=a)
nil=e * I483(a, b, c, d, e) => I466(a,b,c,d,e) has base #97845367909634: ({(b, 1)}, nil=e * e!=b), #95816043489518: ({}, nil=b * e=b)
nil=d * I047(a, b, c, d) => I034(a,b,c,d) has base #89863018653091: ({}, nil=d)
nil=c * I022(a, b, c) => I013(a,b,c) has base #89861602162295: ({}, nil=c)
nil=b * I008(a, b) => I003(a,b) has base #89867767163186: ({}, nil=b)
nil=a => ls(a) has base #89862923715478: ({}, nil=a)
g=b => I2835(a,b,c,d,e,f,g) has base #89855107904231: ({}, g=b)
f=a => I2697(a,b,c,d,e,f) has base #89862464709927: ({}, f=a)
e=b => I483(a,b,c,d,e) has base #89861572497571: ({}, e=b)
SAT: All predicates have a non-empty base.

=== slsat-abduced03
$ cyclist sl satcheck -D benchmarks/slsat/cc/abduced03.defs -p -t 60
exit: 0
emp => I008(a,b) has base #89913012185347: ({}, emp)
I15578(a, b, c, d, e, f, g, i) => I82319(a,b,c,d,e,f,g,h,i) has base #109315164614889: ({(i, 1)}, nil=a * i!=a), #3108257910976845: ({(i, 1), (a, 1)}, nil!=i * nil!=a * i!=a)
I15579(i, b, c, d, e, f, g, h) => I50270(a,b,c,d,e,f,g,h,i) has base #89862881252040: ({}, nil=i), #109736653486992: ({(i, 1)}, nil!=i)
I15579(a, b, c, d, e, f, g, i) => I82320(a,b,c,d,e,f,g,h,i) has base #113654613403038: ({(a, 1)}, nil!=a), #89862923715478: ({}, nil=a)
I15397(h, b, c, d, e, f, g) => I15471(a,b,c,d,e,f,g,h) has base #89877372418904: ({}, h=g), #204041987786773: ({(h, 1)}, nil!=h * h!=g)
I2907(a, g, c, d, e, f) => I9735(a,b,c,d,e,f,g) has base #89852721615365: ({}, g=f), #187794576727047: ({(g, 1)}, nil!=g * g!=f)
I483(a, f, c, d, e) => I1962(a,b,c,d,e,f) has base #90592685995237: ({(f, 1)}, nil!=f), #89866518583556: ({}, nil=f)
I008(c, d) => I047(a,b,c,d) has base #89913012185347: ({}, emp)
I008(b, c) => I022(a,b,c) has base #89913012185347: ({}, emp)
nil!=i * I82319(a, b, c, d, e, f, g, h, i) => I82286(a,b,c,d,e,f,g,h,i) has base #109315164614889: ({(i, 1)}, nil=a * i!=a), #3108257910976845: ({(i, 1), (a, 1)}, nil!=i * nil!=a * i!=a)
nil!=h * I15578(a, b, c, d, e, f, g, h) => I15515(a,b,c,d,e,f,g,h) has base #111639380917722: ({(h, 1)}, nil=a * h!=a), #3116454264630913: ({(h, 1), (a, 1)}, nil!=h * nil!=a * h!=a)
nil!=h * h->a' * I82286(a, b, c, d, e, f, g, h, a') => I15578(a,b,c,d,e,f,g,h) has base #111639380917722: ({(h, 1)}, nil=a * h!=a), #3116454264630913: ({(h, 1), (a, 1)}, nil!=h * nil!=a * h!=a)
nil!=g * I15396(a, b, c, d, e, f, g) => I15372(a,b,c,d,e,f,g) has base #99147432477703: ({(g, 1)}, nil=a * g!=a), #2965703219560226: ({(g, 1), (a, 1)}, nil!=g * nil!=a * g!=a)
nil!=g * g->a' * I15515(a, b, c, d, e, f, g, a') => I15396(a,b,c,d,e,f,g) has base #99147432477703: ({(g, 1)}, nil=a * g!=a), #2965703219560226: ({(g, 1), (a, 1)}, nil!=g * nil!=a * g!=a)
nil!=f * I2906(a, b, c, d, e, f) => I2886(a,b,c,d,e,f) has base #2861566061333646: ({(f, 1), (a, 1)}, nil!=f * nil!=a * f!=a), #89825014796177: ({(f, 1)}, nil=a * f!=a)
nil!=f * f->a' * I15372(a, b, c, d, e, f, a') => I2906(a,b,c,d,e,f) has base #2861566061333646: ({(f, 1), (a, 1)}, nil!=f * nil!=a * f!=a), #89825014796177: ({(f, 1)}, nil=a * f!=a)
nil!=e * I482(a, b, c, d, e) => I466(a,b,c,d,e) has base #2946899676668452: ({(e, 1), (b, 1)}, nil!=e * nil!=b * e!=b), #2861969587181394: ({(e, 1), (a, 1)}, nil!=e * nil!=a * e!=a), #92649965253639: ({(e, 1)}, nil=a * e!=a), #89391620608422: ({(e, 1)}, nil=b * e!=b)
nil!=e * e->a' * I2886(a, b, c, d, e, a') => I482(a,b,c,d,e) has base #2946899676668452: ({(e, 1), (b, 1)}, nil!=e * nil!=b * e!=b), #2861969587181394: ({(e, 1), (a, 1)}, nil!=e * nil!=a * e!=a), #92649965253639: ({(e, 1)}, nil=a * e!=a), #89391620608422: ({(e, 1)}, nil=b * e!=b)
nil!=d * I046(a, b, c, d) => I034(a,b,c,d) has base #120916699843223: ({(d, 1)}, nil=a * d!=a), #3096914140512353: ({(d, 1), (b, 1)}, nil!=d * nil!=b * d!=b), #120475412118474: ({(d, 1)}, nil=b * d!=b), #3116894315337522: ({(d, 1), (a, 1)}, nil!=d * nil!=a * d!=a)
nil!=d * d->a' * I466(a, b, c, d, a') => I046(a,b,c,d) has base #120916699843223: ({(d, 1)}, nil=a * d!=a), #3096914140512353: ({(d, 1), (b, 1)}, nil!=d * nil!=b * d!=b), #120475412118474: ({(d, 1)}, nil=b * d!=b), #3116894315337522: ({(d, 1), (a, 1)}, nil!=d * nil!=a * d!=a)
nil!=c * I021(a, b, c) => I013(a,b,c) has base #104915620748399: ({(c, 1)}, nil!=c), #2885994803885840: ({(c, 1), (b, 1)}, nil!=c * nil!=b * c!=b), #2900572145203962: ({(c, 1), (a, 1)}, nil!=c * nil!=a * c!=a), #105491831049086: ({(c, 1)}, nil=a * c!=a), #105496508560967: ({(c, 1)}, nil=b * c!=b)
nil!=c * c->a' * I034(a, b, c, a') => I021(a,b,c) has base #104915620748399: ({(c, 1)}, nil!=c), #2885994803885840: ({(c, 1), (b, 1)}, nil!=c * nil!=b * c!=b), #2900572145203962: ({(c, 1), (a, 1)}, nil!=c * nil!=a * c!=a), #105491831049086: ({(c, 1)}, nil=a * c!=a), #105496508560967: ({(c, 1)}, nil=b * c!=b)
nil!=b * I510(a, b, c, d, e) => I483(a,b,c,d,e) has base #98125054040801: ({(b, 1)}, nil!=b)
nil!=b * I007(a, b) => I003(a,b) has base #98125054040801: ({(b, 1)}, nil!=b), #100650816466128: ({(b, 1)}, nil=a * b!=a), #2972879903239779: ({(b, 1), (a, 1)}, nil!=b * nil!=a * b!=a)
nil!=b * b->a' * I9735(a, b, c, d, e, f, a') => I2953(a,b,c,d,e,f) has base #98125054040801: ({(b, 1)}, nil!=b)
nil!=b * b->a' * I1962(a, b, c, d, e, a') => I510(a,b,c,d,e) has base #98125054040801: ({(b, 1)}, nil!=b)
nil!=b * b->a' * I013(a, b, a') => I007(a,b) has base #98125054040801: ({(b, 1)}, nil!=b), #2972879903239779: ({(b, 1), (a, 1)}, nil!=b * nil!=a * b!=a), #100650816466128: ({(b, 1)}, nil=a * b!=a)
nil!=a * I001(a) => ls(a) has base #113654613403038: ({(a, 1)}, nil!=a)
nil!=a * I15611(a, b, c, d, e, f, g, h) => I15579(a,b,c,d,e,f,g,h) has base #113654613403038: ({(a, 1)}, nil!=a)
nil!=a * a->a' * I50270(a, b, c, d, e, f, g, h, a') => I15611(a,b,c,d,e,f,g,h) has base #113654613403038: ({(a, 1)}, nil!=a)
nil!=a * a->a' * I15471(a, b, c, d, e, f, g, a') => I15459(a,b,c,d,e,f,g) has base #113654613403038: ({(a, 1)}, nil!=a)
nil!=a * a->a' * I003(a, a') => I001(a) has base #113654613403038: ({(a, 1)}, nil!=a)
g!=a * I15459(a, b, c, d, e, f, g) => I15397(a,b,c,d,e,f,g) has base #201688242529078: ({(a, 1)}, nil!=a * g!=a)
f!=b * I2953(a, b, c, d, e, f) => I2907(a,b,c,d,e,f) has base #190053782223410: ({(b, 1)}, nil!=b * f!=b)
nil=i * I82320(a, b, c, d, e, f, g, h, i) => I82286(a,b,c,d,e,f,g,h,i) has base #96005204902834: ({}, nil=a * i=a), #114611484606524: ({(a, 1)}, nil=i * i!=a)
nil=h * I15579(a, b, c, d, e, f, g, h) => I15515(a,b,c,d,e,f,g,h) has base #96003947764129: ({}, nil=a * h=a), #115223535090582: ({(a, 1)}, nil=h * h!=a)
nil=g * I15397(a, b, c, d, e, f, g) => I15372(a,b,c,d,e,f,g) has base #118390661798822: ({(a, 1)}, nil=g * g!=a), #95983089686995: ({}, nil=a * g=a)
nil=f * I2907(a, b, c, d, e, f) => I2886(a,b,c,d,e,f) has base #100606686066311: ({(b, 1)}, nil=f * f!=b), #95812348973742: ({}, nil=b * f=b)
nil=e * I483(a, b, c, d, e) => I466(a,b,c,d,e) has base #97845367909634: ({(b, 1)}, nil=e * e!=b), #95816043489518: ({}, nil=b * e=b)
nil=d * I047(a, b, c, d) => I034(a,b,c,d) has base #89863018653091: ({}, nil=d)
nil=c * I022(a, b, c) => I013(a,b,c) has base #89861602162295: ({}, nil=c)
nil=b => I483(a,b,c,d,e) has base #89867767163186: ({}, nil=b)
nil=b * I008(a, b) => I003(a,b) has base #89867767163186: ({}, nil=b)
nil=a => ls(a) has base #89862923715478: ({}, nil=a)
nil=a => I15579(a,b,c,d,e,f,g,h) has base #89862923715478: ({}, nil=a)
g=a => I15397(a,b,c,d,e,f,g) has base #89858927946147: ({}, g=a)
f=b => I2907(a,b,c,d,e,f) has base #89856671397731: ({}, f=b)
SAT: All predicates have a non-empty base.

=== slsat-abduced04
$ cyclist sl satcheck -D benchmarks/slsat/cc/abduced04.defs -p -t 60
exit: 0
emp => I008(a,b) has base #89913012185347: ({}, emp)
I15960(a, b, c, d, e, f, g, i) => I84896(a,b,c,d,e,f,g,h,i) has base #96005204902834: ({}, nil=a * i=a), #114611484606524: ({(a, 1)}, nil=i * i!=a), #109315164614889: ({(i, 1)}, nil=a * i!=a), #3108257910976845: ({(i, 1), (a, 1)}, nil!=i * nil!=a * i!=a)
I16022(i, b, c, d, e, f, g, h) => I50464(a,b,c,d,e,f,g,h,i) has base #201708128706847: ({(i, 1)}, nil!=i * i!=h), #89877392451704: ({}, i=h)
I3023(h, b, c, d, e, f, g) => I9762(a,b,c,d,e,f,g,h) has base #89877372418904: ({}, h=g), #204041987786773: ({(h, 1)}, nil!=h * h!=g)
I2907(g, b, c, d, e, f) => I2964(a,b,c,d,e,f,g) has base #89852721615365: ({}, g=f), #187794576727047: ({(g, 1)}, nil!=g * g!=f)
I483(a, f, c, d, e) => I1962(a,b,c,d,e,f) has base #90592685995237: ({(f, 1)}, nil!=f), #89866518583556: ({}, nil=f)
I008(c, d) => I047(a,b,c,d) has base #89913012185347: ({}, emp)
I008(b, c) => I022(a,b,c) has base #89913012185347: ({}, emp)
nil!=h * I16021(a, b, c, d, e, f, g, h) => I15960(a,b,c,d,e,f,g,h) has base #111639380917722: ({(h, 1)}, nil=a * h!=a), #3116454264630913: ({(h, 1), (a, 1)}, nil!=h * nil!=a * h!=a)
nil!=h * h->a' * I84896(a, b, c, d, e, f, g, h, a') => I16021(a,b,c,d,e,f,g,h) has base #111639380917722: ({(h, 1)}, nil=a * h!=a), #3116454264630913: ({(h, 1), (a, 1)}, nil!=h * nil!=a * h!=a)
nil!=g * I3022(a, b, c, d, e, f, g) => I2998(a,b,c,d,e,f,g) has base #99147432477703: ({(g, 1)}, nil=a * g!=a), #2965703219560226: ({(g, 1), (a, 1)}, nil!=g * nil!=a * g!=a)
nil!=g * g->a' * I15960(a, b, c, d, e, f, g, a') => I3022(a,b,c,d,e,f,g) has base #99147432477703: ({(g, 1)}, nil=a * g!=a), #2965703219560226: ({(g, 1), (a, 1)}, nil!=g * nil!=a * g!=a)
nil!=f * I2906(a, b, c, d, e, f) => I2886(a,b,c,d,e,f) has base #2861566061333646: ({(f, 1), (a, 1)}, nil!=f * nil!=a * f!=a), #89825014796177: ({(f, 1)}, nil=a * f!=a)
nil!=f * f->a' * I2998(a, b, c, d, e, f, a') => I2906(a,b,c,d,e,f) has base #2861566061333646: ({(f, 1), (a, 1)}, nil!=f * nil!=a * f!=a), #89825014796177: ({(f, 1)}, nil=a * f!=a)
nil!=e * I482(a, b, c, d, e) => I466(a,b,c,d,e) has base #2861969587181394: ({(e, 1), (a, 1)}, nil!=e * nil!=a * e!=a), #92649965253639: ({(e, 1)}, nil=a * e!=a)
nil!=e * e->a' * I2886(a, b, c, d, e, a') => I482(a,b,c,d,e) has base #2861969587181394: ({(e, 1), (a, 1)}, nil!=e * nil!=a * e!=a), #92649965253639: ({(e, 1)}, nil=a * e!=a)
nil!=d * I046(a, b, c, d) => I034(a,b,c,d) has base #120916699843223: ({(d, 1)}, nil=a * d!=a), #3096914140512353: ({(d, 1), (b, 1)}, nil!=d * nil!=b * d!=b), #120475412118474: ({(d, 1)}, nil=b * d!=b), #3116894315337522: ({(d, 1), (a, 1)}, nil!=d * nil!=a * d!=a)
nil!=d * d->a' * I466(a, b, c, d, a') => I046(a,b,c,d) has base #120916699843223: ({(d, 1)}, nil=a * d!=a), #3096914140512353: ({(d, 1), (b, 1)}, nil!=d * nil!=b * d!=b), #120475412118474: ({(d, 1)}, nil=b * d!=b), #3116894315337522: ({(d, 1), (a, 1)}, nil!=d * nil!=a * d!=a)
nil!=c * I021(a, b, c) => I013(a,b,c) has base #104915620748399: ({(c, 1)}, nil!=c), #2885994803885840: ({(c, 1), (b, 1)}, nil!=c * nil!=b * c!=b), #2900572145203962: ({(c, 1), (a, 1)}, nil!=c * nil!=a * c!=a), #105491831049086: ({(c, 1)}, nil=a * c!=a), #105496508560967: ({(c, 1)}, nil=b * c!=b)
nil!=c * c->a' * I034(a, b, c, a') => I021(a,b,c) has base #104915620748399: ({(c, 1)}, nil!=c), #2900572145203962: ({(c, 1), (a, 1)}, nil!=c * nil!=a * c!=a), #2885994803885840: ({(c, 1), (b, 1)}, nil!=c * nil!=b * c!=b), #105491831049086: ({(c, 1)}, nil=a * c!=a), #105496508560967: ({(c, 1)}, nil=b * c!=b)
nil!=b * I510(a, b, c, d, e) => I483(a,b,c,d,e) has base #98125054040801: ({(b, 1)}, nil!=b)
nil!=b * I007(a, b) => I003(a,b) has base #98125054040801: ({(b, 1)}, nil!=b), #100650816466128: ({(b, 1)}, nil=a * b!=a), #2972879903239779: ({(b, 1), (a, 1)}, nil!=b * nil!=a * b!=a)
nil!=b * b->a' * I1962(a, b, c, d, e, a') => I510(a,b,c,d,e) has base #98125054040801: ({(b, 1)}, nil!=b)
nil!=b * b->a' * I013(a, b, a') => I007(a,b) has base #98125054040801: ({(b, 1)}, nil!=b), #2972879903239779: ({(b, 1), (a, 1)}, nil!=b * nil!=a * b!=a), #100650816466128: ({(b, 1)}, nil=a * b!=a)
nil!=a * I001(a) => ls(a) has base #113654613403038: ({(a, 1)}, nil!=a)
nil!=a * a->a' * I50464(a, b, c, d, e, f, g, h, a') => I16052(a,b,c,d,e,f,g,h) has base #113654613403038: ({(a, 1)}, nil!=a)
nil!=a * a->a' * I9762(a, b, c, d, e, f, g, a') => I3047(a,b,c,d,e,f,g) has base #113654613403038: ({(a, 1)}, nil!=a)
nil!=a * a->a' * I2964(a, b, c, d, e, f, a') => I2955(a,b,c,d,e,f) has base #113654613403038: ({(a, 1)}, nil!=a)
nil!=a * a->a' * I003(a, a') => I001(a) has base #113654613403038: ({(a, 1)}, nil!=a)
h!=a * I16052(a, b, c, d, e, f, g, h) => I16022(a,b,c,d,e,f,g,h) has base #207749126508132: ({(a, 1)}, nil!=a * h!=a)
g!=a * I3047(a, b, c, d, e, f, g) => I3023(a,b,c,d,e,f,g) has base #201688242529078: ({(a, 1)}, nil!=a * g!=a)
f!=a * I2955(a, b, c, d, e, f) => I2907(a,b,c,d,e,f) has base #201596639862063: ({(a, 1)}, nil!=a * f!=a)
nil=h * I16022(a, b, c, d, e, f, g, h) => I15960(a,b,c,d,e,f,g,h) has base #96003947764129: ({}, nil=a * h=a), #115223535090582: ({(a, 1)}, nil=h * h!=a)
nil=g * I3023(a, b, c, d, e, f, g) => I2998(a,b,c,d,e,f,g) has base #118390661798822: ({(a, 1)}, nil=g * g!=a), #95983089686995: ({}, nil=a * g=a)
nil=f * I2907(a, b, c, d, e, f) => I2886(a,b,c,d,e,f) has base #95981757443679: ({}, nil=a * f=a), #115108669951402: ({(a, 1)}, nil=f * f!=a)
nil=e * I483(a, b, c, d, e) => I466(a,b,c,d,e) has base #97845367909634: ({(b, 1)}, nil=e * e!=b), #95816043489518: ({}, nil=b * e=b)
nil=d * I047(a, b, c, d) => I034(a,b,c,d) has base #89863018653091: ({}, nil=d)
nil=c * I022(a, b, c) => I013(a,b,c) has base #89861602162295: ({}, nil=c)
nil=b => I483(a,b,c,d,e) has base #89867767163186: ({}, nil=b)
nil=b * I008(a, b) => I003(a,b) has base #89867767163186: ({}, nil=b)
nil=a => ls(a) has base #89862923715478: ({}, nil=a)
h=a => I16022(a,b,c,d,e,f,g,h) has base #89879804376677: ({}, h=a)
g=a => I3023(a,b,c,d,e,f,g) has base #89858927946147: ({}, g=a)
f=a => I2907(a,b,c,d,e,f) has base #89862464709927: ({}, f=a)
SAT: All predicates have a non-empty base.

=== slsat-abduced05
$ cyclist sl satcheck -D benchmarks/slsat/cc/abduced05.defs -p -t 60
exit: 0
emp => I008(a,b) has base #89913012185347: ({}, emp)
I32454(a, b, c, d, e, f, g, j) => I172718(a,b,c,d,e,f,g,h,i,j) has base #2902158673347005: ({(j, 1), (a, 1)}, nil!=j * nil!=a * j!=a), #96008985540868: ({}, nil=a * j=a), #118221954369654: ({(a, 1)}, nil=j * j!=a), #105097151302650: ({(j, 1)}, nil=a * j!=a)
I32519(i, b, c, d, e, f, g, h) => I57446(a,b,c,d,e,f,g,h,i) has base #201708128706847: ({(i, 1)}, nil!=i * i!=h), #89877392451704: ({}, i=h)
I32519(a, b, c, d, e, f, g, i) => I172663(a,b,c,d,e,f,g,h,i) has base #89877405990776: ({}, i=a), #207756693590809: ({(a, 1)}, nil!=a * i!=a)
I32328(h, b, c, d, e, f, g) => I32409(a,b,c,d,e,f,g,h) has base #89877372418904: ({}, h=g), #204041987786773: ({(h, 1)}, nil!=h * h!=g)
I5469(a, g, c, d, e, f) => I10900(a,b,c,d,e,f,g) has base #96646068134227: ({(g, 1)}, nil!=g), #89867808510727: ({}, nil=g)
I123(a, f, c, d, e) => I2134(a,b,c,d,e,f) has base #172417568431539: ({(f, 1)}, nil!=f * f!=e), #89861750350020: ({}, f=e)
I047(e, b, c, d) => I060(a,b,c,d,e) has base #89856622744720: ({}, e=d), #171946047286466: ({(e, 1)}, nil!=e * e!=d)
I008(b, c) => I022(a,b,c) has base #89913012185347: ({}, emp)
nil!=i * I172662(a, b, c, d, e, f, g, h, i) => I172629(a,b,c,d,e,f,g,h,i) has base #109315164614889: ({(i, 1)}, nil=a * i!=a), #3108257910976845: ({(i, 1), (a, 1)}, nil!=i * nil!=a * i!=a)
nil!=i * i->a' * I172718(a, b, c, d, e, f, g, h, i, a') => I172662(a,b,c,d,e,f,g,h,i) has base #109315164614889: ({(i, 1)}, nil=a * i!=a), #3108257910976845: ({(i, 1), (a, 1)}, nil!=i * nil!=a * i!=a)
nil!=h * I32518(a, b, c, d, e, f, g, h) => I32454(a,b,c,d,e,f,g,h) has base #111639380917722: ({(h, 1)}, nil=a * h!=a), #3116454264630913: ({(h, 1), (a, 1)}, nil!=h * nil!=a * h!=a)
nil!=h * h->a' * I172629(a, b, c, d, e, f, g, h, a') => I32518(a,b,c,d,e,f,g,h) has base #111639380917722: ({(h, 1)}, nil=a * h!=a), #3116454264630913: ({(h, 1), (a, 1)}, nil!=h * nil!=a * h!=a)
nil!=g * I32327(a, b, c, d, e, f, g) => I32303(a,b,c,d,e,f,g) has base #99147432477703: ({(g, 1)}, nil=a * g!=a), #2965703219560226: ({(g, 1), (a, 1)}, nil!=g * nil!=a * g!=a)
nil!=g * g->a' * I32454(a, b, c, d, e, f, g, a') => I32327(a,b,c,d,e,f,g) has base #99147432477703: ({(g, 1)}, nil=a * g!=a), #2965703219560226: ({(g, 1), (a, 1)}, nil!=g * nil!=a * g!=a)
nil!=f * I5468(a, b, c, d, e, f) => I5448(a,b,c,d,e,f) has base #2861566061333646: ({(f, 1), (a, 1)}, nil!=f * nil!=a * f!=a), #89825014796177: ({(f, 1)}, nil=a * f!=a)
nil!=f * f->a' * I32303(a, b, c, d, e, f, a') => I5468(a,b,c,d,e,f) has base #2861566061333646: ({(f, 1), (a, 1)}, nil!=f * nil!=a * f!=a), #89825014796177: ({(f, 1)}, nil=a * f!=a)
nil!=e * I122(a, b, c, d, e) => I106(a,b,c,d,e) has base #2946899676668452: ({(e, 1), (b, 1)}, nil!=e * nil!=b * e!=b), #2861969587181394: ({(e, 1), (a, 1)}, nil!=e * nil!=a * e!=a), #92649965253639: ({(e, 1)}, nil=a * e!=a), #89391620608422: ({(e, 1)}, nil=b * e!=b)
nil!=e * e->a' * I5448(a, b, c, d, e, a') => I122(a,b,c,d,e) has base #2946899676668452: ({(e, 1), (b, 1)}, nil!=e * nil!=b * e!=b), #2861969587181394: ({(e, 1), (a, 1)}, nil!=e * nil!=a * e!=a), #92649965253639: ({(e, 1)}, nil=a * e!=a), #89391620608422: ({(e, 1)}, nil=b * e!=b)
nil!=d * I046(a, b, c, d) => I034(a,b,c,d) has base #120916699843223: ({(d, 1)}, nil=a * d!=a), #3096914140512353: ({(d, 1), (b, 1)}, nil!=d * nil!=b * d!=b), #120475412118474: ({(d, 1)}, nil=b * d!=b), #3116894315337522: ({(d, 1), (a, 1)}, nil!=d * nil!=a * d!=a)
nil!=d * d->a' * I106(a, b, c, d, a') => I046(a,b,c,d) has base #120916699843223: ({(d, 1)}, nil=a * d!=a), #3096914140512353: ({(d, 1), (b, 1)}, nil!=d * nil!=b * d!=b), #120475412118474: ({(d, 1)}, nil=b * d!=b), #3116894315337522: ({(d, 1), (a, 1)}, nil!=d * nil!=a * d!=a)
nil!=c * I021(a, b, c) => I013(a,b,c) has base #2900572145203962: ({(c, 1), (a, 1)}, nil!=c * nil!=a * c!=a), #105491831049086: ({(c, 1)}, nil=a * c!=a), #2885994803885840: ({(c, 1), (b, 1)}, nil!=c * nil!=b * c!=b), #105496508560967: ({(c, 1)}, nil=b * c!=b)
nil!=c * c->a' * I034(a, b, c, a') => I021(a,b,c) has base #2900572145203962: ({(c, 1), (a, 1)}, nil!=c * nil!=a * c!=a), #105491831049086: ({(c, 1)}, nil=a * c!=a), #2885994803885840: ({(c, 1), (b, 1)}, nil!=c * nil!=b * c!=b), #105496508560967: ({(c, 1)}, nil=b * c!=b)
nil!=b * I5512(a, b, c, d, e, f) => I5469(a,b,c,d,e,f) has base #98125054040801: ({(b, 1)}, nil!=b)
nil!=b * I007(a, b) => I003(a,b) has base #98125054040801: ({(b, 1)}, nil!=b), #100650816466128: ({(b, 1)}, nil=a * b!=a), #2972879903239779: ({(b, 1), (a, 1)}, nil!=b * nil!=a * b!=a)
nil!=b * b->a' * I10900(a, b, c, d, e, f, a') => I5512(a,b,c,d,e,f) has base #98125054040801: ({(b, 1)}, nil!=b)
nil!=b * b->a' * I2134(a, b, c, d, e, a') => I943(a,b,c,d,e) has base #98125054040801: ({(b, 1)}, nil!=b)
nil!=b * b->a' * I013(a, b, a') => I007(a,b) has base #98125054040801: ({(b, 1)}, nil!=b), #2972879903239779: ({(b, 1), (a, 1)}, nil!=b * nil!=a * b!=a), #100650816466128: ({(b, 1)}, nil=a * b!=a)
nil!=a * I001(a) => ls(a) has base #113654613403038: ({(a, 1)}, nil!=a)
nil!=a * a->a' * I57446(a, b, c, d, e, f, g, h, a') => I32552(a,b,c,d,e,f,g,h) has base #113654613403038: ({(a, 1)}, nil!=a)
nil!=a * a->a' * I32409(a, b, c, d, e, f, g, a') => I32397(a,b,c,d,e,f,g) has base #113654613403038: ({(a, 1)}, nil!=a)
nil!=a * a->a' * I060(a, b, c, d, a') => I056(a,b,c,d) has base #113654613403038: ({(a, 1)}, nil!=a)
nil!=a * a->a' * I003(a, a') => I001(a) has base #113654613403038: ({(a, 1)}, nil!=a)
h!=a * I32552(a, b, c, d, e, f, g, h) => I32519(a,b,c,d,e,f,g,h) has base #207749126508132: ({(a, 1)}, nil!=a * h!=a)
g!=a * I32397(a, b, c, d, e, f, g) => I32328(a,b,c,d,e,f,g) has base #201688242529078: ({(a, 1)}, nil!=a * g!=a)
e!=b * I943(a, b, c, d, e) => I123(a,b,c,d,e) has base #190040835073346: ({(b, 1)}, nil!=b * e!=b)
d!=a * I056(a, b, c, d) => I047(a,b,c,d) has base #207603115250595: ({(a, 1)}, nil!=a * d!=a)
nil=i * I172663(a, b, c, d, e, f, g, h, i) => I172629(a,b,c,d,e,f,g,h,i) has base #96005204902834: ({}, nil=a * i=a), #114611484606524: ({(a, 1)}, nil=i * i!=a)
nil=h * I32519(a, b, c, d, e, f, g, h) => I32454(a,b,c,d,e,f,g,h) has base #96003947764129: ({}, nil=a * h=a), #115223535090582: ({(a, 1)}, nil=h * h!=a)
nil=g * I32328(a, b, c, d, e, f, g) => I32303(a,b,c,d,e,f,g) has base #118390661798822: ({(a, 1)}, nil=g * g!=a), #95983089686995: ({}, nil=a * g=a)
nil=f * I5469(a, b, c, d, e, f) => I5448(a,b,c,d,e,f) has base #100606686066311: ({(b, 1)}, nil=f * f!=b), #95812348973742: ({}, nil=b * f=b)
nil=e * I123(a, b, c, d, e) => I106(a,b,c,d,e) has base #97845367909634: ({(b, 1)}, nil=e * e!=b), #95816043489518: ({}, nil=b * e=b)
nil=d * I047(a, b, c, d) => I034(a,b,c,d) has base #120335877851639: ({(a, 1)}, nil=d * d!=a), #95897070888490: ({}, nil=a * d=a)
nil=c * I022(a, b, c) => I013(a,b,c) has base #89861602162295: ({}, nil=c)
nil=b => I5469(a,b,c,d,e,f) has base #89867767163186: ({}, nil=b)
nil=b * I008(a, b) => I003(a,b) has base #89867767163186: ({}, nil=b)
nil=a => ls(a) has base #89862923715478: ({}, nil=a)
h=a => I32519(a,b,c,d,e,f,g,h) has base #89879804376677: ({}, h=a)
g=a => I32328(a,b,c,d,e,f,g) has base #89858927946147: ({}, g=a)
e=b => I123(a,b,c,d,e) has base #89861572497571: ({}, e=b)
d=a => I047(a,b,c,d) has base #89873079021024: ({}, d=a)
SAT: All predicates have a non-empty base.

=== slsat-abduced06
$ cyclist sl satcheck -D benchmarks/slsat/cc/abduced06.defs -p -t 60
exit: 0
emp => I008(a,b) has base #89913012185347: ({}, emp)
I33615(a, b, c, d, e, f, g, j) => I179377(a,b,c,d,e,f,g,h,i,j) has base #2902158673347005: ({(j, 1), (a, 1)}, nil!=j * nil!=a * j!=a), #96008985540868: ({}, nil=a * j=a), #118221954369654: ({(a, 1)}, nil=j * j!=a), #105097151302650: ({(j, 1)}, nil=a * j!=a)
I33680(i, b, c, d, e, f, g, h) => I57958(a,b,c,d,e,f,g,h,i) has base #201708128706847: ({(i, 1)}, nil!=i * i!=h), #89877392451704: ({}, i=h)
I33680(a, b, c, d, e, f, g, i) => I179322(a,b,c,d,e,f,g,h,i) has base #89877405990776: ({}, i=a), #207756693590809: ({(a, 1)}, nil!=a * i!=a)
I33489(h, b, c, d, e, f, g) => I33570(a,b,c,d,e,f,g,h) has base #89877372418904: ({}, h=g), #204041987786773: ({(h, 1)}, nil!=h * h!=g)
I5685(a, g, c, d, e, f) => I10981(a,b,c,d,e,f,g) has base #96646068134227: ({(g, 1)}, nil!=g), #89867808510727: ({}, nil=g)
I123(a, f, c, d, e) => I2140(a,b,c,d,e,f) has base #90592685995237: ({(f, 1)}, nil!=f), #89866518583556: ({}, nil=f)
I047(e, b, c, d) => I060(a,b,c,d,e) has base #89856622744720: ({}, e=d), #171946047286466: ({(e, 1)}, nil!=e * e!=d)
I008(b, c) => I022(a,b,c) has base #89913012185347: ({}, emp)
nil!=i * I179321(a, b, c, d, e, f, g, h, i) => I179288(a,b,c,d,e,f,g,h,i) has base #109315164614889: ({(i, 1)}, nil=a * i!=a), #3108257910976845: ({(i, 1), (a, 1)}, nil!=i * nil!=a * i!=a)
nil!=i * i->a' * I179377(a, b, c, d, e, f, g, h, i, a') => I179321(a,b,c,d,e,f,g,h,i) has base #109315164614889: ({(i, 1)}, nil=a * i!=a), #3108257910976845: ({(i, 1), (a, 1)}, nil!=i * nil!=a * i!=a)
nil!=h * I33679(a, b, c, d, e, f, g, h) => I33615(a,b,c,d,e,f,g,h) has base #111639380917722: ({(h, 1)}, nil=a * h!=a), #3116454264630913: ({(h, 1), (a, 1)}, nil!=h * nil!=a * h!=a)
nil!=h * h->a' * I179288(a, b, c, d, e, f, g, h, a') => I33679(a,b,c,d,e,f,g,h) has base #111639380917722: ({(h, 1)}, nil=a * h!=a), #3116454264630913: ({(h, 1), (a, 1)}, nil!=h * nil!=a * h!=a)
nil!=g * I33488(a, b, c, d, e, f, g) => I33464(a,b,c,d,e,f,g) has base #99147432477703: ({(g, 1)}, nil=a * g!=a), #2965703219560226: ({(g, 1), (a, 1)}, nil!=g * nil!=a * g!=a)
nil!=g * g->a' * I33615(a, b, c, d, e, f, g, a') => I33488(a,b,c,d,e,f,g) has base #99147432477703: ({(g, 1)}, nil=a * g!=a), #2965703219560226: ({(g, 1), (a, 1)}, nil!=g * nil!=a * g!=a)
nil!=f * I5684(a, b, c, d, e, f) => I5664(a,b,c,d,e,f) has base #2861566061333646: ({(f, 1), (a, 1)}, nil!=f * nil!=a * f!=a), #89825014796177: ({(f, 1)}, nil=a * f!=a)
nil!=f * f->a' * I33464(a, b, c, d, e, f, a') => I5684(a,b,c,d,e,f) has base #2861566061333646: ({(f, 1), (a, 1)}, nil!=f * nil!=a * f!=a), #89825014796177: ({(f, 1)}, nil=a * f!=a)
nil!=e * I122(a, b, c, d, e) => I106(a,b,c,d,e) has base #2946899676668452: ({(e, 1), (b, 1)}, nil!=e * nil!=b * e!=b), #2861969587181394: ({(e, 1), (a, 1)}, nil!=e * nil!=a * e!=a), #92649965253639: ({(e, 1)}, nil=a * e!=a), #89391620608422: ({(e, 1)}, nil=b * e!=b)
nil!=e * e->a' * I5664(a, b, c, d, e, a') => I122(a,b,c,d,e) has base #2946899676668452: ({(e, 1), (b, 1)}, nil!=e * nil!=b * e!=b), #2861969587181394: ({(e, 1), (a, 1)}, nil!=e * nil!=a * e!=a), #92649965253639: ({(e, 1)}, nil=a * e!=a), #89391620608422: ({(e, 1)}, nil=b * e!=b)
nil!=d * I046(a, b, c, d) => I034(a,b,c,d) has base #120916699843223: ({(d, 1)}, nil=a * d!=a), #3096914140512353: ({(d, 1), (b, 1)}, nil!=d * nil!=b * d!=b), #120475412118474: ({(d, 1)}, nil=b * d!=b), #3116894315337522: ({(d, 1), (a, 1)}, nil!=d * nil!=a * d!=a)
nil!=d * d->a' * I106(a, b, c, d, a') => I046(a,b,c,d) has base #120916699843223: ({(d, 1)}, nil=a * d!=a), #3096914140512353: ({(d, 1), (b, 1)}, nil!=d * nil!=b * d!=b), #120475412118474: ({(d, 1)}, nil=b * d!=b), #3116894315337522: ({(d, 1), (a, 1)}, nil!=d * nil!=a * d!=a)
nil!=c * I021(a, b, c) => I013(a,b,c) has base #2900572145203962: ({(c, 1), (a, 1)}, nil!=c * nil!=a * c!=a), #105491831049086: ({(c, 1)}, nil=a * c!=a), #2885994803885840: ({(c, 1), (b, 1)}, nil!=c * nil!=b * c!=b), #105496508560967: ({(c, 1)}, nil=b * c!=b)
nil!=c * c->a' * I034(a, b, c, a') => I021(a,b,c) has base #2900572145203962: ({(c, 1), (a, 1)}, nil!=c * nil!=a * c!=a), #105491831049086: ({(c, 1)}, nil=a * c!=a), #2885994803885840: ({(c, 1), (b, 1)}, nil!=c * nil!=b * c!=b), #105496508560967: ({(c, 1)}, nil=b * c!=b)
nil!=b * I5733(a, b, c, d, e, f) => I5685(a,b,c,d,e,f) has base #98125054040801: ({(b, 1)}, nil!=b)
nil!=b * I943(a, b, c, d, e) => I123(a,b,c,d,e) has base #98125054040801: ({(b, 1)}, nil!=b)
nil!=b * I007(a, b) => I003(a,b) has base #98125054040801: ({(b, 1)}, nil!=b), #100650816466128: ({(b, 1)}, nil=a * b!=a), #2972879903239779: ({(b, 1), (a, 1)}, nil!=b * nil!=a * b!=a)
nil!=b * b->a' * I10981(a, b, c, d, e, f, a') => I5733(a,b,c,d,e,f) has base #98125054040801: ({(b, 1)}, nil!=b)
nil!=b * b->a' * I2140(a, b, c, d, e, a') => I943(a,b,c,d,e) has base #98125054040801: ({(b, 1)}, nil!=b)
nil!=b * b->a' * I013(a, b, a') => I007(a,b) has base #98125054040801: ({(b, 1)}, nil!=b), #2972879903239779: ({(b, 1), (a, 1)}, nil!=b * nil!=a * b!=a), #100650816466128: ({(b, 1)}, nil=a * b!=a)
nil!=a * I001(a) => ls(a) has base #113654613403038: ({(a, 1)}, nil!=a)
nil!=a * a->a' * I57958(a, b, c, d, e, f, g, h, a') => I33713(a,b,c,d,e,f,g,h) has base #113654613403038: ({(a, 1)}, nil!=a)
nil!=a * a->a' * I33570(a, b, c, d, e, f, g, a') => I33558(a,b,c,d,e,f,g) has base #113654613403038: ({(a, 1)}, nil!=a)
nil!=a * a->a' * I060(a, b, c, d, a') => I056(a,b,c,d) has base #113654613403038: ({(a, 1)}, nil!=a)
nil!=a * a->a' * I003(a, a') => I001(a) has base #113654613403038: ({(a, 1)}, nil!=a)
h!=a * I33713(a, b, c, d, e, f, g, h) => I33680(a,b,c,d,e,f,g,h) has base #207749126508132: ({(a, 1)}, nil!=a * h!=a)
g!=a * I33558(a, b, c, d, e, f, g) => I33489(a,b,c,d,e,f,g) has base #201688242529078: ({(a, 1)}, nil!=a * g!=a)
d!=a * I056(a, b, c, d) => I047(a,b,c,d) has base #207603115250595: ({(a, 1)}, nil!=a * d!=a)
nil=i * I179322(a, b, c, d, e, f, g, h, i) => I179288(a,b,c,d,e,f,g,h,i) has base #96005204902834: ({}, nil=a * i=a), #114611484606524: ({(a, 1)}, nil=i * i!=a)
nil=h * I33680(a, b, c, d, e, f, g, h) => I33615(a,b,c,d,e,f,g,h) has base #96003947764129: ({}, nil=a * h=a), #115223535090582: ({(a, 1)}, nil=h * h!=a)
nil=g * I33489(a, b, c, d, e, f, g) => I33464(a,b,c,d,e,f,g) has base #118390661798822: ({(a, 1)}, nil=g * g!=a), #95983089686995: ({}, nil=a * g=a)
nil=f * I5685(a, b, c, d, e, f) => I5664(a,b,c,d,e,f) has base #100606686066311: ({(b, 1)}, nil=f * f!=b), #95812348973742: ({}, nil=b * f=b)
nil=e * I123(a, b, c, d, e) => I106(a,b,c,d,e) has base #97845367909634: ({(b, 1)}, nil=e * e!=b), #95816043489518: ({}, nil=b * e=b)
nil=d * I047(a, b, c, d) => I034(a,b,c,d) has base #120335877851639: ({(a, 1)}, nil=d * d!=a), #95897070888490: ({}, nil=a * d=a)
nil=c * I022(a, b, c) => I013(a,b,c) has base #89861602162295: ({}, nil=c)
nil=b => I5685(a,b,c,d,e,f) has base #89867767163186: ({}, nil=b)
nil=b => I123(a,b,c,d,e) has base #89867767163186: ({}, nil=b)
nil=b * I008(a, b) => I003(a,b) has base #89867767163186: ({}, nil=b)
nil=a => ls(a) has base #89862923715478: ({}, nil=a)
h=a => I33680(a,b,c,d,e,f,g,h) has base #89879804376677: ({}, h=a)
g=a => I33489(a,b,c,d,e,f,g) has base #89858927946147: ({}, g=a)
d=a => I047(a,b,c,d) has base #89873079021024: ({}, d=a)
SAT: All predicates have a non-empty base.

=== slsat-abduced07
$ cyclist sl satcheck -D benchmarks/slsat/cc/abduced07.defs -p -t 60
exit: 0
emp => I008(a,b) has base #89913012185347: ({}, emp)
I34748(a, b, c, d, e, f, g, j) => I186018(a,b,c,d,e,f,g,h,i,j) has base #2902158673347005: ({(j, 1), (a, 1)}, nil!=j * nil!=a * j!=a), #96008985540868: ({}, nil=a * j=a), #118221954369654: ({(a, 1)}, nil=j * j!=a), #105097151302650: ({(j, 1)}, nil=a * j!=a)
I34811(i, b, c, d, e, f, g, h) => I58461(a,b,c,d,e,f,g,h,i) has base #89862881252040: ({}, nil=i), #109736653486992: ({(i, 1)}, nil!=i)
I34811(a, b, c, d, e, f, g, i) => I185963(a,b,c,d,e,f,g,h,i) has base #113654613403038: ({(a, 1)}, nil!=a), #89862923715478: ({}, nil=a)
I34630(h, b, c, d, e, f, g) => I34705(a,b,c,d,e,f,g,h) has base #89877372418904: ({}, h=g), #204041987786773: ({(h, 1)}, nil!=h * h!=g)
I990(a, g, c, d, e, f) => I11058(a,b,c,d,e,f,g) has base #96646068134227: ({(g, 1)}, nil!=g), #89867808510727: ({}, nil=g)
I123(f, b, c, d, e) => I349(a,b,c,d,e,f) has base #172417568431539: ({(f, 1)}, nil!=f * f!=e), #89861750350020: ({}, f=e)
I047(e, b, c, d) => I060(a,b,c,d,e) has base #89856622744720: ({}, e=d), #171946047286466: ({(e, 1)}, nil!=e * e!=d)
I008(b, c) => I022(a,b,c) has base #89913012185347: ({}, emp)
nil!=i * I185962(a, b, c, d, e, f, g, h, i) => I185929(a,b,c,d,e,f,g,h,i) has base #109315164614889: ({(i, 1)}, nil=a * i!=a), #3108257910976845: ({(i, 1), (a, 1)}, nil!=i * nil!=a * i!=a)
nil!=i * i->a' * I186018(a, b, c, d, e, f, g, h, i, a') => I185962(a,b,c,d,e,f,g,h,i) has base #109315164614889: ({(i, 1)}, nil=a * i!=a), #3108257910976845: ({(i, 1), (a, 1)}, nil!=i * nil!=a * i!=a)
nil!=h * I34810(a, b, c, d, e, f, g, h) => I34748(a,b,c,d,e,f,g,h) has base #111639380917722: ({(h, 1)}, nil=a * h!=a), #3116454264630913: ({(h, 1), (a, 1)}, nil!=h * nil!=a * h!=a)
nil!=h * h->a' * I185929(a, b, c, d, e, f, g, h, a') => I34810(a,b,c,d,e,f,g,h) has base #111639380917722: ({(h, 1)}, nil=a * h!=a), #3116454264630913: ({(h, 1), (a, 1)}, nil!=h * nil!=a * h!=a)
nil!=g * I34629(a, b, c, d, e, f, g) => I34605(a,b,c,d,e,f,g) has base #99147432477703: ({(g, 1)}, nil=a * g!=a), #2965703219560226: ({(g, 1), (a, 1)}, nil!=g * nil!=a * g!=a)
nil!=g * g->a' * I34748(a, b, c, d, e, f, g, a') => I34629(a,b,c,d,e,f,g) has base #99147432477703: ({(g, 1)}, nil=a * g!=a), #2965703219560226: ({(g, 1), (a, 1)}, nil!=g * nil!=a * g!=a)
nil!=f * I989(a, b, c, d, e, f) => I969(a,b,c,d,e,f) has base #2861566061333646: ({(f, 1), (a, 1)}, nil!=f * nil!=a * f!=a), #89825014796177: ({(f, 1)}, nil=a * f!=a)
nil!=f * f->a' * I34605(a, b, c, d, e, f, a') => I989(a,b,c,d,e,f) has base #2861566061333646: ({(f, 1), (a, 1)}, nil!=f * nil!=a * f!=a), #89825014796177: ({(f, 1)}, nil=a * f!=a)
nil!=e * I122(a, b, c, d, e) => I106(a,b,c,d,e) has base #2946899676668452: ({(e, 1), (b, 1)}, nil!=e * nil!=b * e!=b), #2861969587181394: ({(e, 1), (a, 1)}, nil!=e * nil!=a * e!=a), #92649965253639: ({(e, 1)}, nil=a * e!=a), #89391620608422: ({(e, 1)}, nil=b * e!=b)
nil!=e * e->a' * I969(a, b, c, d, e, a') => I122(a,b,c,d,e) has base #2946899676668452: ({(e, 1), (b, 1)}, nil!=e * nil!=b * e!=b), #2861969587181394: ({(e, 1), (a, 1)}, nil!=e * nil!=a * e!=a), #92649965253639: ({(e, 1)}, nil=a * e!=a), #89391620608422: ({(e, 1)}, nil=b * e!=b)
nil!=d * I046(a, b, c, d) => I034(a,b,c,d) has base #120916699843223: ({(d, 1)}, nil=a * d!=a), #3096914140512353: ({(d, 1), (b, 1)}, nil!=d * nil!=b * d!=b), #120475412118474: ({(d, 1)}, nil=b * d!=b), #3116894315337522: ({(d, 1), (a, 1)}, nil!=d * nil!=a * d!=a)
nil!=d * d->a' * I106(a, b, c, d, a') => I046(a,b,c,d) has base #120916699843223: ({(d, 1)}, nil=a * d!=a), #3096914140512353: ({(d, 1), (b, 1)}, nil!=d * nil!=b * d!=b), #120475412118474: ({(d, 1)}, nil=b * d!=b), #3116894315337522: ({(d, 1), (a, 1)}, nil!=d * nil!=a * d!=a)
nil!=c * I021(a, b, c) => I013(a,b,c) has base #2900572145203962: ({(c, 1), (a, 1)}, nil!=c * nil!=a * c!=a), #105491831049086: ({(c, 1)}, nil=a * c!=a), #2885994803885840: ({(c, 1), (b, 1)}, nil!=c * nil!=b * c!=b), #105496508560967: ({(c, 1)}, nil=b * c!=b)
nil!=c * c->a' * I034(a, b, c, a') => I021(a,b,c) has base #2900572145203962: ({(c, 1), (a, 1)}, nil!=c * nil!=a * c!=a), #105491831049086: ({(c, 1)}, nil=a * c!=a), #2885994803885840: ({(c, 1), (b, 1)}, nil!=c * nil!=b * c!=b), #105496508560967: ({(c, 1)}, nil=b * c!=b)
nil!=b * I5875(a, b, c, d, e, f) => I990(a,b,c,d,e,f) has base #98125054040801: ({(b, 1)}, nil!=b)
nil!=b * I007(a, b) => I003(a,b) has base #98125054040801: ({(b, 1)}, nil!=b), #100650816466128: ({(b, 1)}, nil=a * b!=a), #2972879903239779: ({(b, 1), (a, 1)}, nil!=b * nil!=a * b!=a)
nil!=b * b->a' * I11058(a, b, c, d, e, f, a') => I5875(a,b,c,d,e,f) has base #98125054040801: ({(b, 1)}, nil!=b)
nil!=b * b->a' * I013(a, b, a') => I007(a,b) has base #98125054040801: ({(b, 1)}, nil!=b), #2972879903239779: ({(b, 1), (a, 1)}, nil!=b * nil!=a * b!=a), #100650816466128: ({(b, 1)}, nil=a * b!=a)
nil!=a * I001(a) => ls(a) has base #113654613403038: ({(a, 1)}, nil!=a)
nil!=a * I34842(a, b, c, d, e, f, g, h) => I34811(a,b,c,d,e,f,g,h) has base #113654613403038: ({(a, 1)}, nil!=a)
nil!=a * a->a' * I58461(a, b, c, d, e, f, g, h, a') => I34842(a,b,c,d,e,f,g,h) has base #113654613403038: ({(a, 1)}, nil!=a)
nil!=a * a->a' * I34705(a, b, c, d, e, f, g, a') => I34694(a,b,c,d,e,f,g) has base #113654613403038: ({(a, 1)}, nil!=a)
nil!=a * a->a' * I349(a, b, c, d, e, a') => I134(a,b,c,d,e) has base #113654613403038: ({(a, 1)}, nil!=a)
nil!=a * a->a' * I060(a, b, c, d, a') => I056(a,b,c,d) has base #113654613403038: ({(a, 1)}, nil!=a)
nil!=a * a->a' * I003(a, a') => I001(a) has base #113654613403038: ({(a, 1)}, nil!=a)
g!=a * I34694(a, b, c, d, e, f, g) => I34630(a,b,c,d,e,f,g) has base #201688242529078: ({(a, 1)}, nil!=a * g!=a)
e!=a * I134(a, b, c, d, e) => I123(a,b,c,d,e) has base #201620345461609: ({(a, 1)}, nil!=a * e!=a)
d!=a * I056(a, b, c, d) => I047(a,b,c,d) has base #207603115250595: ({(a, 1)}, nil!=a * d!=a)
nil=i * I185963(a, b, c, d, e, f, g, h, i) => I185929(a,b,c,d,e,f,g,h,i) has base #96005204902834: ({}, nil=a * i=a), #114611484606524: ({(a, 1)}, nil=i * i!=a)
nil=h * I34811(a, b, c, d, e, f, g, h) => I34748(a,b,c,d,e,f,g,h) has base #96003947764129: ({}, nil=a * h=a), #115223535090582: ({(a, 1)}, nil=h * h!=a)
nil=g * I34630(a, b, c, d, e, f, g) => I34605(a,b,c,d,e,f,g) has base #118390661798822: ({(a, 1)}, nil=g * g!=a), #95983089686995: ({}, nil=a * g=a)
nil=f * I990(a, b, c, d, e, f) => I969(a,b,c,d,e,f) has base #100606686066311: ({(b, 1)}, nil=f * f!=b), #95812348973742: ({}, nil=b * f=b)
nil=e * I123(a, b, c, d, e) => I106(a,b,c,d,e) has base #118415385587969: ({(a, 1)}, nil=e * e!=a), #95951992836439: ({}, nil=a * e=a)
nil=d * I047(a, b, c, d) => I034(a,b,c,d) has base #120335877851639: ({(a, 1)}, nil=d * d!=a), #95897070888490: ({}, nil=a * d=a)
nil=c * I022(a, b, c) => I013(a,b,c) has base #89861602162295: ({}, nil=c)
nil=b => I990(a,b,c,d,e,f) has base #89867767163186: ({}, nil=b)
nil=b * I008(a, b) => I003(a,b) has base #89867767163186: ({}, nil=b)
nil=a => ls(a) has base #89862923715478: ({}, nil=a)
nil=a => I34811(a,b,c,d,e,f,g,h) has base #89862923715478: ({}, nil=a)
g=a => I34630(a,b,c,d,e,f,g) has base #89858927946147: ({}, g=a)
e=a => I123(a,b,c,d,e) has base #89856678870543: ({}, e=a)
d=a => I047(a,b,c,d) has base #89873079021024: ({}, d=a)
SAT: All predicates have a non-empty base.

=== slsat-abduced08
$ cyclist sl satcheck -D benchmarks/slsat/cc/abduced08.defs -p -t 60
exit: 0
emp => I008(a,b) has base #89913012185347: ({}, emp)
I39811(a, b, c, d, e, f, g, j) => I206373(a,b,c,d,e,f,g,h,i,j) has base #2902158673347005: ({(j, 1), (a, 1)}, nil!=j * nil!=a * j!=a), #96008985540868: ({}, nil=a * j=a), #118221954369654: ({(a, 1)}, nil=j * j!=a), #105097151302650: ({(j, 1)}, nil=a * j!=a)
I39875(i, b, c, d, e, f, g, h) => I60831(a,b,c,d,e,f,g,h,i) has base #201708128706847: ({(i, 1)}, nil!=i * i!=h), #89877392451704: ({}, i=h)
I39875(a, b, c, d, e, f, g, i) => I206319(a,b,c,d,e,f,g,h,i) has base #89877405990776: ({}, i=a), #207756693590809: ({(a, 1)}, nil!=a * i!=a)
I39693(h, b, c, d, e, f, g) => I39767(a,b,c,d,e,f,g,h) has base #89877372418904: ({}, h=g), #204041987786773: ({(h, 1)}, nil!=h * h!=g)
I39548(a, g, c, d, e, f) => I39632(a,b,c,d,e,f,g) has base #89852721615365: ({}, g=f), #187794576727047: ({(g, 1)}, nil!=g * g!=f)
I008(d, e) => I183(a,b,c,d,e) has base #89913012185347: ({}, emp)
I008(b, c) => I022(a,b,c) has base #89913012185347: ({}, emp)
I047(e, b, c, d) => I063(a,b,c,d,e) has base #90110888040617: ({(e, 1)}, nil!=e), #89866529555409: ({}, nil=e)
nil!=i * I206318(a, b, c, d, e, f, g, h, i) => I206285(a,b,c,d,e,f,g,h,i) has base #109315164614889: ({(i, 1)}, nil=a * i!=a), #3108257910976845: ({(i, 1), (a, 1)}, nil!=i * nil!=a * i!=a)
nil!=i * i->a' * I206373(a, b, c, d, e, f, g, h, i, a') => I206318(a,b,c,d,e,f,g,h,i) has base #109315164614889: ({(i, 1)}, nil=a * i!=a), #3108257910976845: ({(i, 1), (a, 1)}, nil!=i * nil!=a * i!=a)
nil!=h * I39874(a, b, c, d, e, f, g, h) => I39811(a,b,c,d,e,f,g,h) has base #111639380917722: ({(h, 1)}, nil=a * h!=a), #3116454264630913: ({(h, 1), (a, 1)}, nil!=h * nil!=a * h!=a)
nil!=h * h->a' * I206285(a, b, c, d, e, f, g, h, a') => I39874(a,b,c,d,e,f,g,h) has base #111639380917722: ({(h, 1)}, nil=a * h!=a), #3116454264630913: ({(h, 1), (a, 1)}, nil!=h * nil!=a * h!=a)
nil!=g * I39692(a, b, c, d, e, f, g) => I39668(a,b,c,d,e,f,g) has base #99147432477703: ({(g, 1)}, nil=a * g!=a), #2965703219560226: ({(g, 1), (a, 1)}, nil!=g * nil!=a * g!=a)
nil!=g * g->a' * I39811(a, b, c, d, e, f, g, a') => I39692(a,b,c,d,e,f,g) has base #99147432477703: ({(g, 1)}, nil=a * g!=a), #2965703219560226: ({(g, 1), (a, 1)}, nil!=g * nil!=a * g!=a)
nil!=f * I39547(a, b, c, d, e, f) => I39527(a,b,c,d,e,f) has base #2861566061333646: ({(f, 1), (a, 1)}, nil!=f * nil!=a * f!=a), #89825014796177: ({(f, 1)}, nil=a * f!=a)
nil!=f * f->a' * I39668(a, b, c, d, e, f, a') => I39547(a,b,c,d,e,f) has base #2861566061333646: ({(f, 1), (a, 1)}, nil!=f * nil!=a * f!=a), #89825014796177: ({(f, 1)}, nil=a * f!=a)
nil!=e * I182(a, b, c, d, e) => I166(a,b,c,d,e) has base #2946899676668452: ({(e, 1), (b, 1)}, nil!=e * nil!=b * e!=b), #2861969587181394: ({(e, 1), (a, 1)}, nil!=e * nil!=a * e!=a), #92649965253639: ({(e, 1)}, nil=a * e!=a), #89391620608422: ({(e, 1)}, nil=b * e!=b)
nil!=e * e->a' * I39527(a, b, c, d, e, a') => I182(a,b,c,d,e) has base #2946899676668452: ({(e, 1), (b, 1)}, nil!=e * nil!=b * e!=b), #2861969587181394: ({(e, 1), (a, 1)}, nil!=e * nil!=a * e!=a), #92649965253639: ({(e, 1)}, nil=a * e!=a), #89391620608422: ({(e, 1)}, nil=b * e!=b)
nil!=d * I046(a, b, c, d) => I034(a,b,c,d) has base #114220124201457: ({(d, 1)}, nil!=d), #120916699843223: ({(d, 1)}, nil=a * d!=a), #3096914140512353: ({(d, 1), (b, 1)}, nil!=d * nil!=b * d!=b), #120475412118474: ({(d, 1)}, nil=b * d!=b), #3116894315337522: ({(d, 1), (a, 1)}, nil!=d * nil!=a * d!=a)
nil!=d * d->a' * I166(a, b, c, d, a') => I046(a,b,c,d) has base #114220124201457: ({(d, 1)}, nil!=d), #120916699843223: ({(d, 1)}, nil=a * d!=a), #3096914140512353: ({(d, 1), (b, 1)}, nil!=d * nil!=b * d!=b), #120475412118474: ({(d, 1)}, nil=b * d!=b), #3116894315337522: ({(d, 1), (a, 1)}, nil!=d * nil!=a * d!=a)
nil!=c * I021(a, b, c) => I013(a,b,c) has base #104915620748399: ({(c, 1)}, nil!=c), #105491831049086: ({(c, 1)}, nil=a * c!=a), #2900572145203962: ({(c, 1), (a, 1)}, nil!=c * nil!=a * c!=a), #2885994803885840: ({(c, 1), (b, 1)}, nil!=c * nil!=b * c!=b), #105496508560967: ({(c, 1)}, nil=b * c!=b)
nil!=c * c->a' * I034(a, b, c, a') => I021(a,b,c) has base #104915620748399: ({(c, 1)}, nil!=c), #105491831049086: ({(c, 1)}, nil=a * c!=a), #2900572145203962: ({(c, 1), (a, 1)}, nil!=c * nil!=a * c!=a), #2885994803885840: ({(c, 1), (b, 1)}, nil!=c * nil!=b * c!=b), #105496508560967: ({(c, 1)}, nil=b * c!=b)
nil!=b * I007(a, b) => I003(a,b) has base #98125054040801: ({(b, 1)}, nil!=b), #100650816466128: ({(b, 1)}, nil=a * b!=a), #2972879903239779: ({(b, 1), (a, 1)}, nil!=b * nil!=a * b!=a)
nil!=b * b->a' * I39632(a, b, c, d, e, f, a') => I39622(a,b,c,d,e,f) has base #98125054040801: ({(b, 1)}, nil!=b)
nil!=b * b->a' * I013(a, b, a') => I007(a,b) has base #98125054040801: ({(b, 1)}, nil!=b), #100650816466128: ({(b, 1)}, nil=a * b!=a), #2972879903239779: ({(b, 1), (a, 1)}, nil!=b * nil!=a * b!=a)
nil!=a * I001(a) => ls(a) has base #113654613403038: ({(a, 1)}, nil!=a)
nil!=a * I056(a, b, c, d) => I047(a,b,c,d) has base #113654613403038: ({(a, 1)}, nil!=a)
nil!=a * a->a' * I60831(a, b, c, d, e, f, g, h, a') => I39907(a,b,c,d,e,f,g,h) has base #113654613403038: ({(a, 1)}, nil!=a)
nil!=a * a->a' * I39767(a, b, c, d, e, f, g, a') => I39755(a,b,c,d,e,f,g) has base #113654613403038: ({(a, 1)}, nil!=a)
nil!=a * a->a' * I063(a, b, c, d, a') => I056(a,b,c,d) has base #113654613403038: ({(a, 1)}, nil!=a)
nil!=a * a->a' * I003(a, a') => I001(a) has base #113654613403038: ({(a, 1)}, nil!=a)
h!=a * I39907(a, b, c, d, e, f, g, h) => I39875(a,b,c,d,e,f,g,h) has base #207749126508132: ({(a, 1)}, nil!=a * h!=a)
g!=a * I39755(a, b, c, d, e, f, g) => I39693(a,b,c,d,e,f,g) has base #201688242529078: ({(a, 1)}, nil!=a * g!=a)
f!=b * I39622(a, b, c, d, e, f) => I39548(a,b,c,d,e,f) has base #190053782223410: ({(b, 1)}, nil!=b * f!=b)
nil=i * I206319(a, b, c, d, e, f, g, h, i) => I206285(a,b,c,d,e,f,g,h,i) has base #96005204902834: ({}, nil=a * i=a), #114611484606524: ({(a, 1)}, nil=i * i!=a)
nil=h * I39875(a, b, c, d, e, f, g, h) => I39811(a,b,c,d,e,f,g,h) has base #96003947764129: ({}, nil=a * h=a), #115223535090582: ({(a, 1)}, nil=h * h!=a)
nil=g * I39693(a, b, c, d, e, f, g) => I39668(a,b,c,d,e,f,g) has base #118390661798822: ({(a, 1)}, nil=g * g!=a), #95983089686995: ({}, nil=a * g=a)
nil=f * I39548(a, b, c, d, e, f) => I39527(a,b,c,d,e,f) has base #100606686066311: ({(b, 1)}, nil=f * f!=b), #95812348973742: ({}, nil=b * f=b)
nil=e * I183(a, b, c, d, e) => I166(a,b,c,d,e) has base #89866529555409: ({}, nil=e)
nil=d * I047(a, b, c, d) => I034(a,b,c,d) has base #120335877851639: ({(a, 1)}, nil=d * d!=a), #95897070888490: ({}, nil=a * d=a)
nil=c * I022(a, b, c) => I013(a,b,c) has base #89861602162295: ({}, nil=c)
nil=b * I008(a, b) => I003(a,b) has base #89867767163186: ({}, nil=b)
nil=a => ls(a) has base #89862923715478: ({}, nil=a)
nil=a => I047(a,b,c,d) has base #89862923715478: ({}, nil=a)
h=a => I39875(a,b,c,d,e,f,g,h) has base #89879804376677: ({}, h=a)
g=a => I39693(a,b,c,d,e,f,g) has base #89858927946147: ({}, g=a)
f=b => I39548(a,b,c,d,e,f) has base #89856671397731: ({}, f=b)
SAT: All predicates have a non-empty base.

=== slsat-abduced09
$ cyclist sl satcheck -D benchmarks/slsat/cc/abduced09.defs -p -t 60
exit: 0
emp => I008(a,b) has base #89913012185347: ({}, emp)
I40239(a, b, c, d, e, f, g, j) => I209166(a,b,c,d,e,f,g,h,i,j) has base #2902158673347005: ({(j, 1), (a, 1)}, nil!=j * nil!=a * j!=a), #96008985540868: ({}, nil=a * j=a), #118221954369654: ({(a, 1)}, nil=j * j!=a), #105097151302650: ({(j, 1)}, nil=a * j!=a)
I40306(i, b, c, d, e, f, g, h) => I60989(a,b,c,d,e,f,g,h,i) has base #89862881252040: ({}, nil=i), #109736653486992: ({(i, 1)}, nil!=i)
I40306(a, b, c, d, e, f, g, i) => I209107(a,b,c,d,e,f,g,h,i) has base #113654613403038: ({(a, 1)}, nil!=a), #89862923715478: ({}, nil=a)
I40110(h, b, c, d, e, f, g) => I40192(a,b,c,d,e,f,g,h) has base #89877372418904: ({}, h=g), #204041987786773: ({(h, 1)}, nil!=h * h!=g)
I39958(a, g, c, d, e, f) => I40046(a,b,c,d,e,f,g) has base #89852721615365: ({}, g=f), #187794576727047: ({(g, 1)}, nil!=g * g!=f)
I183(a, b, f, d, e) => I11677(a,b,c,d,e,f) has base #172417568431539: ({(f, 1)}, nil!=f * f!=e), #89861750350020: ({}, f=e)
I047(e, b, c, d) => I063(a,b,c,d,e) has base #90110888040617: ({(e, 1)}, nil!=e), #89866529555409: ({}, nil=e)
I008(b, c) => I022(a,b,c) has base #89913012185347: ({}, emp)
nil!=i * I209106(a, b, c, d, e, f, g, h, i) => I209073(a,b,c,d,e,f,g,h,i) has base #109315164614889: ({(i, 1)}, nil=a * i!=a), #3108257910976845: ({(i, 1), (a, 1)}, nil!=i * nil!=a * i!=a)
nil!=i * i->a' * I209166(a, b, c, d, e, f, g, h, i, a') => I209106(a,b,c,d,e,f,g,h,i) has base #109315164614889: ({(i, 1)}, nil=a * i!=a), #3108257910976845: ({(i, 1), (a, 1)}, nil!=i * nil!=a * i!=a)
nil!=h * I40305(a, b, c, d, e, f, g, h) => I40239(a,b,c,d,e,f,g,h) has base #111639380917722: ({(h, 1)}, nil=a * h!=a), #3116454264630913: ({(h, 1), (a, 1)}, nil!=h * nil!=a * h!=a)
nil!=h * h->a' * I209073(a, b, c, d, e, f, g, h, a') => I40305(a,b,c,d,e,f,g,h) has base #111639380917722: ({(h, 1)}, nil=a * h!=a), #3116454264630913: ({(h, 1), (a, 1)}, nil!=h * nil!=a * h!=a)
nil!=g * I40109(a, b, c, d, e, f, g) => I40085(a,b,c,d,e,f,g) has base #99147432477703: ({(g, 1)}, nil=a * g!=a), #2965703219560226: ({(g, 1), (a, 1)}, nil!=g * nil!=a * g!=a)
nil!=g * g->a' * I40239(a, b, c, d, e, f, g, a') => I40109(a,b,c,d,e,f,g) has base #99147432477703: ({(g, 1)}, nil=a * g!=a), #2965703219560226: ({(g, 1), (a, 1)}, nil!=g * nil!=a * g!=a)
nil!=f * I39957(a, b, c, d, e, f) => I39937(a,b,c,d,e,f) has base #2861566061333646: ({(f, 1), (a, 1)}, nil!=f * nil!=a * f!=a), #89825014796177: ({(f, 1)}, nil=a * f!=a)
nil!=f * f->a' * I40085(a, b, c, d, e, f, a') => I39957(a,b,c,d,e,f) has base #2861566061333646: ({(f, 1), (a, 1)}, nil!=f * nil!=a * f!=a), #89825014796177: ({(f, 1)}, nil=a * f!=a)
nil!=e * I182(a, b, c, d, e) => I166(a,b,c,d,e) has base #2946899676668452: ({(e, 1), (b, 1)}, nil!=e * nil!=b * e!=b), #2861969587181394: ({(e, 1), (a, 1)}, nil!=e * nil!=a * e!=a), #92649965253639: ({(e, 1)}, nil=a * e!=a), #89391620608422: ({(e, 1)}, nil=b * e!=b)
nil!=e * e->a' * I39937(a, b, c, d, e, a') => I182(a,b,c,d,e) has base #2946899676668452: ({(e, 1), (b, 1)}, nil!=e * nil!=b * e!=b), #2861969587181394: ({(e, 1), (a, 1)}, nil!=e * nil!=a * e!=a), #92649965253639: ({(e, 1)}, nil=a * e!=a), #89391620608422: ({(e, 1)}, nil=b * e!=b)
nil!=d * I046(a, b, c, d) => I034(a,b,c,d) has base #3104323321204489: ({(d, 1), (c, 1)}, nil!=d * nil!=c * d!=c), #120453804431014: ({(d, 1)}, nil=c * d!=c), #120916699843223: ({(d, 1)}, nil=a * d!=a), #3096914140512353: ({(d, 1), (b, 1)}, nil!=d * nil!=b * d!=b), #120475412118474: ({(d, 1)}, nil=b * d!=b), #3116894315337522: ({(d, 1), (a, 1)}, nil!=d * nil!=a * d!=a)
nil!=d * d->a' * I166(a, b, c, d, a') => I046(a,b,c,d) has base #120453804431014: ({(d, 1)}, nil=c * d!=c), #3104323321204489: ({(d, 1), (c, 1)}, nil!=d * nil!=c * d!=c), #120916699843223: ({(d, 1)}, nil=a * d!=a), #3096914140512353: ({(d, 1), (b, 1)}, nil!=d * nil!=b * d!=b), #120475412118474: ({(d, 1)}, nil=b * d!=b), #3116894315337522: ({(d, 1), (a, 1)}, nil!=d * nil!=a * d!=a)
nil!=c * I021(a, b, c) => I013(a,b,c) has base #105491831049086: ({(c, 1)}, nil=a * c!=a), #2900572145203962: ({(c, 1), (a, 1)}, nil!=c * nil!=a * c!=a), #2885994803885840: ({(c, 1), (b, 1)}, nil!=c * nil!=b * c!=b), #105496508560967: ({(c, 1)}, nil=b * c!=b)
nil!=c * c->a' * I11677(a, b, c, d, e, a') => I7185(a,b,c,d,e) has base #104915620748399: ({(c, 1)}, nil!=c)
nil!=c * c->a' * I034(a, b, c, a') => I021(a,b,c) has base #105491831049086: ({(c, 1)}, nil=a * c!=a), #2900572145203962: ({(c, 1), (a, 1)}, nil!=c * nil!=a * c!=a), #2885994803885840: ({(c, 1), (b, 1)}, nil!=c * nil!=b * c!=b), #105496508560967: ({(c, 1)}, nil=b * c!=b)
nil!=b * I007(a, b) => I003(a,b) has base #98125054040801: ({(b, 1)}, nil!=b), #100650816466128: ({(b, 1)}, nil=a * b!=a), #2972879903239779: ({(b, 1), (a, 1)}, nil!=b * nil!=a * b!=a)
nil!=b * b->a' * I40046(a, b, c, d, e, f, a') => I40035(a,b,c,d,e,f) has base #98125054040801: ({(b, 1)}, nil!=b)
nil!=b * b->a' * I013(a, b, a') => I007(a,b) has base #98125054040801: ({(b, 1)}, nil!=b), #100650816466128: ({(b, 1)}, nil=a * b!=a), #2972879903239779: ({(b, 1), (a, 1)}, nil!=b * nil!=a * b!=a)
nil!=a * I001(a) => ls(a) has base #113654613403038: ({(a, 1)}, nil!=a)
nil!=a * I40341(a, b, c, d, e, f, g, h) => I40306(a,b,c,d,e,f,g,h) has base #113654613403038: ({(a, 1)}, nil!=a)
nil!=a * I056(a, b, c, d) => I047(a,b,c,d) has base #113654613403038: ({(a, 1)}, nil!=a)
nil!=a * a->a' * I60989(a, b, c, d, e, f, g, h, a') => I40341(a,b,c,d,e,f,g,h) has base #113654613403038: ({(a, 1)}, nil!=a)
nil!=a * a->a' * I40192(a, b, c, d, e, f, g, a') => I40179(a,b,c,d,e,f,g) has base #113654613403038: ({(a, 1)}, nil!=a)
nil!=a * a->a' * I063(a, b, c, d, a') => I056(a,b,c,d) has base #113654613403038: ({(a, 1)}, nil!=a)
nil!=a * a->a' * I003(a, a') => I001(a) has base #113654613403038: ({(a, 1)}, nil!=a)
g!=a * I40179(a, b, c, d, e, f, g) => I40110(a,b,c,d,e,f,g) has base #201688242529078: ({(a, 1)}, nil!=a * g!=a)
f!=b * I40035(a, b, c, d, e, f) => I39958(a,b,c,d,e,f) has base #190053782223410: ({(b, 1)}, nil!=b * f!=b)
e!=c * I7185(a, b, c, d, e) => I183(a,b,c,d,e) has base #200393704190191: ({(c, 1)}, nil!=c * e!=c)
nil=i * I209107(a, b, c, d, e, f, g, h, i) => I209073(a,b,c,d,e,f,g,h,i) has base #96005204902834: ({}, nil=a * i=a), #114611484606524: ({(a, 1)}, nil=i * i!=a)
nil=h * I40306(a, b, c, d, e, f, g, h) => I40239(a,b,c,d,e,f,g,h) has base #96003947764129: ({}, nil=a * h=a), #115223535090582: ({(a, 1)}, nil=h * h!=a)
nil=g * I40110(a, b, c, d, e, f, g) => I40085(a,b,c,d,e,f,g) has base #118390661798822: ({(a, 1)}, nil=g * g!=a), #95983089686995: ({}, nil=a * g=a)
nil=f * I39958(a, b, c, d, e, f) => I39937(a,b,c,d,e,f) has base #100606686066311: ({(b, 1)}, nil=f * f!=b), #95812348973742: ({}, nil=b * f=b)
nil=e * I183(a, b, c, d, e) => I166(a,b,c,d,e) has base #96012053076087: ({}, nil=c * e=c), #104848808806008: ({(c, 1)}, nil=e * e!=c)
nil=d * I047(a, b, c, d) => I034(a,b,c,d) has base #120335877851639: ({(a, 1)}, nil=d * d!=a), #95897070888490: ({}, nil=a * d=a)
nil=c * I022(a, b, c) => I013(a,b,c) has base #89861602162295: ({}, nil=c)
nil=b * I008(a, b) => I003(a,b) has base #89867767163186: ({}, nil=b)
nil=a => ls(a) has base #89862923715478: ({}, nil=a)
nil=a => I40306(a,b,c,d,e,f,g,h) has base #89862923715478: ({}, nil=a)
nil=a => I047(a,b,c,d) has base #89862923715478: ({}, nil=a)
g=a => I40110(a,b,c,d,e,f,g) has base #89858927946147: ({}, g=a)
f=b => I39958(a,b,c,d,e,f) has base #89856671397731: ({}, f=b)
e=c => I183(a,b,c,d,e) has base #89861717171164: ({}, e=c)
SAT: All predicates have a non-empty base.

=== slsat-abduced10
$ cyclist sl satcheck -D benchmarks/slsat/cc/abduced10.defs -p -t 60
exit: 0
emp => I008(a,b) has base #89913012185347: ({}, emp)
I41274(a, b, c, d, e, f, g, j) => I215645(a,b,c,d,e,f,g,h,i,j) has base #2902158673347005: ({(j, 1), (a, 1)}, nil!=j * nil!=a * j!=a), #96008985540868: ({}, nil=a * j=a), #118221954369654: ({(a, 1)}, nil=j * j!=a), #105097151302650: ({(j, 1)}, nil=a * j!=a)
I41339(i, b, c, d, e, f, g, h) => I61363(a,b,c,d,e,f,g,h,i) has base #201708128706847: ({(i, 1)}, nil!=i * i!=h), #89877392451704: ({}, i=h)
I41339(a, b, c, d, e, f, g, i) => I215590(a,b,c,d,e,f,g,h,i) has base #89877405990776: ({}, i=a), #207756693590809: ({(a, 1)}, nil!=a * i!=a)
I41148(h, b, c, d, e, f, g) => I41229(a,b,c,d,e,f,g,h) has base #89877372418904: ({}, h=g), #204041987786773: ({(h, 1)}, nil!=h * h!=g)
I7234(a, g, c, d, e, f) => I11708(a,b,c,d,e,f,g) has base #96646068134227: ({(g, 1)}, nil!=g), #89867808510727: ({}, nil=g)
I183(a, f, c, d, e) => I2299(a,b,c,d,e,f) has base #172417568431539: ({(f, 1)}, nil!=f * f!=e), #89861750350020: ({}, f=e)
I047(e, b, c, d) => I063(a,b,c,d,e) has base #90110888040617: ({(e, 1)}, nil!=e), #89866529555409: ({}, nil=e)
I008(b, c) => I022(a,b,c) has base #89913012185347: ({}, emp)
nil!=i * I215589(a, b, c, d, e, f, g, h, i) => I215556(a,b,c,d,e,f,g,h,i) has base #109315164614889: ({(i, 1)}, nil=a * i!=a), #3108257910976845: ({(i, 1), (a, 1)}, nil!=i * nil!=a * i!=a)
nil!=i * i->a' * I215645(a, b, c, d, e, f, g, h, i, a') => I215589(a,b,c,d,e,f,g,h,i) has base #109315164614889: ({(i, 1)}, nil=a * i!=a), #3108257910976845: ({(i, 1), (a, 1)}, nil!=i * nil!=a * i!=a)
nil!=h * I41338(a, b, c, d, e, f, g, h) => I41274(a,b,c,d,e,f,g,h) has base #111639380917722: ({(h, 1)}, nil=a * h!=a), #3116454264630913: ({(h, 1), (a, 1)}, nil!=h * nil!=a * h!=a)
nil!=h * h->a' * I215556(a, b, c, d, e, f, g, h, a') => I41338(a,b,c,d,e,f,g,h) has base #111639380917722: ({(h, 1)}, nil=a * h!=a), #3116454264630913: ({(h, 1), (a, 1)}, nil!=h * nil!=a * h!=a)
nil!=g * I41147(a, b, c, d, e, f, g) => I41123(a,b,c,d,e,f,g) has base #99147432477703: ({(g, 1)}, nil=a * g!=a), #2965703219560226: ({(g, 1), (a, 1)}, nil!=g * nil!=a * g!=a)
nil!=g * g->a' * I41274(a, b, c, d, e, f, g, a') => I41147(a,b,c,d,e,f,g) has base #99147432477703: ({(g, 1)}, nil=a * g!=a), #2965703219560226: ({(g, 1), (a, 1)}, nil!=g * nil!=a * g!=a)
nil!=f * I7233(a, b, c, d, e, f) => I7213(a,b,c,d,e,f) has base #2861566061333646: ({(f, 1), (a, 1)}, nil!=f * nil!=a * f!=a), #89825014796177: ({(f, 1)}, nil=a * f!=a)
nil!=f * f->a' * I41123(a, b, c, d, e, f, a') => I7233(a,b,c,d,e,f) has base #2861566061333646: ({(f, 1), (a, 1)}, nil!=f * nil!=a * f!=a), #89825014796177: ({(f, 1)}, nil=a * f!=a)
nil!=e * I182(a, b, c, d, e) => I166(a,b,c,d,e) has base #2946899676668452: ({(e, 1), (b, 1)}, nil!=e * nil!=b * e!=b), #2861969587181394: ({(e, 1), (a, 1)}, nil!=e * nil!=a * e!=a), #92649965253639: ({(e, 1)}, nil=a * e!=a), #89391620608422: ({(e, 1)}, nil=b * e!=b)
nil!=e * e->a' * I7213(a, b, c, d, e, a') => I182(a,b,c,d,e) has base #2946899676668452: ({(e, 1), (b, 1)}, nil!=e * nil!=b * e!=b), #2861969587181394: ({(e, 1), (a, 1)}, nil!=e * nil!=a * e!=a), #92649965253639: ({(e, 1)}, nil=a * e!=a), #89391620608422: ({(e, 1)}, nil=b * e!=b)
nil!=d * I046(a, b, c, d) => I034(a,b,c,d) has base #120916699843223: ({(d, 1)}, nil=a * d!=a), #3096914140512353: ({(d, 1), (b, 1)}, nil!=d * nil!=b * d!=b), #120475412118474: ({(d, 1)}, nil=b * d!=b), #3116894315337522: ({(d, 1), (a, 1)}, nil!=d * nil!=a * d!=a)
nil!=d * d->a' * I166(a, b, c, d, a') => I046(a,b,c,d) has base #120916699843223: ({(d, 1)}, nil=a * d!=a), #3096914140512353: ({(d, 1), (b, 1)}, nil!=d * nil!=b * d!=b), #120475412118474: ({(d, 1)}, nil=b * d!=b), #3116894315337522: ({(d, 1), (a, 1)}, nil!=d * nil!=a * d!=a)
nil!=c * I021(a, b, c) => I013(a,b,c) has base #105491831049086: ({(c, 1)}, nil=a * c!=a), #2885994803885840: ({(c, 1), (b, 1)}, nil!=c * nil!=b * c!=b), #2900572145203962: ({(c, 1), (a, 1)}, nil!=c * nil!=a * c!=a), #105496508560967: ({(c, 1)}, nil=b * c!=b)
nil!=c * c->a' * I034(a, b, c, a') => I021(a,b,c) has base #105491831049086: ({(c, 1)}, nil=a * c!=a), #2900572145203962: ({(c, 1), (a, 1)}, nil!=c * nil!=a * c!=a), #2885994803885840: ({(c, 1), (b, 1)}, nil!=c * nil!=b * c!=b), #105496508560967: ({(c, 1)}, nil=b * c!=b)
nil!=b * I7277(a, b, c, d, e, f) => I7234(a,b,c,d,e,f) has base #98125054040801: ({(b, 1)}, nil!=b)
nil!=b * I007(a, b) => I003(a,b) has base #98125054040801: ({(b, 1)}, nil!=b), #100650816466128: ({(b, 1)}, nil=a * b!=a), #2972879903239779: ({(b, 1), (a, 1)}, nil!=b * nil!=a * b!=a)
nil!=b * b->a' * I11708(a, b, c, d, e, f, a') => I7277(a,b,c,d,e,f) has base #98125054040801: ({(b, 1)}, nil!=b)
nil!=b * b->a' * I2299(a, b, c, d, e, a') => I1291(a,b,c,d,e) has base #98125054040801: ({(b, 1)}, nil!=b)
nil!=b * b->a' * I013(a, b, a') => I007(a,b) has base #98125054040801: ({(b, 1)}, nil!=b), #100650816466128: ({(b, 1)}, nil=a * b!=a), #2972879903239779: ({(b, 1), (a, 1)}, nil!=b * nil!=a * b!=a)
nil!=a * I001(a) => ls(a) has base #113654613403038: ({(a, 1)}, nil!=a)
nil!=a * I056(a, b, c, d) => I047(a,b,c,d) has base #113654613403038: ({(a, 1)}, nil!=a)
nil!=a * a->a' * I61363(a, b, c, d, e, f, g, h, a') => I41372(a,b,c,d,e,f,g,h) has base #113654613403038: ({(a, 1)}, nil!=a)
nil!=a * a->a' * I41229(a, b, c, d, e, f, g, a') => I41217(a,b,c,d,e,f,g) has base #113654613403038: ({(a, 1)}, nil!=a)
nil!=a * a->a' * I063(a, b, c, d, a') => I056(a,b,c,d) has base #113654613403038: ({(a, 1)}, nil!=a)
nil!=a * a->a' * I003(a, a') => I001(a) has base #113654613403038: ({(a, 1)}, nil!=a)
h!=a * I41372(a, b, c, d, e, f, g, h) => I41339(a,b,c,d,e,f,g,h) has base #207749126508132: ({(a, 1)}, nil!=a * h!=a)
g!=a * I41217(a, b, c, d, e, f, g) => I41148(a,b,c,d,e,f,g) has base #201688242529078: ({(a, 1)}, nil!=a * g!=a)
e!=b * I1291(a, b, c, d, e) => I183(a,b,c,d,e) has base #190040835073346: ({(b, 1)}, nil!=b * e!=b)
nil=i * I215590(a, b, c, d, e, f, g, h, i) => I215556(a,b,c,d,e,f,g,h,i) has base #96005204902834: ({}, nil=a * i=a), #114611484606524: ({(a, 1)}, nil=i * i!=a)
nil=h * I41339(a, b, c, d, e, f, g, h) => I41274(a,b,c,d,e,f,g,h) has base #96003947764129: ({}, nil=a * h=a), #115223535090582: ({(a, 1)}, nil=h * h!=a)
nil=g * I41148(a, b, c, d, e, f, g) => I41123(a,b,c,d,e,f,g) has base #118390661798822: ({(a, 1)}, nil=g * g!=a), #95983089686995: ({}, nil=a * g=a)
nil=f * I7234(a, b, c, d, e, f) => I7213(a,b,c,d,e,f) has base #100606686066311: ({(b, 1)}, nil=f * f!=b), #95812348973742: ({}, nil=b * f=b)
nil=e * I183(a, b, c, d, e) => I166(a,b,c,d,e) has base #97845367909634: ({(b, 1)}, nil=e * e!=b), #95816043489518: ({}, nil=b * e=b)
nil=d * I047(a, b, c, d) => I034(a,b,c,d) has base #120335877851639: ({(a, 1)}, nil=d * d!=a), #95897070888490: ({}, nil=a * d=a)
nil=c * I022(a, b, c) => I013(a,b,c) has base #89861602162295: ({}, nil=c)
nil=b => I7234(a,b,c,d,e,f) has base #89867767163186: ({}, nil=b)
nil=b * I008(a, b) => I003(a,b) has base #89867767163186: ({}, nil=b)
nil=a => ls(a) has base #89862923715478: ({}, nil=a)
nil=a => I047(a,b,c,d) has base #89862923715478: ({}, nil=a)
h=a => I41339(a,b,c,d,e,f,g,h) has base #89879804376677: ({}, h=a)
g=a => I41148(a,b,c,d,e,f,g) has base #89858927946147: ({}, g=a)
e=b => I183(a,b,c,d,e) has base #89861572497571: ({}, e=b)
SAT: All predicates have a non-empty base.

=== slsat-abduced11
$ cyclist sl satcheck -D benchmarks/slsat/cc/abduced11.defs -p -t 60
exit: 0
emp => I008(a,b) has base #89913012185347: ({}, emp)
I43104(a, b, c, d, e, f, g, h, j) => I225135(a,b,c,d,e,f,g,h,i,j) has base #2902158673347005: ({(j, 1), (a, 1)}, nil!=j * nil!=a * j!=a), #96008985540868: ({}, nil=a * j=a), #118221954369654: ({(a, 1)}, nil=j * j!=a), #105097151302650: ({(j, 1)}, nil=a * j!=a)
I7597(h, b, c, d, e, f, g) => I11845(a,b,c,d,e,f,g,h) has base #110025179950498: ({(h, 1)}, nil!=h), #89862871870102: ({}, nil=h)
I7597(a, b, c, d, e, f, i) => I62158(a,b,c,d,e,f,g,h,i) has base #113654613403038: ({(a, 1)}, nil!=a), #89862923715478: ({}, nil=a)
I7597(a, b, c, d, e, f, h) => I43057(a,b,c,d,e,f,g,h) has base #113654613403038: ({(a, 1)}, nil!=a), #89862923715478: ({}, nil=a)
I7450(g, b, c, d, e, f) => I7509(a,b,c,d,e,f,g) has base #89852721615365: ({}, g=f), #187794576727047: ({(g, 1)}, nil!=g * g!=f)
I183(a, f, c, d, e) => I2305(a,b,c,d,e,f) has base #90592685995237: ({(f, 1)}, nil!=f), #89866518583556: ({}, nil=f)
I047(e, b, c, d) => I063(a,b,c,d,e) has base #90110888040617: ({(e, 1)}, nil!=e), #89866529555409: ({}, nil=e)
I008(b, c) => I022(a,b,c) has base #89913012185347: ({}, emp)
nil!=i * I62157(a, b, c, d, e, f, g, h, i) => I43104(a,b,c,d,e,f,g,h,i) has base #109315164614889: ({(i, 1)}, nil=a * i!=a), #3108257910976845: ({(i, 1), (a, 1)}, nil!=i * nil!=a * i!=a)
nil!=i * i->a' * I225135(a, b, c, d, e, f, g, h, i, a') => I62157(a,b,c,d,e,f,g,h,i) has base #109315164614889: ({(i, 1)}, nil=a * i!=a), #3108257910976845: ({(i, 1), (a, 1)}, nil!=i * nil!=a * i!=a)
nil!=h * I43056(a, b, c, d, e, f, g, h) => I43027(a,b,c,d,e,f,g,h) has base #111639380917722: ({(h, 1)}, nil=a * h!=a), #3116454264630913: ({(h, 1), (a, 1)}, nil!=h * nil!=a * h!=a)
nil!=h * h->a' * I43104(a, b, c, d, e, f, g, h, a') => I43056(a,b,c,d,e,f,g,h) has base #111639380917722: ({(h, 1)}, nil=a * h!=a), #3116454264630913: ({(h, 1), (a, 1)}, nil!=h * nil!=a * h!=a)
nil!=g * I7596(a, b, c, d, e, f, g) => I7544(a,b,c,d,e,f,g) has base #99147432477703: ({(g, 1)}, nil=a * g!=a), #2965703219560226: ({(g, 1), (a, 1)}, nil!=g * nil!=a * g!=a)
nil!=g * g->a' * I43027(a, b, c, d, e, f, g, a') => I7596(a,b,c,d,e,f,g) has base #99147432477703: ({(g, 1)}, nil=a * g!=a), #2965703219560226: ({(g, 1), (a, 1)}, nil!=g * nil!=a * g!=a)
nil!=f * I7449(a, b, c, d, e, f) => I7429(a,b,c,d,e,f) has base #2861566061333646: ({(f, 1), (a, 1)}, nil!=f * nil!=a * f!=a), #89825014796177: ({(f, 1)}, nil=a * f!=a)
nil!=f * f->a' * I7544(a, b, c, d, e, f, a') => I7449(a,b,c,d,e,f) has base #2861566061333646: ({(f, 1), (a, 1)}, nil!=f * nil!=a * f!=a), #89825014796177: ({(f, 1)}, nil=a * f!=a)
nil!=e * I182(a, b, c, d, e) => I166(a,b,c,d,e) has base #2861969587181394: ({(e, 1), (a, 1)}, nil!=e * nil!=a * e!=a), #92649965253639: ({(e, 1)}, nil=a * e!=a)
nil!=e * e->a' * I7429(a, b, c, d, e, a') => I182(a,b,c,d,e) has base #2861969587181394: ({(e, 1), (a, 1)}, nil!=e * nil!=a * e!=a), #92649965253639: ({(e, 1)}, nil=a * e!=a)
nil!=d * I046(a, b, c, d) => I034(a,b,c,d) has base #120916699843223: ({(d, 1)}, nil=a * d!=a), #3096914140512353: ({(d, 1), (b, 1)}, nil!=d * nil!=b * d!=b), #120475412118474: ({(d, 1)}, nil=b * d!=b), #3116894315337522: ({(d, 1), (a, 1)}, nil!=d * nil!=a * d!=a)
nil!=d * d->a' * I166(a, b, c, d, a') => I046(a,b,c,d) has base #120916699843223: ({(d, 1)}, nil=a * d!=a), #3096914140512353: ({(d, 1), (b, 1)}, nil!=d * nil!=b * d!=b), #120475412118474: ({(d, 1)}, nil=b * d!=b), #3116894315337522: ({(d, 1), (a, 1)}, nil!=d * nil!=a * d!=a)
nil!=c * I021(a, b, c) => I013(a,b,c) has base #105491831049086: ({(c, 1)}, nil=a * c!=a), #2900572145203962: ({(c, 1), (a, 1)}, nil!=c * nil!=a * c!=a), #2885994803885840: ({(c, 1), (b, 1)}, nil!=c * nil!=b * c!=b), #105496508560967: ({(c, 1)}, nil=b * c!=b)
nil!=c * c->a' * I034(a, b, c, a') => I021(a,b,c) has base #105491831049086: ({(c, 1)}, nil=a * c!=a), #2900572145203962: ({(c, 1), (a, 1)}, nil!=c * nil!=a * c!=a), #2885994803885840: ({(c, 1), (b, 1)}, nil!=c * nil!=b * c!=b), #105496508560967: ({(c, 1)}, nil=b * c!=b)
nil!=b * I1291(a, b, c, d, e) => I183(a,b,c,d,e) has base #98125054040801: ({(b, 1)}, nil!=b)
nil!=b * I007(a, b) => I003(a,b) has base #98125054040801: ({(b, 1)}, nil!=b), #100650816466128: ({(b, 1)}, nil=a * b!=a), #2972879903239779: ({(b, 1), (a, 1)}, nil!=b * nil!=a * b!=a)
nil!=b * b->a' * I2305(a, b, c, d, e, a') => I1291(a,b,c,d,e) has base #98125054040801: ({(b, 1)}, nil!=b)
nil!=b * b->a' * I013(a, b, a') => I007(a,b) has base #98125054040801: ({(b, 1)}, nil!=b), #100650816466128: ({(b, 1)}, nil=a * b!=a), #2972879903239779: ({(b, 1), (a, 1)}, nil!=b * nil!=a * b!=a)
nil!=a * I001(a) => ls(a) has base #113654613403038: ({(a, 1)}, nil!=a)
nil!=a * I7622(a, b, c, d, e, f, g) => I7597(a,b,c,d,e,f,g) has base #113654613403038: ({(a, 1)}, nil!=a)
nil!=a * I056(a, b, c, d) => I047(a,b,c,d) has base #113654613403038: ({(a, 1)}, nil!=a)
nil!=a * a->a' * I11845(a, b, c, d, e, f, g, a') => I7622(a,b,c,d,e,f,g) has base #113654613403038: ({(a, 1)}, nil!=a)
nil!=a * a->a' * I7509(a, b, c, d, e, f, a') => I7500(a,b,c,d,e,f) has base #113654613403038: ({(a, 1)}, nil!=a)
nil!=a * a->a' * I063(a, b, c, d, a') => I056(a,b,c,d) has base #113654613403038: ({(a, 1)}, nil!=a)
nil!=a * a->a' * I003(a, a') => I001(a) has base #113654613403038: ({(a, 1)}, nil!=a)
f!=a * I7500(a, b, c, d, e, f) => I7450(a,b,c,d,e,f) has base #201596639862063: ({(a, 1)}, nil!=a * f!=a)
nil=i * I62158(a, b, c, d, e, f, g, h, i) => I43104(a,b,c,d,e,f,g,h,i) has base #96005204902834: ({}, nil=a * i=a), #114611484606524: ({(a, 1)}, nil=i * i!=a)
nil=h * I43057(a, b, c, d, e, f, g, h) => I43027(a,b,c,d,e,f,g,h) has base #96003947764129: ({}, nil=a * h=a), #115223535090582: ({(a, 1)}, nil=h * h!=a)
nil=g * I7597(a, b, c, d, e, f, g) => I7544(a,b,c,d,e,f,g) has base #118390661798822: ({(a, 1)}, nil=g * g!=a), #95983089686995: ({}, nil=a * g=a)
nil=f * I7450(a, b, c, d, e, f) => I7429(a,b,c,d,e,f) has base #95981757443679: ({}, nil=a * f=a), #115108669951402: ({(a, 1)}, nil=f * f!=a)
nil=e * I183(a, b, c, d, e) => I166(a,b,c,d,e) has base #97845367909634: ({(b, 1)}, nil=e * e!=b), #95816043489518: ({}, nil=b * e=b)
nil=d * I047(a, b, c, d) => I034(a,b,c,d) has base #120335877851639: ({(a, 1)}, nil=d * d!=a), #95897070888490: ({}, nil=a * d=a)
nil=c * I022(a, b, c) => I013(a,b,c) has base #89861602162295: ({}, nil=c)
nil=b => I183(a,b,c,d,e) has base #89867767163186: ({}, nil=b)
nil=b * I008(a, b) => I003(a,b) has base #89867767163186: ({}, nil=b)
nil=a => ls(a) has base #89862923715478: ({}, nil=a)
nil=a => I7597(a,b,c,d,e,f,g) has base #89862923715478: ({}, nil=a)
nil=a => I047(a,b,c,d) has base #89862923715478: ({}, nil=a)
f=a => I7450(a,b,c,d,e,f) has base #89862464709927: ({}, f=a)
SAT: All predicates have a non-empty base.

=== slsat-abduced12
$ cyclist sl satcheck -D benchmarks/slsat/cc/abduced12.defs -p -t 60
exit: 0
emp => I008(a,b) has base #89913012185347: ({}, emp)
I43568(a, b, c, d, e, f, g, j) => I228805(a,b,c,d,e,f,g,h,i,j) has base #2902158673347005: ({(j, 1), (a, 1)}, nil!=j * nil!=a * j!=a), #96008985540868: ({}, nil=a * j=a), #118221954369654: ({(a, 1)}, nil=j * j!=a), #105097151302650: ({(j, 1)}, nil=a * j!=a)
I43631(i, b, c, d, e, f, g, h) => I62366(a,b,c,d,e,f,g,h,i) has base #201708128706847: ({(i, 1)}, nil!=i * i!=h), #89877392451704: ({}, i=h)
I43631(a, b, c, d, e, f, g, i) => I228752(a,b,c,d,e,f,g,h,i) has base #89877405990776: ({}, i=a), #207756693590809: ({(a, 1)}, nil!=a * i!=a)
I43450(h, b, c, d, e, f, g) => I43525(a,b,c,d,e,f,g,h) has base #89877372418904: ({}, h=g), #204041987786773: ({(h, 1)}, nil!=h * h!=g)
I1338(a, g, c, d, e, f) => I11866(a,b,c,d,e,f,g) has base #96646068134227: ({(g, 1)}, nil!=g), #89867808510727: ({}, nil=g)
I183(f, b, c, d, e) => I376(a,b,c,d,e,f) has base #172417568431539: ({(f, 1)}, nil!=f * f!=e), #89861750350020: ({}, f=e)
I047(e, b, c, d) => I063(a,b,c,d,e) has base #90110888040617: ({(e, 1)}, nil!=e), #89866529555409: ({}, nil=e)
I008(b, c) => I022(a,b,c) has base #89913012185347: ({}, emp)
nil!=i * I228751(a, b, c, d, e, f, g, h, i) => I228718(a,b,c,d,e,f,g,h,i) has base #109315164614889: ({(i, 1)}, nil=a * i!=a), #3108257910976845: ({(i, 1), (a, 1)}, nil!=i * nil!=a * i!=a)
nil!=i * i->a' * I228805(a, b, c, d, e, f, g, h, i, a') => I228751(a,b,c,d,e,f,g,h,i) has base #109315164614889: ({(i, 1)}, nil=a * i!=a), #3108257910976845: ({(i, 1), (a, 1)}, nil!=i * nil!=a * i!=a)
nil!=h * I43630(a, b, c, d, e, f, g, h) => I43568(a,b,c,d,e,f,g,h) has base #111639380917722: ({(h, 1)}, nil=a * h!=a), #3116454264630913: ({(h, 1), (a, 1)}, nil!=h * nil!=a * h!=a)
nil!=h * h->a' * I228718(a, b, c, d, e, f, g, h, a') => I43630(a,b,c,d,e,f,g,h) has base #111639380917722: ({(h, 1)}, nil=a * h!=a), #3116454264630913: ({(h, 1), (a, 1)}, nil!=h * nil!=a * h!=a)
nil!=g * I43449(a, b, c, d, e, f, g) => I43425(a,b,c,d,e,f,g) has base #99147432477703: ({(g, 1)}, nil=a * g!=a), #2965703219560226: ({(g, 1), (a, 1)}, nil!=g * nil!=a * g!=a)
nil!=g * g->a' * I43568(a, b, c, d, e, f, g, a') => I43449(a,b,c,d,e,f,g) has base #99147432477703: ({(g, 1)}, nil=a * g!=a), #2965703219560226: ({(g, 1), (a, 1)}, nil!=g * nil!=a * g!=a)
nil!=f * I1337(a, b, c, d, e, f) => I1317(a,b,c,d,e,f) has base #2861566061333646: ({(f, 1), (a, 1)}, nil!=f * nil!=a * f!=a), #89825014796177: ({(f, 1)}, nil=a * f!=a)
nil!=f * f->a' * I43425(a, b, c, d, e, f, a') => I1337(a,b,c,d,e,f) has base #2861566061333646: ({(f, 1), (a, 1)}, nil!=f * nil!=a * f!=a), #89825014796177: ({(f, 1)}, nil=a * f!=a)
nil!=e * I182(a, b, c, d, e) => I166(a,b,c,d,e) has base #2946899676668452: ({(e, 1), (b, 1)}, nil!=e * nil!=b * e!=b), #2861969587181394: ({(e, 1), (a, 1)}, nil!=e * nil!=a * e!=a), #92649965253639: ({(e, 1)}, nil=a * e!=a), #89391620608422: ({(e, 1)}, nil=b * e!=b)
nil!=e * e->a' * I1317(a, b, c, d, e, a') => I182(a,b,c,d,e) has base #2946899676668452: ({(e, 1), (b, 1)}, nil!=e * nil!=b * e!=b), #2861969587181394: ({(e, 1), (a, 1)}, nil!=e * nil!=a * e!=a), #92649965253639: ({(e, 1)}, nil=a * e!=a), #89391620608422: ({(e, 1)}, nil=b * e!=b)
nil!=d * I046(a, b, c, d) => I034(a,b,c,d) has base #120916699843223: ({(d, 1)}, nil=a * d!=a), #3096914140512353: ({(d, 1), (b, 1)}, nil!=d * nil!=b * d!=b), #120475412118474: ({(d, 1)}, nil=b * d!=b), #3116894315337522: ({(d, 1), (a, 1)}, nil!=d * nil!=a * d!=a)
nil!=d * d->a' * I166(a, b, c, d, a') => I046(a,b,c,d) has base #120916699843223: ({(d, 1)}, nil=a * d!=a), #3096914140512353: ({(d, 1), (b, 1)}, nil!=d * nil!=b * d!=b), #120475412118474: ({(d, 1)}, nil=b * d!=b), #3116894315337522: ({(d, 1), (a, 1)}, nil!=d * nil!=a * d!=a)
nil!=c * I021(a, b, c) => I013(a,b,c) has base #105491831049086: ({(c, 1)}, nil=a * c!=a), #2900572145203962: ({(c, 1), (a, 1)}, nil!=c * nil!=a * c!=a), #2885994803885840: ({(c, 1), (b, 1)}, nil!=c * nil!=b * c!=b), #105496508560967: ({(c, 1)}, nil=b * c!=b)
nil!=c * c->a' * I034(a, b, c, a') => I021(a,b,c) has base #105491831049086: ({(c, 1)}, nil=a * c!=a), #2900572145203962: ({(c, 1), (a, 1)}, nil!=c * nil!=a * c!=a), #2885994803885840: ({(c, 1), (b, 1)}, nil!=c * nil!=b * c!=b), #105496508560967: ({(c, 1)}, nil=b * c!=b)
nil!=b * I7640(a, b, c, d, e, f) => I1338(a,b,c,d,e,f) has base #98125054040801: ({(b, 1)}, nil!=b)
nil!=b * I007(a, b) => I003(a,b) has base #98125054040801: ({(b, 1)}, nil!=b), #100650816466128: ({(b, 1)}, nil=a * b!=a), #2972879903239779: ({(b, 1), (a, 1)}, nil!=b * nil!=a * b!=a)
nil!=b * b->a' * I11866(a, b, c, d, e, f, a') => I7640(a,b,c,d,e,f) has base #98125054040801: ({(b, 1)}, nil!=b)
nil!=b * b->a' * I013(a, b, a') => I007(a,b) has base #98125054040801: ({(b, 1)}, nil!=b), #100650816466128: ({(b, 1)}, nil=a * b!=a), #2972879903239779: ({(b, 1), (a, 1)}, nil!=b * nil!=a * b!=a)
nil!=a * I001(a) => ls(a) has base #113654613403038: ({(a, 1)}, nil!=a)
nil!=a * I056(a, b, c, d) => I047(a,b,c,d) has base #113654613403038: ({(a, 1)}, nil!=a)
nil!=a * a->a' * I62366(a, b, c, d, e, f, g, h, a') => I43662(a,b,c,d,e,f,g,h) has base #113654613403038: ({(a, 1)}, nil!=a)
nil!=a * a->a' * I43525(a, b, c, d, e, f, g, a') => I43514(a,b,c,d,e,f,g) has base #113654613403038: ({(a, 1)}, nil!=a)
nil!=a * a->a' * I376(a, b, c, d, e, a') => I196(a,b,c,d,e) has base #113654613403038: ({(a, 1)}, nil!=a)
nil!=a * a->a' * I063(a, b, c, d, a') => I056(a,b,c,d) has base #113654613403038: ({(a, 1)}, nil!=a)
nil!=a * a->a' * I003(a, a') => I001(a) has base #113654613403038: ({(a, 1)}, nil!=a)
h!=a * I43662(a, b, c, d, e, f, g, h) => I43631(a,b,c,d,e,f,g,h) has base #207749126508132: ({(a, 1)}, nil!=a * h!=a)
g!=a * I43514(a, b, c, d, e, f, g) => I43450(a,b,c,d,e,f,g) has base #201688242529078: ({(a, 1)}, nil!=a * g!=a)
e!=a * I196(a, b, c, d, e) => I183(a,b,c,d,e) has base #201620345461609: ({(a, 1)}, nil!=a * e!=a)
nil=i * I228752(a, b, c, d, e, f, g, h, i) => I228718(a,b,c,d,e,f,g,h,i) has base #96005204902834: ({}, nil=a * i=a), #114611484606524: ({(a, 1)}, nil=i * i!=a)
nil=h * I43631(a, b, c, d, e, f, g, h) => I43568(a,b,c,d,e,f,g,h) has base #96003947764129: ({}, nil=a * h=a), #115223535090582: ({(a, 1)}, nil=h * h!=a)
nil=g * I43450(a, b, c, d, e, f, g) => I43425(a,b,c,d,e,f,g) has base #118390661798822: ({(a, 1)}, nil=g * g!=a), #95983089686995: ({}, nil=a * g=a)
nil=f * I1338(a, b, c, d, e, f) => I1317(a,b,c,d,e,f) has base #100606686066311: ({(b, 1)}, nil=f * f!=b), #95812348973742: ({}, nil=b * f=b)
nil=e * I183(a, b, c, d, e) => I166(a,b,c,d,e) has base #118415385587969: ({(a, 1)}, nil=e * e!=a), #95951992836439: ({}, nil=a * e=a)
nil=d * I047(a, b, c, d) => I034(a,b,c,d) has base #120335877851639: ({(a, 1)}, nil=d * d!=a), #95897070888490: ({}, nil=a * d=a)
nil=c * I022(a, b, c) => I013(a,b,c) has base #89861602162295: ({}, nil=c)
nil=b => I1338(a,b,c,d,e,f) has base #89867767163186: ({}, nil=b)
nil=b * I008(a, b) => I003(a,b) has base #89867767163186: ({}, nil=b)
nil=a => ls(a) has base #89862923715478: ({}, nil=a)
nil=a => I047(a,b,c,d) has base #89862923715478: ({}, nil=a)
h=a => I43631(a,b,c,d,e,f,g,h) has base #89879804376677: ({}, h=a)
g=a => I43450(a,b,c,d,e,f,g) has base #89858927946147: ({}, g=a)
e=a => I183(a,b,c,d,e) has base #89856678870543: ({}, e=a)
SAT: All predicates have a non-empty base.

=== slsat-abduced13
$ cyclist sl satcheck -D benchmarks/slsat/cc/abduced13.defs -p -t 60
exit: 0
emp => I008(a,b) has base #89913012185347: ({}, emp)
I44093(a, b, c, d, e, f, g, h, j) => I231436(a,b,c,d,e,f,g,h,i,j) has base #2902158673347005: ({(j, 1), (a, 1)}, nil!=j * nil!=a * j!=a), #96008985540868: ({}, nil=a * j=a), #118221954369654: ({(a, 1)}, nil=j * j!=a), #105097151302650: ({(j, 1)}, nil=a * j!=a)
I7725(h, b, c, d, e, f, g) => I11907(a,b,c,d,e,f,g,h) has base #89877372418904: ({}, h=g), #204041987786773: ({(h, 1)}, nil!=h * h!=g)
I7725(a, b, c, d, e, f, i) => I62594(a,b,c,d,e,f,g,h,i) has base #89877405990776: ({}, i=a), #207756693590809: ({(a, 1)}, nil!=a * i!=a)
I7725(a, b, c, d, e, f, h) => I44050(a,b,c,d,e,f,g,h) has base #89879804376677: ({}, h=a), #207749126508132: ({(a, 1)}, nil!=a * h!=a)
I1338(g, b, c, d, e, f) => I2317(a,b,c,d,e,f,g) has base #89852721615365: ({}, g=f), #187794576727047: ({(g, 1)}, nil!=g * g!=f)
I183(f, b, c, d, e) => I376(a,b,c,d,e,f) has base #172417568431539: ({(f, 1)}, nil!=f * f!=e), #89861750350020: ({}, f=e)
I047(e, b, c, d) => I063(a,b,c,d,e) has base #90110888040617: ({(e, 1)}, nil!=e), #89866529555409: ({}, nil=e)
I008(b, c) => I022(a,b,c) has base #89913012185347: ({}, emp)
nil!=i * I62593(a, b, c, d, e, f, g, h, i) => I44093(a,b,c,d,e,f,g,h,i) has base #109315164614889: ({(i, 1)}, nil=a * i!=a), #3108257910976845: ({(i, 1), (a, 1)}, nil!=i * nil!=a * i!=a)
nil!=i * i->a' * I231436(a, b, c, d, e, f, g, h, i, a') => I62593(a,b,c,d,e,f,g,h,i) has base #109315164614889: ({(i, 1)}, nil=a * i!=a), #3108257910976845: ({(i, 1), (a, 1)}, nil!=i * nil!=a * i!=a)
nil!=h * I44049(a, b, c, d, e, f, g, h) => I44020(a,b,c,d,e,f,g,h) has base #111639380917722: ({(h, 1)}, nil=a * h!=a), #3116454264630913: ({(h, 1), (a, 1)}, nil!=h * nil!=a * h!=a)
nil!=h * h->a' * I44093(a, b, c, d, e, f, g, h, a') => I44049(a,b,c,d,e,f,g,h) has base #111639380917722: ({(h, 1)}, nil=a * h!=a), #3116454264630913: ({(h, 1), (a, 1)}, nil!=h * nil!=a * h!=a)
nil!=g * I7724(a, b, c, d, e, f, g) => I7674(a,b,c,d,e,f,g) has base #99147432477703: ({(g, 1)}, nil=a * g!=a), #2965703219560226: ({(g, 1), (a, 1)}, nil!=g * nil!=a * g!=a)
nil!=g * g->a' * I44020(a, b, c, d, e, f, g, a') => I7724(a,b,c,d,e,f,g) has base #99147432477703: ({(g, 1)}, nil=a * g!=a), #2965703219560226: ({(g, 1), (a, 1)}, nil!=g * nil!=a * g!=a)
nil!=f * I1337(a, b, c, d, e, f) => I1317(a,b,c,d,e,f) has base #2861566061333646: ({(f, 1), (a, 1)}, nil!=f * nil!=a * f!=a), #89825014796177: ({(f, 1)}, nil=a * f!=a)
nil!=f * f->a' * I7674(a, b, c, d, e, f, a') => I1337(a,b,c,d,e,f) has base #2861566061333646: ({(f, 1), (a, 1)}, nil!=f * nil!=a * f!=a), #89825014796177: ({(f, 1)}, nil=a * f!=a)
nil!=e * I182(a, b, c, d, e) => I166(a,b,c,d,e) has base #2861969587181394: ({(e, 1), (a, 1)}, nil!=e * nil!=a * e!=a), #92649965253639: ({(e, 1)}, nil=a * e!=a)
nil!=e * e->a' * I1317(a, b, c, d, e, a') => I182(a,b,c,d,e) has base #2861969587181394: ({(e, 1), (a, 1)}, nil!=e * nil!=a * e!=a), #92649965253639: ({(e, 1)}, nil=a * e!=a)
nil!=d * I046(a, b, c, d) => I034(a,b,c,d) has base #120916699843223: ({(d, 1)}, nil=a * d!=a), #3116894315337522: ({(d, 1), (a, 1)}, nil!=d * nil!=a * d!=a)
nil!=d * d->a' * I166(a, b, c, d, a') => I046(a,b,c,d) has base #120916699843223: ({(d, 1)}, nil=a * d!=a), #3116894315337522: ({(d, 1), (a, 1)}, nil!=d * nil!=a * d!=a)
nil!=c * I021(a, b, c) => I013(a,b,c) has base #105491831049086: ({(c, 1)}, nil=a * c!=a), #2900572145203962: ({(c, 1), (a, 1)}, nil!=c * nil!=a * c!=a)
nil!=c * c->a' * I034(a, b, c, a') => I021(a,b,c) has base #105491831049086: ({(c, 1)}, nil=a * c!=a), #2900572145203962: ({(c, 1), (a, 1)}, nil!=c * nil!=a * c!=a)
nil!=b * I007(a, b) => I003(a,b) has base #98125054040801: ({(b, 1)}, nil!=b), #100650816466128: ({(b, 1)}, nil=a * b!=a), #2972879903239779: ({(b, 1), (a, 1)}, nil!=b * nil!=a * b!=a)
nil!=b * b->a' * I013(a, b, a') => I007(a,b) has base #98125054040801: ({(b, 1)}, nil!=b), #100650816466128: ({(b, 1)}, nil=a * b!=a), #2972879903239779: ({(b, 1), (a, 1)}, nil!=b * nil!=a * b!=a)
nil!=a * I001(a) => ls(a) has base #113654613403038: ({(a, 1)}, nil!=a)
nil!=a * I056(a, b, c, d) => I047(a,b,c,d) has base #113654613403038: ({(a, 1)}, nil!=a)
nil!=a * a->a' * I11907(a, b, c, d, e, f, g, a') => I7748(a,b,c,d,e,f,g) has base #113654613403038: ({(a, 1)}, nil!=a)
nil!=a * a->a' * I2317(a, b, c, d, e, f, a') => I1355(a,b,c,d,e,f) has base #113654613403038: ({(a, 1)}, nil!=a)
nil!=a * a->a' * I376(a, b, c, d, e, a') => I196(a,b,c,d,e) has base #113654613403038: ({(a, 1)}, nil!=a)
nil!=a * a->a' * I063(a, b, c, d, a') => I056(a,b,c,d) has base #113654613403038: ({(a, 1)}, nil!=a)
nil!=a * a->a' * I003(a, a') => I001(a) has base #113654613403038: ({(a, 1)}, nil!=a)
g!=a * I7748(a, b, c, d, e, f, g) => I7725(a,b,c,d,e,f,g) has base #201688242529078: ({(a, 1)}, nil!=a * g!=a)
f!=a * I1355(a, b, c, d, e, f) => I1338(a,b,c,d,e,f) has base #201596639862063: ({(a, 1)}, nil!=a * f!=a)
e!=a * I196(a, b, c, d, e) => I183(a,b,c,d,e) has base #201620345461609: ({(a, 1)}, nil!=a * e!=a)
nil=i * I62594(a, b, c, d, e, f, g, h, i) => I44093(a,b,c,d,e,f,g,h,i) has base #96005204902834: ({}, nil=a * i=a), #114611484606524: ({(a, 1)}, nil=i * i!=a)
nil=h * I44050(a, b, c, d, e, f, g, h) => I44020(a,b,c,d,e,f,g,h) has base #96003947764129: ({}, nil=a * h=a), #115223535090582: ({(a, 1)}, nil=h * h!=a)
nil=g * I7725(a, b, c, d, e, f, g) => I7674(a,b,c,d,e,f,g) has base #118390661798822: ({(a, 1)}, nil=g * g!=a), #95983089686995: ({}, nil=a * g=a)
nil=f * I1338(a, b, c, d, e, f) => I1317(a,b,c,d,e,f) has base #95981757443679: ({}, nil=a * f=a), #115108669951402: ({(a, 1)}, nil=f * f!=a)
nil=e * I183(a, b, c, d, e) => I166(a,b,c,d,e) has base #118415385587969: ({(a, 1)}, nil=e * e!=a), #95951992836439: ({}, nil=a * e=a)
nil=d * I047(a, b, c, d) => I034(a,b,c,d) has base #120335877851639: ({(a, 1)}, nil=d * d!=a), #95897070888490: ({}, nil=a * d=a)
nil=c * I022(a, b, c) => I013(a,b,c) has base #89861602162295: ({}, nil=c)
nil=b * I008(a, b) => I003(a,b) has base #89867767163186: ({}, nil=b)
nil=a => ls(a) has base #89862923715478: ({}, nil=a)
nil=a => I047(a,b,c,d) has base #89862923715478: ({}, nil=a)
g=a => I7725(a,b,c,d,e,f,g) has base #89858927946147: ({}, g=a)
f=a => I1338(a,b,c,d,e,f) has base #89862464709927: ({}, f=a)
e=a => I183(a,b,c,d,e) has base #89856678870543: ({}, e=a)
SAT: All predicates have a non-empty base.

=== slsat-abduced14
$ cyclist sl satcheck -D benchmarks/slsat/cc/abduced14.defs -p -t 60
exit: 0
emp => I008(a,b) has base #89913012185347: ({}, emp)
I7674(a, b, c, d, e, f, j) => I231484(a,b,c,d,e,f,g,h,i,j) has base #2902158673347005: ({(j, 1), (a, 1)}, nil!=j * nil!=a * j!=a), #96008985540868: ({}, nil=a * j=a), #118221954369654: ({(a, 1)}, nil=j * j!=a), #105097151302650: ({(j, 1)}, nil=a * j!=a)
I7725(h, b, c, d, e, f, g) => I11916(a,b,c,d,e,f,g,h) has base #110025179950498: ({(h, 1)}, nil!=h), #89862871870102: ({}, nil=h)
I7725(a, b, c, d, e, f, i) => I62628(a,b,c,d,e,f,g,h,i) has base #113654613403038: ({(a, 1)}, nil!=a), #89862923715478: ({}, nil=a)
I7725(a, b, c, d, e, f, h) => I44164(a,b,c,d,e,f,g,h) has base #113654613403038: ({(a, 1)}, nil!=a), #89862923715478: ({}, nil=a)
I1338(g, b, c, d, e, f) => I2317(a,b,c,d,e,f,g) has base #89852721615365: ({}, g=f), #187794576727047: ({(g, 1)}, nil!=g * g!=f)
I183(f, b, c, d, e) => I376(a,b,c,d,e,f) has base #172417568431539: ({(f, 1)}, nil!=f * f!=e), #89861750350020: ({}, f=e)
I047(e, b, c, d) => I063(a,b,c,d,e) has base #90110888040617: ({(e, 1)}, nil!=e), #89866529555409: ({}, nil=e)
I008(b, c) => I022(a,b,c) has base #89913012185347: ({}, emp)
nil!=i * I62627(a, b, c, d, e, f, g, h, i) => I44209(a,b,c,d,e,f,g,h,i) has base #109315164614889: ({(i, 1)}, nil=a * i!=a), #3108257910976845: ({(i, 1), (a, 1)}, nil!=i * nil!=a * i!=a)
nil!=i * i->a' * I231484(a, b, c, d, e, f, g, h, i, a') => I62627(a,b,c,d,e,f,g,h,i) has base #109315164614889: ({(i, 1)}, nil=a * i!=a), #3108257910976845: ({(i, 1), (a, 1)}, nil!=i * nil!=a * i!=a)
nil!=h * I44163(a, b, c, d, e, f, g, h) => I44134(a,b,c,d,e,f,g,h) has base #111639380917722: ({(h, 1)}, nil=a * h!=a), #3116454264630913: ({(h, 1), (a, 1)}, nil!=h * nil!=a * h!=a)
nil!=h * h->a' * I44209(a, b, c, d, e, f, g, h, a') => I44163(a,b,c,d,e,f,g,h) has base #111639380917722: ({(h, 1)}, nil=a * h!=a), #3116454264630913: ({(h, 1), (a, 1)}, nil!=h * nil!=a * h!=a)
nil!=g * I7724(a, b, c, d, e, f, g) => I7674(a,b,c,d,e,f,g) has base #99147432477703: ({(g, 1)}, nil=a * g!=a), #2965703219560226: ({(g, 1), (a, 1)}, nil!=g * nil!=a * g!=a)
nil!=g * g->a' * I44134(a, b, c, d, e, f, g, a') => I7724(a,b,c,d,e,f,g) has base #99147432477703: ({(g, 1)}, nil=a * g!=a), #2965703219560226: ({(g, 1), (a, 1)}, nil!=g * nil!=a * g!=a)
nil!=f * I1337(a, b, c, d, e, f) => I1317(a,b,c,d,e,f) has base #2861566061333646: ({(f, 1), (a, 1)}, nil!=f * nil!=a * f!=a), #89825014796177: ({(f, 1)}, nil=a * f!=a)
nil!=f * f->a' * I7674(a, b, c, d, e, f, a') => I1337(a,b,c,d,e,f) has base #2861566061333646: ({(f, 1), (a, 1)}, nil!=f * nil!=a * f!=a), #89825014796177: ({(f, 1)}, nil=a * f!=a)
nil!=e * I182(a, b, c, d, e) => I166(a,b,c,d,e) has base #2861969587181394: ({(e, 1), (a, 1)}, nil!=e * nil!=a * e!=a), #92649965253639: ({(e, 1)}, nil=a * e!=a)
nil!=e * e->a' * I1317(a, b, c, d, e, a') => I182(a,b,c,d,e) has base #2861969587181394: ({(e, 1), (a, 1)}, nil!=e * nil!=a * e!=a), #92649965253639: ({(e, 1)}, nil=a * e!=a)
nil!=d * I046(a, b, c, d) => I034(a,b,c,d) has base #120916699843223: ({(d, 1)}, nil=a * d!=a), #3116894315337522: ({(d, 1), (a, 1)}, nil!=d * nil!=a * d!=a)
nil!=d * d->a' * I166(a, b, c, d, a') => I046(a,b,c,d) has base #120916699843223: ({(d, 1)}, nil=a * d!=a), #3116894315337522: ({(d, 1), (a, 1)}, nil!=d * nil!=a * d!=a)
nil!=c * I021(a, b, c) => I013(a,b,c) has base #105491831049086: ({(c, 1)}, nil=a * c!=a), #2900572145203962: ({(c, 1), (a, 1)}, nil!=c * nil!=a * c!=a)
nil!=c * c->a' * I034(a, b, c, a') => I021(a,b,c) has base #105491831049086: ({(c, 1)}, nil=a * c!=a), #2900572145203962: ({(c, 1), (a, 1)}, nil!=c * nil!=a * c!=a)
nil!=b * I007(a, b) => I003(a,b) has base #98125054040801: ({(b, 1)}, nil!=b), #100650816466128: ({(b, 1)}, nil=a * b!=a), #2972879903239779: ({(b, 1), (a, 1)}, nil!=b * nil!=a * b!=a)
nil!=b * b->a' * I013(a, b, a') => I007(a,b) has base #98125054040801: ({(b, 1)}, nil!=b), #100650816466128: ({(b, 1)}, nil=a * b!=a), #2972879903239779: ({(b, 1), (a, 1)}, nil!=b * nil!=a * b!=a)
nil!=a * I001(a) => ls(a) has base #113654613403038: ({(a, 1)}, nil!=a)
nil!=a * I7748(a, b, c, d, e, f, g) => I7725(a,b,c,d,e,f,g) has base #113654613403038: ({(a, 1)}, nil!=a)
nil!=a * I056(a, b, c, d) => I047(a,b,c,d) has base #113654613403038: ({(a, 1)}, nil!=a)
nil!=a * a->a' * I11916(a, b, c, d, e, f, g, a') => I7748(a,b,c,d,e,f,g) has base #113654613403038: ({(a, 1)}, nil!=a)
nil!=a * a->a' * I2317(a, b, c, d, e, f, a') => I1355(a,b,c,d,e,f) has base #113654613403038: ({(a, 1)}, nil!=a)
nil!=a * a->a' * I376(a, b, c, d, e, a') => I196(a,b,c,d,e) has base #113654613403038: ({(a, 1)}, nil!=a)
nil!=a * a->a' * I063(a, b, c, d, a') => I056(a,b,c,d) has base #113654613403038: ({(a, 1)}, nil!=a)
nil!=a * a->a' * I003(a, a') => I001(a) has base #113654613403038: ({(a, 1)}, nil!=a)
f!=a * I1355(a, b, c, d, e, f) => I1338(a,b,c,d,e,f) has base #201596639862063: ({(a, 1)}, nil!=a * f!=a)
e!=a * I196(a, b, c, d, e) => I183(a,b,c,d,e) has base #201620345461609: ({(a, 1)}, nil!=a * e!=a)
nil=i * I62628(a, b, c, d, e, f, g, h, i) => I44209(a,b,c,d,e,f,g,h,i) has base #96005204902834: ({}, nil=a * i=a), #114611484606524: ({(a, 1)}, nil=i * i!=a)
nil=h * I44164(a, b, c, d, e, f, g, h) => I44134(a,b,c,d,e,f,g,h) has base #96003947764129: ({}, nil=a * h=a), #115223535090582: ({(a, 1)}, nil=h * h!=a)
nil=g * I7725(a, b, c, d, e, f, g) => I7674(a,b,c,d,e,f,g) has base #118390661798822: ({(a, 1)}, nil=g * g!=a), #95983089686995: ({}, nil=a * g=a)
nil=f * I1338(a, b, c, d, e, f) => I1317(a,b,c,d,e,f) has base #95981757443679: ({}, nil=a * f=a), #115108669951402: ({(a, 1)}, nil=f * f!=a)
nil=e * I183(a, b, c, d, e) => I166(a,b,c,d,e) has base #118415385587969: ({(a, 1)}, nil=e * e!=a), #95951992836439: ({}, nil=a * e=a)
nil=d * I047(a, b, c, d) => I034(a,b,c,d) has base #120335877851639: ({(a, 1)}, nil=d * d!=a), #95897070888490: ({}, nil=a * d=a)
nil=c * I022(a, b, c) => I013(a,b,c) has base #89861602162295: ({}, nil=c)
nil=b * I008(a, b) => I003(a,b) has base #89867767163186: ({}, nil=b)
nil=a => ls(a) has base #89862923715478: ({}, nil=a)
nil=a => I7725(a,b,c,d,e,f,g) has base #89862923715478: ({}, nil=a)
nil=a => I047(a,b,c,d) has base #89862923715478: ({}, nil=a)
f=a => I1338(a,b,c,d,e,f) has base #89862464709927: ({}, f=a)
e=a => I183(a,b,c,d,e) has base #89856678870543: ({}, e=a)
SAT: All predicates have a non-empty base.

=== slsat-abduced15
$ cyclist sl satcheck -D benchmarks/slsat/cc/abduced15.defs -p -t 60
exit: 0
emp => I008(a,b) has base #89913012185347: ({}, emp)
I46936(a, b, c, d, e, f, g, h, j) => I244171(a,b,c,d,e,f,g,h,i,j) has base #2902158673347005: ({(j, 1), (a, 1)}, nil!=j * nil!=a * j!=a), #96008985540868: ({}, nil=a * j=a), #118221954369654: ({(a, 1)}, nil=j * j!=a), #105097151302650: ({(j, 1)}, nil=a * j!=a)
I8283(h, b, c, d, e, f, g) => I12177(a,b,c,d,e,f,g,h) has base #110025179950498: ({(h, 1)}, nil!=h), #89862871870102: ({}, nil=h)
I8283(a, b, c, d, e, f, i) => I63852(a,b,c,d,e,f,g,h,i) has base #113654613403038: ({(a, 1)}, nil!=a), #89862923715478: ({}, nil=a)
I8283(a, b, c, d, e, f, h) => I46891(a,b,c,d,e,f,g,h) has base #113654613403038: ({(a, 1)}, nil!=a), #89862923715478: ({}, nil=a)
I1422(g, b, c, d, e, f) => I2363(a,b,c,d,e,f,g) has base #96646068134227: ({(g, 1)}, nil!=g), #89867808510727: ({}, nil=g)
I183(f, b, c, d, e) => I381(a,b,c,d,e,f) has base #90592685995237: ({(f, 1)}, nil!=f), #89866518583556: ({}, nil=f)
I047(e, b, c, d) => I063(a,b,c,d,e) has base #90110888040617: ({(e, 1)}, nil!=e), #89866529555409: ({}, nil=e)
I008(b, c) => I022(a,b,c) has base #89913012185347: ({}, emp)
nil!=i * I63851(a, b, c, d, e, f, g, h, i) => I46936(a,b,c,d,e,f,g,h,i) has base #109315164614889: ({(i, 1)}, nil=a * i!=a), #3108257910976845: ({(i, 1), (a, 1)}, nil!=i * nil!=a * i!=a)
nil!=i * i->a' * I244171(a, b, c, d, e, f, g, h, i, a') => I63851(a,b,c,d,e,f,g,h,i) has base #109315164614889: ({(i, 1)}, nil=a * i!=a), #3108257910976845: ({(i, 1), (a, 1)}, nil!=i * nil!=a * i!=a)
nil!=h * I46890(a, b, c, d, e, f, g, h) => I46861(a,b,c,d,e,f,g,h) has base #111639380917722: ({(h, 1)}, nil=a * h!=a), #3116454264630913: ({(h, 1), (a, 1)}, nil!=h * nil!=a * h!=a)
nil!=h * h->a' * I46936(a, b, c, d, e, f, g, h, a') => I46890(a,b,c,d,e,f,g,h) has base #111639380917722: ({(h, 1)}, nil=a * h!=a), #3116454264630913: ({(h, 1), (a, 1)}, nil!=h * nil!=a * h!=a)
nil!=g * I8282(a, b, c, d, e, f, g) => I8230(a,b,c,d,e,f,g) has base #99147432477703: ({(g, 1)}, nil=a * g!=a), #2965703219560226: ({(g, 1), (a, 1)}, nil!=g * nil!=a * g!=a)
nil!=g * g->a' * I46861(a, b, c, d, e, f, g, a') => I8282(a,b,c,d,e,f,g) has base #99147432477703: ({(g, 1)}, nil=a * g!=a), #2965703219560226: ({(g, 1), (a, 1)}, nil!=g * nil!=a * g!=a)
nil!=f * I1421(a, b, c, d, e, f) => I1401(a,b,c,d,e,f) has base #2861566061333646: ({(f, 1), (a, 1)}, nil!=f * nil!=a * f!=a), #89825014796177: ({(f, 1)}, nil=a * f!=a)
nil!=f * f->a' * I8230(a, b, c, d, e, f, a') => I1421(a,b,c,d,e,f) has base #2861566061333646: ({(f, 1), (a, 1)}, nil!=f * nil!=a * f!=a), #89825014796177: ({(f, 1)}, nil=a * f!=a)
nil!=e * I182(a, b, c, d, e) => I166(a,b,c,d,e) has base #2861969587181394: ({(e, 1), (a, 1)}, nil!=e * nil!=a * e!=a), #92649965253639: ({(e, 1)}, nil=a * e!=a)
nil!=e * e->a' * I1401(a, b, c, d, e, a') => I182(a,b,c,d,e) has base #2861969587181394: ({(e, 1), (a, 1)}, nil!=e * nil!=a * e!=a), #92649965253639: ({(e, 1)}, nil=a * e!=a)
nil!=d * I046(a, b, c, d) => I034(a,b,c,d) has base #120916699843223: ({(d, 1)}, nil=a * d!=a), #3116894315337522: ({(d, 1), (a, 1)}, nil!=d * nil!=a * d!=a)
nil!=d * d->a' * I166(a, b, c, d, a') => I046(a,b,c,d) has base #120916699843223: ({(d, 1)}, nil=a * d!=a), #3116894315337522: ({(d, 1), (a, 1)}, nil!=d * nil!=a * d!=a)
nil!=c * I021(a, b, c) => I013(a,b,c) has base #105491831049086: ({(c, 1)}, nil=a * c!=a), #2900572145203962: ({(c, 1), (a, 1)}, nil!=c * nil!=a * c!=a)
nil!=c * c->a' * I034(a, b, c, a') => I021(a,b,c) has base #105491831049086: ({(c, 1)}, nil=a * c!=a), #2900572145203962: ({(c, 1), (a, 1)}, nil!=c * nil!=a * c!=a)
nil!=b * I007(a, b) => I003(a,b) has base #98125054040801: ({(b, 1)}, nil!=b), #100650816466128: ({(b, 1)}, nil=a * b!=a), #2972879903239779: ({(b, 1), (a, 1)}, nil!=b * nil!=a * b!=a)
nil!=b * b->a' * I013(a, b, a') => I007(a,b) has base #98125054040801: ({(b, 1)}, nil!=b), #100650816466128: ({(b, 1)}, nil=a * b!=a), #2972879903239779: ({(b, 1), (a, 1)}, nil!=b * nil!=a * b!=a)
nil!=a * I001(a) => ls(a) has base #113654613403038: ({(a, 1)}, nil!=a)
nil!=a * I8308(a, b, c, d, e, f, g) => I8283(a,b,c,d,e,f,g) has base #113654613403038: ({(a, 1)}, nil!=a)
nil!=a * I1441(a, b, c, d, e, f) => I1422(a,b,c,d,e,f) has base #113654613403038: ({(a, 1)}, nil!=a)
nil!=a * I196(a, b, c, d, e) => I183(a,b,c,d,e) has base #113654613403038: ({(a, 1)}, nil!=a)
nil!=a * I056(a, b, c, d) => I047(a,b,c,d) has base #113654613403038: ({(a, 1)}, nil!=a)
nil!=a * a->a' * I12177(a, b, c, d, e, f, g, a') => I8308(a,b,c,d,e,f,g) has base #113654613403038: ({(a, 1)}, nil!=a)
nil!=a * a->a' * I2363(a, b, c, d, e, f, a') => I1441(a,b,c,d,e,f) has base #113654613403038: ({(a, 1)}, nil!=a)
nil!=a * a->a' * I381(a, b, c, d, e, a') => I196(a,b,c,d,e) has base #113654613403038: ({(a, 1)}, nil!=a)
nil!=a * a->a' * I063(a, b, c, d, a') => I056(a,b,c,d) has base #113654613403038: ({(a, 1)}, nil!=a)
nil!=a * a->a' * I003(a, a') => I001(a) has base #113654613403038: ({(a, 1)}, nil!=a)
nil=i * I63852(a, b, c, d, e, f, g, h, i) => I46936(a,b,c,d,e,f,g,h,i) has base #96005204902834: ({}, nil=a * i=a), #114611484606524: ({(a, 1)}, nil=i * i!=a)
nil=h * I46891(a, b, c, d, e, f, g, h) => I46861(a,b,c,d,e,f,g,h) has base #96003947764129: ({}, nil=a * h=a), #115223535090582: ({(a, 1)}, nil=h * h!=a)
nil=g * I8283(a, b, c, d, e, f, g) => I8230(a,b,c,d,e,f,g) has base #118390661798822: ({(a, 1)}, nil=g * g!=a), #95983089686995: ({}, nil=a * g=a)
nil=f * I1422(a, b, c, d, e, f) => I1401(a,b,c,d,e,f) has base #95981757443679: ({}, nil=a * f=a), #115108669951402: ({(a, 1)}, nil=f * f!=a)
nil=e * I183(a, b, c, d, e) => I166(a,b,c,d,e) has base #118415385587969: ({(a, 1)}, nil=e * e!=a), #95951992836439: ({}, nil=a * e=a)
nil=d * I047(a, b, c, d) => I034(a,b,c,d) has base #120335877851639: ({(a, 1)}, nil=d * d!=a), #95897070888490: ({}, nil=a * d=a)
nil=c * I022(a, b, c) => I013(a,b,c) has base #89861602162295: ({}, nil=c)
nil=b * I008(a, b) => I003(a,b) has base #89867767163186: ({}, nil=b)
nil=a => ls(a) has base #89862923715478: ({}, nil=a)
nil=a => I8283(a,b,c,d,e,f,g) has base #89862923715478: ({}, nil=a)
nil=a => I1422(a,b,c,d,e,f) has base #89862923715478: ({}, nil=a)
nil=a => I183(a,b,c,d,e) has base #89862923715478: ({}, nil=a)
nil=a => I047(a,b,c,d) has base #89862923715478: ({}, nil=a)
SAT: All predicates have a non-empty base.

=== slsat-abduced16
$ cyclist sl satcheck -D benchmarks/slsat/cc/abduced16.defs -p -t 60
exit: 0
emp => I008(a,b) has base #89913012185347: ({}, emp)
I1401(a, b, c, d, e, j) => I244448(a,b,c,d,e,f,g,h,i,j) has base #107924639740510: ({(c, 1)}, nil=j * j!=c), #105135536540185: ({(j, 1)}, nil=c * j!=c), #96001995993722: ({}, nil=c * j=c), #2889898069609928: ({(j, 1), (c, 1)}, nil!=j * nil!=c * j!=c)
I1444(a, b, g, d, e, f) => I63867(a,b,c,d,e,f,g) has base #89852721615365: ({}, g=f), #187794576727047: ({(g, 1)}, nil!=g * g!=f)
I1444(a, b, c, d, e, i) => I244401(a,b,c,d,e,f,g,h,i) has base #89879269288355: ({}, i=c), #194335732885489: ({(c, 1)}, nil!=c * i!=c)
I1444(a, b, c, d, e, h) => I244323(a,b,c,d,e,f,g,h) has base #194517514852516: ({(c, 1)}, nil!=c * h!=c), #89877405778888: ({}, h=c)
I1444(a, b, c, d, e, g) => I244254(a,b,c,d,e,f,g) has base #197031784965986: ({(c, 1)}, nil!=c * g!=c), #89856459354816: ({}, g=c)
I183(f, b, c, d, e) => I381(a,b,c,d,e,f) has base #90592685995237: ({(f, 1)}, nil!=f), #89866518583556: ({}, nil=f)
I047(e, b, c, d) => I063(a,b,c,d,e) has base #90110888040617: ({(e, 1)}, nil!=e), #89866529555409: ({}, nil=e)
I008(b, c) => I022(a,b,c) has base #89913012185347: ({}, emp)
nil!=i * I244400(a, b, c, d, e, f, g, h, i) => I244367(a,b,c,d,e,f,g,h,i) has base #109286454520953: ({(i, 1)}, nil=c * i!=c), #3100130272185683: ({(i, 1), (c, 1)}, nil!=i * nil!=c * i!=c)
nil!=i * i->a' * I244448(a, b, c, d, e, f, g, h, i, a') => I244400(a,b,c,d,e,f,g,h,i) has base #109286454520953: ({(i, 1)}, nil=c * i!=c), #3100130272185683: ({(i, 1), (c, 1)}, nil!=i * nil!=c * i!=c)
nil!=h * I244322(a, b, c, d, e, f, g, h) => I244293(a,b,c,d,e,f,g,h) has base #111695452744489: ({(h, 1)}, nil=c * h!=c), #3099070367888731: ({(h, 1), (c, 1)}, nil!=h * nil!=c * h!=c)
nil!=h * h->a' * I244367(a, b, c, d, e, f, g, h, a') => I244322(a,b,c,d,e,f,g,h) has base #111695452744489: ({(h, 1)}, nil=c * h!=c), #3099070367888731: ({(h, 1), (c, 1)}, nil!=h * nil!=c * h!=c)
nil!=g * I244253(a, b, c, d, e, f, g) => I244228(a,b,c,d,e,f,g) has base #99122435093021: ({(g, 1)}, nil=c * g!=c), #2951987902458929: ({(g, 1), (c, 1)}, nil!=g * nil!=c * g!=c)
nil!=g * g->a' * I244293(a, b, c, d, e, f, g, a') => I244253(a,b,c,d,e,f,g) has base #99122435093021: ({(g, 1)}, nil=c * g!=c), #2951987902458929: ({(g, 1), (c, 1)}, nil!=g * nil!=c * g!=c)
nil!=f * I1443(a, b, c, d, e, f) => I1401(a,b,c,d,e,f) has base #93164227246469: ({(f, 1)}, nil=c * f!=c), #2851290456956539: ({(f, 1), (c, 1)}, nil!=f * nil!=c * f!=c)
nil!=f * f->a' * I244228(a, b, c, d, e, f, a') => I1443(a,b,c,d,e,f) has base #93164227246469: ({(f, 1)}, nil=c * f!=c), #2851290456956539: ({(f, 1), (c, 1)}, nil!=f * nil!=c * f!=c)
nil!=e * I182(a, b, c, d, e) => I166(a,b,c,d,e) has base #89393263184671: ({(e, 1)}, nil=c * e!=c), #2851522198691269: ({(e, 1), (c, 1)}, nil!=e * nil!=c * e!=c)
nil!=e * e->a' * I1401(a, b, c, d, e, a') => I182(a,b,c,d,e) has base #89393263184671: ({(e, 1)}, nil=c * e!=c), #2851522198691269: ({(e, 1), (c, 1)}, nil!=e * nil!=c * e!=c)
nil!=d * I046(a, b, c, d) => I034(a,b,c,d) has base #3104323321204489: ({(d, 1), (c, 1)}, nil!=d * nil!=c * d!=c), #120453804431014: ({(d, 1)}, nil=c * d!=c), #120916699843223: ({(d, 1)}, nil=a * d!=a), #3116894315337522: ({(d, 1), (a, 1)}, nil!=d * nil!=a * d!=a)
nil!=d * d->a' * I166(a, b, c, d, a') => I046(a,b,c,d) has base #3104323321204489: ({(d, 1), (c, 1)}, nil!=d * nil!=c * d!=c), #120453804431014: ({(d, 1)}, nil=c * d!=c), #120916699843223: ({(d, 1)}, nil=a * d!=a), #3116894315337522: ({(d, 1), (a, 1)}, nil!=d * nil!=a * d!=a)
nil!=c * I021(a, b, c) => I013(a,b,c) has base #105491831049086: ({(c, 1)}, nil=a * c!=a), #2900572145203962: ({(c, 1), (a, 1)}, nil!=c * nil!=a * c!=a)
nil!=c * c->a' * I63867(a, b, c, d, e, f, a') => I46955(a,b,c,d,e,f) has base #104915620748399: ({(c, 1)}, nil!=c)
nil!=c * c->a' * I034(a, b, c, a') => I021(a,b,c) has base #105491831049086: ({(c, 1)}, nil=a * c!=a), #2900572145203962: ({(c, 1), (a, 1)}, nil!=c * nil!=a * c!=a)
nil!=b * I007(a, b) => I003(a,b) has base #98125054040801: ({(b, 1)}, nil!=b), #100650816466128: ({(b, 1)}, nil=a * b!=a), #2972879903239779: ({(b, 1), (a, 1)}, nil!=b * nil!=a * b!=a)
nil!=b * b->a' * I013(a, b, a') => I007(a,b) has base #98125054040801: ({(b, 1)}, nil!=b), #100650816466128: ({(b, 1)}, nil=a * b!=a), #2972879903239779: ({(b, 1), (a, 1)}, nil!=b * nil!=a * b!=a)
nil!=a * I001(a) => ls(a) has base #113654613403038: ({(a, 1)}, nil!=a)
nil!=a * I196(a, b, c, d, e) => I183(a,b,c,d,e) has base #113654613403038: ({(a, 1)}, nil!=a)
nil!=a * I056(a, b, c, d) => I047(a,b,c,d) has base #113654613403038: ({(a, 1)}, nil!=a)
nil!=a * a->a' * I381(a, b, c, d, e, a') => I196(a,b,c,d,e) has base #113654613403038: ({(a, 1)}, nil!=a)
nil!=a * a->a' * I063(a, b, c, d, a') => I056(a,b,c,d) has base #113654613403038: ({(a, 1)}, nil!=a)
nil!=a * a->a' * I003(a, a') => I001(a) has base #113654613403038: ({(a, 1)}, nil!=a)
f!=c * I46955(a, b, c, d, e, f) => I1444(a,b,c,d,e,f) has base #200521557142632: ({(c, 1)}, nil!=c * f!=c)
nil=i * I244401(a, b, c, d, e, f, g, h, i) => I244367(a,b,c,d,e,f,g,h,i) has base #95995244211370: ({}, nil=c * i=c), #105412273930593: ({(c, 1)}, nil=i * i!=c)
nil=h * I244323(a, b, c, d, e, f, g, h) => I244293(a,b,c,d,e,f,g,h) has base #105451869537562: ({(c, 1)}, nil=h * h!=c), #95993435293467: ({}, nil=c * h=c)
nil=g * I244254(a, b, c, d, e, f, g) => I244228(a,b,c,d,e,f,g) has base #108100877835849: ({(c, 1)}, nil=g * g!=c), #96009347297283: ({}, nil=c * g=c)
nil=f * I1444(a, b, c, d, e, f) => I1401(a,b,c,d,e,f) has base #108129383586701: ({(c, 1)}, nil=f * f!=c), #96012851447601: ({}, nil=c * f=c)
nil=e * I183(a, b, c, d, e) => I166(a,b,c,d,e) has base #118415385587969: ({(a, 1)}, nil=e * e!=a), #95951992836439: ({}, nil=a * e=a)
nil=d * I047(a, b, c, d) => I034(a,b,c,d) has base #120335877851639: ({(a, 1)}, nil=d * d!=a), #95897070888490: ({}, nil=a * d=a)
nil=c * I022(a, b, c) => I013(a,b,c) has base #89861602162295: ({}, nil=c)
nil=b * I008(a, b) => I003(a,b) has base #89867767163186: ({}, nil=b)
nil=a => ls(a) has base #89862923715478: ({}, nil=a)
nil=a => I183(a,b,c,d,e) has base #89862923715478: ({}, nil=a)
nil=a => I047(a,b,c,d) has base #89862923715478: ({}, nil=a)
f=c => I1444(a,b,c,d,e,f) has base #89856877475390: ({}, f=c)
SAT: All predicates have a non-empty base.

=== slsat-abduced17
$ cyclist sl satcheck -D benchmarks/slsat/cc/abduced17.defs -p -t 60
exit: 0
emp => I008(a,b) has base #89913012185347: ({}, emp)
I1401(a, b, c, d, e, j) => I244887(a,b,c,d,e,f,g,h,i,j) has base #2889515845478907: ({(j, 1), (b, 1)}, nil!=j * nil!=b * j!=b), #95862357133535: ({}, nil=b * j=b), #100825631709289: ({(b, 1)}, nil=j * j!=b), #105111100187205: ({(j, 1)}, nil=b * j!=b)
I1444(a, g, c, d, e, f) => I12199(a,b,c,d,e,f,g) has base #96646068134227: ({(g, 1)}, nil!=g), #89867808510727: ({}, nil=g)
I1444(a, b, c, d, e, i) => I63948(a,b,c,d,e,f,g,h,i) has base #98125054040801: ({(b, 1)}, nil!=b), #89867767163186: ({}, nil=b)
I1444(a, b, c, d, e, h) => I47256(a,b,c,d,e,f,g,h) has base #98125054040801: ({(b, 1)}, nil!=b), #89867767163186: ({}, nil=b)
I1444(a, b, c, d, e, g) => I47187(a,b,c,d,e,f,g) has base #98125054040801: ({(b, 1)}, nil!=b), #89867767163186: ({}, nil=b)
I183(f, b, c, d, e) => I381(a,b,c,d,e,f) has base #90592685995237: ({(f, 1)}, nil!=f), #89866518583556: ({}, nil=f)
I047(e, b, c, d) => I063(a,b,c,d,e) has base #90110888040617: ({(e, 1)}, nil!=e), #89866529555409: ({}, nil=e)
I008(b, c) => I022(a,b,c) has base #89913012185347: ({}, emp)
nil!=i * I63947(a, b, c, d, e, f, g, h, i) => I47298(a,b,c,d,e,f,g,h,i) has base #109342853628502: ({(i, 1)}, nil=b * i!=b), #3002569469121186: ({(i, 1), (b, 1)}, nil!=i * nil!=b * i!=b)
nil!=i * i->a' * I244887(a, b, c, d, e, f, g, h, i, a') => I63947(a,b,c,d,e,f,g,h,i) has base #109342853628502: ({(i, 1)}, nil=b * i!=b), #3002569469121186: ({(i, 1), (b, 1)}, nil!=i * nil!=b * i!=b)
nil!=h * I47255(a, b, c, d, e, f, g, h) => I47226(a,b,c,d,e,f,g,h) has base #3092060766326971: ({(h, 1), (b, 1)}, nil!=h * nil!=b * h!=b), #111647921885399: ({(h, 1)}, nil=b * h!=b)
nil!=h * h->a' * I47298(a, b, c, d, e, f, g, h, a') => I47255(a,b,c,d,e,f,g,h) has base #3092060766326971: ({(h, 1), (b, 1)}, nil!=h * nil!=b * h!=b), #111647921885399: ({(h, 1)}, nil=b * h!=b)
nil!=g * I47186(a, b, c, d, e, f, g) => I47161(a,b,c,d,e,f,g) has base #2951730739756395: ({(g, 1), (b, 1)}, nil!=g * nil!=b * g!=b), #99028562189382: ({(g, 1)}, nil=b * g!=b)
nil!=g * g->a' * I47226(a, b, c, d, e, f, g, a') => I47186(a,b,c,d,e,f,g) has base #2951730739756395: ({(g, 1), (b, 1)}, nil!=g * nil!=b * g!=b), #99028562189382: ({(g, 1)}, nil=b * g!=b)
nil!=f * I1443(a, b, c, d, e, f) => I1401(a,b,c,d,e,f) has base #2844964273045409: ({(f, 1), (b, 1)}, nil!=f * nil!=b * f!=b), #93145972722640: ({(f, 1)}, nil=b * f!=b)
nil!=f * f->a' * I47161(a, b, c, d, e, f, a') => I1443(a,b,c,d,e,f) has base #2844964273045409: ({(f, 1), (b, 1)}, nil!=f * nil!=b * f!=b), #93145972722640: ({(f, 1)}, nil=b * f!=b)
nil!=e * I182(a, b, c, d, e) => I166(a,b,c,d,e) has base #2946899676668452: ({(e, 1), (b, 1)}, nil!=e * nil!=b * e!=b), #89391620608422: ({(e, 1)}, nil=b * e!=b)
nil!=e * e->a' * I1401(a, b, c, d, e, a') => I182(a,b,c,d,e) has base #2946899676668452: ({(e, 1), (b, 1)}, nil!=e * nil!=b * e!=b), #89391620608422: ({(e, 1)}, nil=b * e!=b)
nil!=d * I046(a, b, c, d) => I034(a,b,c,d) has base #120916699843223: ({(d, 1)}, nil=a * d!=a), #3096914140512353: ({(d, 1), (b, 1)}, nil!=d * nil!=b * d!=b), #120475412118474: ({(d, 1)}, nil=b * d!=b), #3116894315337522: ({(d, 1), (a, 1)}, nil!=d * nil!=a * d!=a)
nil!=d * d->a' * I166(a, b, c, d, a') => I046(a,b,c,d) has base #120916699843223: ({(d, 1)}, nil=a * d!=a), #3096914140512353: ({(d, 1), (b, 1)}, nil!=d * nil!=b * d!=b), #120475412118474: ({(d, 1)}, nil=b * d!=b), #3116894315337522: ({(d, 1), (a, 1)}, nil!=d * nil!=a * d!=a)
nil!=c * I021(a, b, c) => I013(a,b,c) has base #105491831049086: ({(c, 1)}, nil=a * c!=a), #2900572145203962: ({(c, 1), (a, 1)}, nil!=c * nil!=a * c!=a), #2885994803885840: ({(c, 1), (b, 1)}, nil!=c * nil!=b * c!=b), #105496508560967: ({(c, 1)}, nil=b * c!=b)
nil!=c * c->a' * I034(a, b, c, a') => I021(a,b,c) has base #105491831049086: ({(c, 1)}, nil=a * c!=a), #2900572145203962: ({(c, 1), (a, 1)}, nil!=c * nil!=a * c!=a), #2885994803885840: ({(c, 1), (b, 1)}, nil!=c * nil!=b * c!=b), #105496508560967: ({(c, 1)}, nil=b * c!=b)
nil!=b * I8328(a, b, c, d, e, f) => I1444(a,b,c,d,e,f) has base #98125054040801: ({(b, 1)}, nil!=b)
nil!=b * I007(a, b) => I003(a,b) has base #98125054040801: ({(b, 1)}, nil!=b), #100650816466128: ({(b, 1)}, nil=a * b!=a), #2972879903239779: ({(b, 1), (a, 1)}, nil!=b * nil!=a * b!=a)
nil!=b * b->a' * I12199(a, b, c, d, e, f, a') => I8328(a,b,c,d,e,f) has base #98125054040801: ({(b, 1)}, nil!=b)
nil!=b * b->a' * I013(a, b, a') => I007(a,b) has base #98125054040801: ({(b, 1)}, nil!=b), #100650816466128: ({(b, 1)}, nil=a * b!=a), #2972879903239779: ({(b, 1), (a, 1)}, nil!=b * nil!=a * b!=a)
nil!=a * I001(a) => ls(a) has base #113654613403038: ({(a, 1)}, nil!=a)
nil!=a * I196(a, b, c, d, e) => I183(a,b,c,d,e) has base #113654613403038: ({(a, 1)}, nil!=a)
nil!=a * I056(a, b, c, d) => I047(a,b,c,d) has base #113654613403038: ({(a, 1)}, nil!=a)
nil!=a * a->a' * I381(a, b, c, d, e, a') => I196(a,b,c,d,e) has base #113654613403038: ({(a, 1)}, nil!=a)
nil!=a * a->a' * I063(a, b, c, d, a') => I056(a,b,c,d) has base #113654613403038: ({(a, 1)}, nil!=a)
nil!=a * a->a' * I003(a, a') => I001(a) has base #113654613403038: ({(a, 1)}, nil!=a)
nil=i * I63948(a, b, c, d, e, f, g, h, i) => I47298(a,b,c,d,e,f,g,h,i) has base #98311253101629: ({(b, 1)}, nil=i * i!=b), #95836998681525: ({}, nil=b * i=b)
nil=h * I47256(a, b, c, d, e, f, g, h) => I47226(a,b,c,d,e,f,g,h) has base #95837805911536: ({}, nil=b * h=b), #98319746045919: ({(b, 1)}, nil=h * h!=b)
nil=g * I47187(a, b, c, d, e, f, g) => I47161(a,b,c,d,e,f,g) has base #95813907730210: ({}, nil=b * g=b), #100677652862353: ({(b, 1)}, nil=g * g!=b)
nil=f * I1444(a, b, c, d, e, f) => I1401(a,b,c,d,e,f) has base #100606686066311: ({(b, 1)}, nil=f * f!=b), #95812348973742: ({}, nil=b * f=b)
nil=e * I183(a, b, c, d, e) => I166(a,b,c,d,e) has base #118415385587969: ({(a, 1)}, nil=e * e!=a), #95951992836439: ({}, nil=a * e=a)
nil=d * I047(a, b, c, d) => I034(a,b,c,d) has base #120335877851639: ({(a, 1)}, nil=d * d!=a), #95897070888490: ({}, nil=a * d=a)
nil=c * I022(a, b, c) => I013(a,b,c) has base #89861602162295: ({}, nil=c)
nil=b => I1444(a,b,c,d,e,f) has base #89867767163186: ({}, nil=b)
nil=b * I008(a, b) => I003(a,b) has base #89867767163186: ({}, nil=b)
nil=a => ls(a) has base #89862923715478: ({}, nil=a)
nil=a => I183(a,b,c,d,e) has base #89862923715478: ({}, nil=a)
nil=a => I047(a,b,c,d) has base #89862923715478: ({}, nil=a)
SAT: All predicates have a non-empty base.

=== slsat-abduced18
$ cyclist sl satcheck -D benchmarks/slsat/cc/abduced18.defs -p -t 60
exit: 0
emp => I008(a,b) has base #89913012185347: ({}, emp)
I47298(a, b, c, d, e, f, g, h, j) => I244887(a,b,c,d,e,f,g,h,i,j) has base #2889515845478907: ({(j, 1), (b, 1)}, nil!=j * nil!=b * j!=b), #95862357133535: ({}, nil=b * j=b), #100825631709289: ({(b, 1)}, nil=j * j!=b), #105111100187205: ({(j, 1)}, nil=b * j!=b)
I1444(a, g, c, d, e, f) => I12199(a,b,c,d,e,f,g) has base #96646068134227: ({(g, 1)}, nil!=g), #89867808510727: ({}, nil=g)
I1444(a, b, c, d, e, i) => I63948(a,b,c,d,e,f,g,h,i) has base #98125054040801: ({(b, 1)}, nil!=b), #89867767163186: ({}, nil=b)
I1444(a, b, c, d, e, h) => I47256(a,b,c,d,e,f,g,h) has base #98125054040801: ({(b, 1)}, nil!=b), #89867767163186: ({}, nil=b)
I1444(a, b, c, d, e, g) => I47187(a,b,c,d,e,f,g) has base #98125054040801: ({(b, 1)}, nil!=b), #89867767163186: ({}, nil=b)
I183(f, b, c, d, e) => I381(a,b,c,d,e,f) has base #90592685995237: ({(f, 1)}, nil!=f), #89866518583556: ({}, nil=f)
I047(e, b, c, d) => I063(a,b,c,d,e) has base #90110888040617: ({(e, 1)}, nil!=e), #89866529555409: ({}, nil=e)
I008(b, c) => I022(a,b,c) has base #89913012185347: ({}, emp)
nil!=i * I63947(a, b, c, d, e, f, g, h, i) => I47298(a,b,c,d,e,f,g,h,i) has base #109342853628502: ({(i, 1)}, nil=b * i!=b), #3002569469121186: ({(i, 1), (b, 1)}, nil!=i * nil!=b * i!=b)
nil!=i * i->a' * I244887(a, b, c, d, e, f, g, h, i, a') => I63947(a,b,c,d,e,f,g,h,i) has base #109342853628502: ({(i, 1)}, nil=b * i!=b), #3002569469121186: ({(i, 1), (b, 1)}, nil!=i * nil!=b * i!=b)
nil!=h * I47255(a, b, c, d, e, f, g, h) => I47226(a,b,c,d,e,f,g,h) has base #3092060766326971: ({(h, 1), (b, 1)}, nil!=h * nil!=b * h!=b), #111647921885399: ({(h, 1)}, nil=b * h!=b)
nil!=h * h->a' * I47298(a, b, c, d, e, f, g, h, a') => I47255(a,b,c,d,e,f,g,h) has base #3092060766326971: ({(h, 1), (b, 1)}, nil!=h * nil!=b * h!=b), #111647921885399: ({(h, 1)}, nil=b * h!=b)
nil!=g * I47186(a, b, c, d, e, f, g) => I47161(a,b,c,d,e,f,g) has base #2951730739756395: ({(g, 1), (b, 1)}, nil!=g * nil!=b * g!=b), #99028562189382: ({(g, 1)}, nil=b * g!=b)
nil!=g * g->a' * I47226(a, b, c, d, e, f, g, a') => I47186(a,b,c,d,e,f,g) has base #2951730739756395: ({(g, 1), (b, 1)}, nil!=g * nil!=b * g!=b), #99028562189382: ({(g, 1)}, nil=b * g!=b)
nil!=f * I1443(a, b, c, d, e, f) => I1401(a,b,c,d,e,f) has base #2844964273045409: ({(f, 1), (b, 1)}, nil!=f * nil!=b * f!=b), #93145972722640: ({(f, 1)}, nil=b * f!=b)
nil!=f * f->a' * I47161(a, b, c, d, e, f, a') => I1443(a,b,c,d,e,f) has base #2844964273045409: ({(f, 1), (b, 1)}, nil!=f * nil!=b * f!=b), #93145972722640: ({(f, 1)}, nil=b * f!=b)
nil!=e * I182(a, b, c, d, e) => I166(a,b,c,d,e) has base #2946899676668452: ({(e, 1), (b, 1)}, nil!=e * nil!=b * e!=b), #89391620608422: ({(e, 1)}, nil=b * e!=b)
nil!=e * e->a' * I1401(a, b, c, d, e, a') => I182(a,b,c,d,e) has base #2946899676668452: ({(e, 1), (b, 1)}, nil!=e * nil!=b * e!=b), #89391620608422: ({(e, 1)}, nil=b * e!=b)
nil!=d * I046(a, b, c, d) => I034(a,b,c,d) has base #120916699843223: ({(d, 1)}, nil=a * d!=a), #3096914140512353: ({(d, 1), (b, 1)}, nil!=d * nil!=b * d!=b), #120475412118474: ({(d, 1)}, nil=b * d!=b), #3116894315337522: ({(d, 1), (a, 1)}, nil!=d * nil!=a * d!=a)
nil!=d * d->a' * I166(a, b, c, d, a') => I046(a,b,c,d) has base #120916699843223: ({(d, 1)}, nil=a * d!=a), #3096914140512353: ({(d, 1), (b, 1)}, nil!=d * nil!=b * d!=b), #120475412118474: ({(d, 1)}, nil=b * d!=b), #3116894315337522: ({(d, 1), (a, 1)}, nil!=d * nil!=a * d!=a)
nil!=c * I021(a, b, c) => I013(a,b,c) has base #105491831049086: ({(c, 1)}, nil=a * c!=a), #2900572145203962: ({(c, 1), (a, 1)}, nil!=c * nil!=a * c!=a), #2885994803885840: ({(c, 1), (b, 1)}, nil!=c * nil!=b * c!=b), #105496508560967: ({(c, 1)}, nil=b * c!=b)
nil!=c * c->a' * I034(a, b, c, a') => I021(a,b,c) has base #105491831049086: ({(c, 1)}, nil=a * c!=a), #2900572145203962: ({(c, 1), (a, 1)}, nil!=c * nil!=a * c!=a), #2885994803885840: ({(c, 1), (b, 1)}, nil!=c * nil!=b * c!=b), #105496508560967: ({(c, 1)}, nil=b * c!=b)
nil!=b * I8328(a, b, c, d, e, f) => I1444(a,b,c,d,e,f) has base #98125054040801: ({(b, 1)}, nil!=b)
nil!=b * I007(a, b) => I003(a,b) has base #98125054040801: ({(b, 1)}, nil!=b), #100650816466128: ({(b, 1)}, nil=a * b!=a), #2972879903239779: ({(b, 1), (a, 1)}, nil!=b * nil!=a * b!=a)
nil!=b * b->a' * I12199(a, b, c, d, e, f, a') => I8328(a,b,c,d,e,f) has base #98125054040801: ({(b, 1)}, nil!=b)
nil!=b * b->a' * I013(a, b, a') => I007(a,b) has base #98125054040801: ({(b, 1)}, nil!=b), #100650816466128: ({(b, 1)}, nil=a * b!=a), #2972879903239779: ({(b, 1), (a, 1)}, nil!=b * nil!=a * b!=a)
nil!=a * I001(a) => ls(a) has base #113654613403038: ({(a, 1)}, nil!=a)
nil!=a * I196(a, b, c, d, e) => I183(a,b,c,d,e) has base #113654613403038: ({(a, 1)}, nil!=a)
nil!=a * I056(a, b, c, d) => I047(a,b,c,d) has base #113654613403038: ({(a, 1)}, nil!=a)
nil!=a * a->a' * I381(a, b, c, d, e, a') => I196(a,b,c,d,e) has base #113654613403038: ({(a, 1)}, nil!=a)
nil!=a * a->a' * I063(a, b, c, d, a') => I056(a,b,c,d) has base #113654613403038: ({(a, 1)}, nil!=a)
nil!=a * a->a' * I003(a, a') => I001(a) has base #113654613403038: ({(a, 1)}, nil!=a)
nil=i * I63948(a, b, c, d, e, f, g, h, i) => I47298(a,b,c,d,e,f,g,h,i) has base #98311253101629: ({(b, 1)}, nil=i * i!=b), #95836998681525: ({}, nil=b * i=b)
nil=h * I47256(a, b, c, d, e, f, g, h) => I47226(a,b,c,d,e,f,g,h) has base #95837805911536: ({}, nil=b * h=b), #98319746045919: ({(b, 1)}, nil=h * h!=b)
nil=g * I47187(a, b, c, d, e, f, g) => I47161(a,b,c,d,e,f,g) has base #95813907730210: ({}, nil=b * g=b), #100677652862353: ({(b, 1)}, nil=g * g!=b)
nil=f * I1444(a, b, c, d, e, f) => I1401(a,b,c,d,e,f) has base #100606686066311: ({(b, 1)}, nil=f * f!=b), #95812348973742: ({}, nil=b * f=b)
nil=e * I183(a, b, c, d, e) => I166(a,b,c,d,e) has base #118415385587969: ({(a, 1)}, nil=e * e!=a), #95951992836439: ({}, nil=a * e=a)
nil=d * I047(a, b, c, d) => I034(a,b,c,d) has base #120335877851639: ({(a, 1)}, nil=d * d!=a), #95897070888490: ({}, nil=a * d=a)
nil=c * I022(a, b, c) => I013(a,b,c) has base #89861602162295: ({}, nil=c)
nil=b => I1444(a,b,c,d,e,f) has base #89867767163186: ({}, nil=b)
nil=b * I008(a, b) => I003(a,b) has base #89867767163186: ({}, nil=b)
nil=a => ls(a) has base #89862923715478: ({}, nil=a)
nil=a => I183(a,b,c,d,e) has base #89862923715478: ({}, nil=a)
nil=a => I047(a,b,c,d) has base #89862923715478: ({}, nil=a)
SAT: All predicates have a non-empty base.

=== slsat-abduced19
$ cyclist sl satcheck -D benchmarks/slsat/cc/abduced19.defs -p -t 60
exit: 0
emp => I008(a,b) has base #89913012185347: ({}, emp)
I47338(a, b, c, d, e, f, g, h, j) => I244973(a,b,c,d,e,f,g,h,i,j) has base #2902158673347005: ({(j, 1), (a, 1)}, nil!=j * nil!=a * j!=a), #96008985540868: ({}, nil=a * j=a), #118221954369654: ({(a, 1)}, nil=j * j!=a), #105097151302650: ({(j, 1)}, nil=a * j!=a)
I1444(g, b, c, d, e, f) => I2376(a,b,c,d,e,f,g) has base #89852721615365: ({}, g=f), #187794576727047: ({(g, 1)}, nil!=g * g!=f)
I1444(a, b, c, d, e, i) => I63984(a,b,c,d,e,f,g,h,i) has base #89877405990776: ({}, i=a), #207756693590809: ({(a, 1)}, nil!=a * i!=a)
I1444(a, b, c, d, e, h) => I12229(a,b,c,d,e,f,g,h) has base #89879804376677: ({}, h=a), #207749126508132: ({(a, 1)}, nil!=a * h!=a)
I1444(a, b, c, d, e, g) => I8388(a,b,c,d,e,f,g) has base #89858927946147: ({}, g=a), #201688242529078: ({(a, 1)}, nil!=a * g!=a)
I183(f, b, c, d, e) => I381(a,b,c,d,e,f) has base #90592685995237: ({(f, 1)}, nil!=f), #89866518583556: ({}, nil=f)
I047(e, b, c, d) => I063(a,b,c,d,e) has base #90110888040617: ({(e, 1)}, nil!=e), #89866529555409: ({}, nil=e)
I008(b, c) => I022(a,b,c) has base #89913012185347: ({}, emp)
nil!=i * I63983(a, b, c, d, e, f, g, h, i) => I47338(a,b,c,d,e,f,g,h,i) has base #109315164614889: ({(i, 1)}, nil=a * i!=a), #3108257910976845: ({(i, 1), (a, 1)}, nil!=i * nil!=a * i!=a)
nil!=i * i->a' * I244973(a, b, c, d, e, f, g, h, i, a') => I63983(a,b,c,d,e,f,g,h,i) has base #109315164614889: ({(i, 1)}, nil=a * i!=a), #3108257910976845: ({(i, 1), (a, 1)}, nil!=i * nil!=a * i!=a)
nil!=h * I12228(a, b, c, d, e, f, g, h) => I8423(a,b,c,d,e,f,g,h) has base #111639380917722: ({(h, 1)}, nil=a * h!=a), #3116454264630913: ({(h, 1), (a, 1)}, nil!=h * nil!=a * h!=a)
nil!=h * h->a' * I47338(a, b, c, d, e, f, g, h, a') => I12228(a,b,c,d,e,f,g,h) has base #111639380917722: ({(h, 1)}, nil=a * h!=a), #3116454264630913: ({(h, 1), (a, 1)}, nil!=h * nil!=a * h!=a)
nil!=g * I8387(a, b, c, d, e, f, g) => I8362(a,b,c,d,e,f,g) has base #99147432477703: ({(g, 1)}, nil=a * g!=a), #2965703219560226: ({(g, 1), (a, 1)}, nil!=g * nil!=a * g!=a)
nil!=g * g->a' * I8423(a, b, c, d, e, f, g, a') => I8387(a,b,c,d,e,f,g) has base #99147432477703: ({(g, 1)}, nil=a * g!=a), #2965703219560226: ({(g, 1), (a, 1)}, nil!=g * nil!=a * g!=a)
nil!=f * I1443(a, b, c, d, e, f) => I1401(a,b,c,d,e,f) has base #2861566061333646: ({(f, 1), (a, 1)}, nil!=f * nil!=a * f!=a), #89825014796177: ({(f, 1)}, nil=a * f!=a)
nil!=f * f->a' * I8362(a, b, c, d, e, f, a') => I1443(a,b,c,d,e,f) has base #2861566061333646: ({(f, 1), (a, 1)}, nil!=f * nil!=a * f!=a), #89825014796177: ({(f, 1)}, nil=a * f!=a)
nil!=e * I182(a, b, c, d, e) => I166(a,b,c,d,e) has base #2861969587181394: ({(e, 1), (a, 1)}, nil!=e * nil!=a * e!=a), #92649965253639: ({(e, 1)}, nil=a * e!=a)
nil!=e * e->a' * I1401(a, b, c, d, e, a') => I182(a,b,c,d,e) has base #2861969587181394: ({(e, 1), (a, 1)}, nil!=e * nil!=a * e!=a), #92649965253639: ({(e, 1)}, nil=a * e!=a)
nil!=d * I046(a, b, c, d) => I034(a,b,c,d) has base #120916699843223: ({(d, 1)}, nil=a * d!=a), #3116894315337522: ({(d, 1), (a, 1)}, nil!=d * nil!=a * d!=a)
nil!=d * d->a' * I166(a, b, c, d, a') => I046(a,b,c,d) has base #120916699843223: ({(d, 1)}, nil=a * d!=a), #3116894315337522: ({(d, 1), (a, 1)}, nil!=d * nil!=a * d!=a)
nil!=c * I021(a, b, c) => I013(a,b,c) has base #105491831049086: ({(c, 1)}, nil=a * c!=a), #2900572145203962: ({(c, 1), (a, 1)}, nil!=c * nil!=a * c!=a)
nil!=c * c->a' * I034(a, b, c, a') => I021(a,b,c) has base #105491831049086: ({(c, 1)}, nil=a * c!=a), #2900572145203962: ({(c, 1), (a, 1)}, nil!=c * nil!=a * c!=a)
nil!=b * I007(a, b) => I003(a,b) has base #98125054040801: ({(b, 1)}, nil!=b), #100650816466128: ({(b, 1)}, nil=a * b!=a), #2972879903239779: ({(b, 1), (a, 1)}, nil!=b * nil!=a * b!=a)
nil!=b * b->a' * I013(a, b, a') => I007(a,b) has base #98125054040801: ({(b, 1)}, nil!=b), #100650816466128: ({(b, 1)}, nil=a * b!=a), #2972879903239779: ({(b, 1), (a, 1)}, nil!=b * nil!=a * b!=a)
nil!=a * I001(a) => ls(a) has base #113654613403038: ({(a, 1)}, nil!=a)
nil!=a * I196(a, b, c, d, e) => I183(a,b,c,d,e) has base #113654613403038: ({(a, 1)}, nil!=a)
nil!=a * I056(a, b, c, d) => I047(a,b,c,d) has base #113654613403038: ({(a, 1)}, nil!=a)
nil!=a * a->a' * I2376(a, b, c, d, e, f, a') => I1463(a,b,c,d,e,f) has base #113654613403038: ({(a, 1)}, nil!=a)
nil!=a * a->a' * I381(a, b, c, d, e, a') => I196(a,b,c,d,e) has base #113654613403038: ({(a, 1)}, nil!=a)
nil!=a * a->a' * I063(a, b, c, d, a') => I056(a,b,c,d) has base #113654613403038: ({(a, 1)}, nil!=a)
nil!=a * a->a' * I003(a, a') => I001(a) has base #113654613403038: ({(a, 1)}, nil!=a)
f!=a * I1463(a, b, c, d, e, f) => I1444(a,b,c,d,e,f) has base #201596639862063: ({(a, 1)}, nil!=a * f!=a)
nil=i * I63984(a, b, c, d, e, f, g, h, i) => I47338(a,b,c,d,e,f,g,h,i) has base #96005204902834: ({}, nil=a * i=a), #114611484606524: ({(a, 1)}, nil=i * i!=a)
nil=h * I12229(a, b, c, d, e, f, g, h) => I8423(a,b,c,d,e,f,g,h) has base #96003947764129: ({}, nil=a * h=a), #115223535090582: ({(a, 1)}, nil=h * h!=a)
nil=g * I8388(a, b, c, d, e, f, g) => I8362(a,b,c,d,e,f,g) has base #118390661798822: ({(a, 1)}, nil=g * g!=a), #95983089686995: ({}, nil=a * g=a)
nil=f * I1444(a, b, c, d, e, f) => I1401(a,b,c,d,e,f) has base #95981757443679: ({}, nil=a * f=a), #115108669951402: ({(a, 1)}, nil=f * f!=a)
nil=e * I183(a, b, c, d, e) => I166(a,b,c,d,e) has base #118415385587969: ({(a, 1)}, nil=e * e!=a), #95951992836439: ({}, nil=a * e=a)
nil=d * I047(a, b, c, d) => I034(a,b,c,d) has base #120335877851639: ({(a, 1)}, nil=d * d!=a), #95897070888490: ({}, nil=a * d=a)
nil=c * I022(a, b, c) => I013(a,b,c) has base #89861602162295: ({}, nil=c)
nil=b * I008(a, b) => I003(a,b) has base #89867767163186: ({}, nil=b)
nil=a => ls(a) has base #89862923715478: ({}, nil=a)
nil=a => I183(a,b,c,d,e) has base #89862923715478: ({}, nil=a)
nil=a => I047(a,b,c,d) has base #89862923715478: ({}, nil=a)
f=a => I1444(a,b,c,d,e,f) has base #89862464709927: ({}, f=a)
SAT: All predicates have a non-empty base.

=== slsat-inconsistent-ls-of-ls
$ cyclist sl satcheck -D benchmarks/slsat/cc/inconsistent-ls-of-ls.defs -p -t 60
exit: 1
nil!=y * y->d', c' * Q(x, c') => Q(x,y) has base #3005793766977980: ({(y, 2), (x, 2)}, nil!=y * nil!=x * y!=x)
nil!=x * Q(x, x) => P(x) has base
nil=y * nil!=x * x->d', c' * P(d') => Q(x,y) has base #114553729601025: ({(x, 2)}, nil=y * y!=x)
nil=x => P(x) has base #89862935931918: ({}, nil=x)
UNSAT: Some *inductive rule* has an empty base.

=== slsat-succ-circuit01
$ cyclist sl satcheck -D benchmarks/slsat/cc/succ-circuit01.defs -p -t 60
exit: 0
one(z) * one(y) * one(x) => and(x,y,z) has base #2860592671030980: ({}, nil!=z * nil!=y * nil!=x)
one(z) * one(y) * zero(x) => xor(x,y,z) has base #199717567618595: ({}, nil=x * z!=x * y!=x)
one(z) * one(x) * zero(y) => xor(x,y,z) has base #186623497820197: ({}, nil=y * z!=y * y!=x)
one(y) * one(x) * zero(z) => xor(x,y,z) has base #192156959454837: ({}, nil=z * z!=y * z!=x)
one(y) * zero(x) => not(x,y) has base #88641746986934: ({}, nil=x * y!=x)
one(x) * zero(y) => not(x,y) has base #88642570410850: ({}, nil=y * y!=x)
one(x1) * Q(x1) => P(x1) has base #89095937744252: ({}, nil!=x1)
Q(x1') * succ1circuit(x1', y1) => Q(y1) has base #91526019181439: ({}, nil!=y1), #89856647131702: ({}, nil=y1)
zero(z) * zero(y) => and(x,y,z) has base #96004961421286: ({}, nil=y * z=y)
zero(z) * zero(y) * zero(x) => xor(x,y,z) has base #177477870725651: ({}, nil=x * z=x * y=x)
zero(z) * zero(x) => and(x,y,z) has base #96010117935341: ({}, nil=x * z=x)
zero(y1) => Q(y1) has base #89856647131702: ({}, nil=y1)
not(x1, y1) => succ1circuit(x1,y1) has base #91650777074107: ({}, nil=x1 * x1!=y1), #91727444488354: ({}, nil=y1 * x1!=y1)
nil!=x => one(x) has base #88126586233761: ({}, nil!=x)
nil=x => zero(x) has base #89862935931918: ({}, nil=x)
SAT: All predicates have a non-empty base.

=== slsat-succ-circuit02
$ cyclist sl satcheck -D benchmarks/slsat/cc/succ-circuit02.defs -p -t 60
exit: 0
one(z) * one(y) * one(x) => and(x,y,z) has base #2860592671030980: ({}, nil!=z * nil!=y * nil!=x)
one(z) * one(y) * zero(x) => xor(x,y,z) has base #199717567618595: ({}, nil=x * z!=x * y!=x)
one(z) * one(x) * zero(y) => xor(x,y,z) has base #186623497820197: ({}, nil=y * z!=y * y!=x)
one(y) * one(x) * zero(z) => xor(x,y,z) has base #192156959454837: ({}, nil=z * z!=y * z!=x)
one(y) * zero(x) => not(x,y) has base #88641746986934: ({}, nil=x * y!=x)
one(x) * zero(y) => not(x,y) has base #88642570410850: ({}, nil=y * y!=x)
one(x1) * one(x2) * Q(x1, x2) => P(x1,x2) has base #182594033042833: ({}, nil!=x1 * nil!=x2)
Q(x1', x2') * succ2circuit(x1', x2', y1, y2) => Q(y1,y2) has base #177805066541661: ({}, nil!=y1 * nil!=y2), #95986782205004: ({}, nil=y2 * y1=y2), #94406761455640: ({}, nil=y1 * y1!=y2), #100528422174074: ({}, nil=x2' * y2=x2' * y1!=x2')
zero(z) * zero(y) => and(x,y,z) has base #96004961421286: ({}, nil=y * z=y)
zero(z) * zero(y) * zero(x) => xor(x,y,z) has base #177477870725651: ({}, nil=x * z=x * y=x)
zero(z) * zero(x) => and(x,y,z) has base #96010117935341: ({}, nil=x * z=x)
zero(y1) * zero(y2) => Q(y1,y2) has base #95986782205004: ({}, nil=y2 * y1=y2)
not(x1, y1) * xor(x1, x2, y2) => succ2circuit(x1,x2,y1,y2) has base #187600719683860: ({}, nil=y2 * x1=y2 * x2=y2 * y1!=y2), #3013652452288815: ({}, nil=x1 * x1!=x2 * x1!=y1 * x1!=y2), #190555219288821: ({}, nil=y2 * y1=y2 * x1!=y2 * x2!=y2), #190842916260305: ({}, nil=y1 * x2=y1 * x1!=y1 * y1!=y2)
nil!=x => one(x) has base #88126586233761: ({}, nil!=x)
nil=x => zero(x) has base #89862935931918: ({}, nil=x)
SAT: All predicates have a non-empty base.

=== slsat-succ-circuit03
$ cyclist sl satcheck -D benchmarks/slsat/cc/succ-circuit03.defs -p -t 60
exit: 0
one(z) * one(y) * one(x) => and(x,y,z) has base #2860592671030980: ({}, nil!=z * nil!=y * nil!=x)
one(z) * one(y) * zero(x) => xor(x,y,z) has base #199717567618595: ({}, nil=x * z!=x * y!=x)
one(z) * one(x) * zero(y) => xor(x,y,z) has base #186623497820197: ({}, nil=y * z!=y * y!=x)
one(y) * one(x) * zero(z) => xor(x,y,z) has base #192156959454837: ({}, nil=z * z!=y * z!=x)
one(y) * zero(x) => not(x,y) has base #88641746986934: ({}, nil=x * y!=x)
one(x) * zero(y) => not(x,y) has base #88642570410850: ({}, nil=y * y!=x)
one(x1) * one(x2) * one(x3) * Q(x1, x2, x3) => P(x1,x2,x3) has base #2926816727651298: ({}, nil!=x1 * nil!=x2 * nil!=x3)
Q(x1', x2', x3') * succ3circuit(x1', x2', x3', y1, y2, y3) => Q(y1,y2,y3) has base #215580470934937: ({}, nil=x3' * y3=x3' * y1!=x3' * y2!=x3'), #172720529680818: ({}, nil=y3 * y1=y3 * y2=y3), #180569385151647: ({}, nil=x3' * y2=x3' * y3=x3' * y1!=x3'), #172584113905354: ({}, nil=x3' * y1=x3' * y3=x3' * y2!=x3'), #203590597514295: ({}, nil=x2' * y2=x2' * y1!=x2' * y3!=x2'), #203619449820766: ({}, nil=y1 * y1!=y2 * y1!=y3), #94777212692151: ({}, nil=y2 * y1=y2 * y2!=y3), #2983034380261144: ({}, nil!=y1 * nil!=y2 * nil!=y3)
zero(z) * zero(y) => and(x,y,z) has base #96004961421286: ({}, nil=y * z=y)
zero(z) * zero(y) * zero(x) => xor(x,y,z) has base #177477870725651: ({}, nil=x * z=x * y=x)
zero(z) * zero(x) => and(x,y,z) has base #96010117935341: ({}, nil=x * z=x)
zero(y1) * zero(y2) * zero(y3) => Q(y1,y2,y3) has base #172720529680818: ({}, nil=y3 * y1=y3 * y2=y3)
not(x1, y1) * xor(x1, x2, y2) * xor(z3', x3, y3) * and(x1, x2, z3') => succ3circuit(x1,x2,x3,y1,y2,y3) has base #95222391377375304: ({}, nil=y1 * x2=y1 * x1!=y1 * x3!=y1 * y1!=y2 * y1!=y3), #3188849876943849: ({}, nil=y3 * y1=y3 * y2=y3 * x1!=y3 * x2!=y3 * x3!=y3), #3103113144431336: ({}, nil=y3 * x2=y3 * x3=y3 * y1=y3 * x1!=y3 * y2!=y3), #3238814483113992: ({}, nil=y3 * x1=y3 * x3=y3 * x2!=y3 * y1!=y3 * y2!=y3), #3113038682793365900: ({}, nil=x1 * x1!=x2 * x1!=x3 * x1!=y1 * x1!=y2 * x1!=y3), #89991496119174673: ({}, nil=y3 * x1=y3 * x2=y3 * x3=y3 * y2=y3 * y1!=y3), #3120682946116913: ({}, nil=y2 * x3=y2 * y1=y2 * x1!=y2 * x2!=y2 * y2!=y3), #3824597095062062: ({}, nil=y2 * x1=y2 * x2=y2 * x3!=y2 * y1!=y2 * y2!=y3)
nil!=x => one(x) has base #88126586233761: ({}, nil!=x)
nil=x => zero(x) has base #89862935931918: ({}, nil=x)
SAT: All predicates have a non-empty base.

=== slsat-succ-circuit04
$ cyclist sl satcheck -D benchmarks/slsat/cc/succ-circuit04.defs -p -t 60
exit: 0
one(z) * one(y) * one(x) => and(x,y,z) has base #2860592671030980: ({}, nil!=z * nil!=y * nil!=x)
one(z) * one(y) * zero(x) => xor(x,y,z) has base #199717567618595: ({}, nil=x * z!=x * y!=x)
one(z) * one(x) * zero(y) => xor(x,y,z) has base #186623497820197: ({}, nil=y * z!=y * y!=x)
one(y) * one(x) * zero(z) => xor(x,y,z) has base #192156959454837: ({}, nil=z * z!=y * z!=x)
one(y) * zero(x) => not(x,y) has base #88641746986934: ({}, nil=x * y!=x)
one(x) * zero(y) => not(x,y) has base #88642570410850: ({}, nil=y * y!=x)
one(x1) * one(x2) * one(x3) * one(x4) * Q(x1, x2, x3, x4) => P(x1,x2,x3,x4) has base #86031642284447935: ({}, nil!=x1 * nil!=x2 * nil!=x3 * nil!=x4)
Q(x1', x2', x3', x4') * succ4circuit(x1', x2', x3', x4', y1, y2, y3, y4) => Q(y1,y2,y3,y4) has base #3849991058268849: ({}, nil=z4' * y3=z4' * y1!=z4' * y2!=z4' * y4!=z4'), #171677031206701: ({}, nil=z4' * y1=z4' * y4=z4' * y2!=z4'), #296632305589871: ({}, nil=z4' * y2=z4' * y3=z4' * y1!=z4' * y4!=z4'), #2888041659158279: ({}, nil=z4' * y1=z4' * y3=z4' * y4=z4' * y2!=z4'), #2885336364742917: ({}, nil=y4 * y1=y4 * y2=y4 * y3=y4), #181361835537361: ({}, nil=z4' * y2=z4' * y4=z4' * y1!=z4'), #292282622704639: ({}, nil=z4' * y3=z4' * y4=z4' * y1!=z4' * y2!=z4'), #194204713960483: ({}, nil=z4' * y1=z4' * y2!=z4' * y4!=z4'), #278296476080145: ({}, nil=z4' * y1=z4' * y2=z4' * y3!=z4' * y4!=z4'), #2887980329526946: ({}, nil=z4' * y1=z4' * y2=z4' * y4=z4' * y3!=z4'), #2832515914913919: ({}, nil=z4' * y2=z4' * y3=z4' * y4=z4' * y1!=z4'), #2887914618817275: ({}, nil=z4' * y1=z4' * y2=z4' * y3=z4' * y4!=z4'), #209098806325610: ({}, nil=z4' * y2=z4' * y1!=z4' * y4!=z4'), #275635476305170: ({}, nil=z4' * y1=z4' * y3=z4' * y2!=z4' * y4!=z4'), #205110388294207: ({}, nil=z4' * y4=z4' * y1!=z4' * y2!=z4'), #3891259351853478: ({}, nil=z4' * y1!=z4' * y2!=z4' * y4!=z4')
zero(z) * zero(y) => and(x,y,z) has base #96004961421286: ({}, nil=y * z=y)
zero(z) * zero(y) * zero(x) => xor(x,y,z) has base #177477870725651: ({}, nil=x * z=x * y=x)
zero(z) * zero(x) => and(x,y,z) has base #96010117935341: ({}, nil=x * z=x)
zero(y1) * zero(y2) * zero(y3) * zero(y4) => Q(y1,y2,y3,y4) has base #2885336364742917: ({}, nil=y4 * y1=y4 * y2=y4 * y3=y4)
not(x1, y1) * xor(x1, x2, y2) * xor(x4, y4, z4') * xor(z3', x3, y3) * and(x1, x2, z3') * and(z3', x3, z4') => succ4circuit(x1,x2,x3,x4,y1,y2,y3,y4) has base #6365615970166067: ({}, nil=z4' * x1=z4' * x2=z4' * y2=z4' * x4!=z4' * y1!=z4' * y4!=z4'), #2956066506839649994: ({}, nil=z4' * x1=z4' * x2=z4' * x4=z4' * y2=z4' * y4=z4' * y1!=z4'), #97288587084701715: ({}, nil=y4 * y1=y4 * y2=y4 * y3=y4 * x1!=y4 * x2!=y4 * x3!=y4 * x4!=y4), #242091359373312601: ({}, nil=z4' * x1=z4' * x2=z4' * x3=z4' * x4=z4' * y2=z4' * y3=z4' * y4=z4' * y1!=z4'), #182386156604083760: ({}, nil=z4' * x2=z4' * x3=z4' * y1=z4' * y3=z4' * x1!=z4' * x4!=z4' * y2!=z4' * y4!=z4'), #3443791313684060807: ({}, nil=z4' * x1=z4' * x3=z4' * y3=z4' * x2!=z4' * x4!=z4' * y1!=z4' * y2!=z4' * y4!=z4'), #1648500694210307053: ({}, nil=z4' * x2=z4' * x3=z4' * x4=z4' * y1=z4' * y3=z4' * y4=z4' * x1!=z4' * y2!=z4'), #6026548109400824: ({}, nil=z4' * x1=z4' * x4=z4' * y4=z4' * x2!=z4' * y1!=z4' * y2!=z4'), #85772472988539617: ({}, nil=z4' * x2=z4' * x4=z4' * y1=z4' * y4=z4' * x1!=z4' * y2!=z4'), #2959290771803677029: ({}, nil=z4' * x1=z4' * x3=z4' * x4=z4' * y3=z4' * y4=z4' * x2!=z4' * y1!=z4' * y2!=z4'), #97048049528560155: ({}, nil=y3 * x4=y3 * y1=y3 * y2=y3 * x1!=y3 * x2!=y3 * x3!=y3 * y3!=y4), #2959816567920311629: ({}, nil=z4' * x1=z4' * x2=z4' * x3=z4' * y2=z4' * y3=z4' * x4!=z4' * y1!=z4' * y4!=z4'), #93506670717708096: ({}, nil=y4 * x3=y4 * x4=y4 * y1=y4 * y2=y4 * x1!=y4 * x2!=y4 * y3!=y4), #3448678945030487906: ({}, nil=z4' * x1=z4' * x2!=z4' * x4!=z4' * y1!=z4' * y2!=z4' * y4!=z4'), #3061233510418789267: ({}, nil=y2 * x3=y2 * y1=y2 * x1!=y2 * x2!=y2 * x4!=y2 * y2!=y3 * y2!=y4), #90926249266409304: ({}, nil=z4' * x2=z4' * y1=z4' * x1!=z4' * x4!=z4' * y2!=z4' * y4!=z4')
nil!=x => one(x) has base #88126586233761: ({}, nil!=x)
nil=x => zero(x) has base #89862935931918: ({}, nil=x)
SAT: All predicates have a non-empty base.

=== slsat-succ-circuit05
$ cyclist sl satcheck -D benchmarks/slsat/cc/succ-circuit05.defs -p -t 60
exit: 0
one(z) * one(y) * one(x) => and(x,y,z) has base #2860592671030980: ({}, nil!=z * nil!=y * nil!=x)
one(z) * one(y) * zero(x) => xor(x,y,z) has base #199717567618595: ({}, nil=x * z!=x * y!=x)
one(z) * one(x) * zero(y) => xor(x,y,z) has base #186623497820197: ({}, nil=y * z!=y * y!=x)
one(y) * one(x) * zero(z) => xor(x,y,z) has base #192156959454837: ({}, nil=z * z!=y * z!=x)
one(y) * zero(x) => not(x,y) has base #88641746986934: ({}, nil=x * y!=x)
one(x) * zero(y) => not(x,y) has base #88642570410850: ({}, nil=y * y!=x)
one(x1) * one(x2) * one(x3) * one(x4) * one(x5) * Q(x1, x2, x3, x4, x5) => P(x1,x2,x3,x4,x5) has base #2967303079222318825: ({}, nil!=x1 * nil!=x2 * nil!=x3 * nil!=x4 * nil!=x5)
Q(x1', x2', x3', x4', x5') * succ5circuit(x1', x2', x3', x4', x5', y1, y2, y3, y4, y5) => Q(y1,y2,y3,y4,y5) has base #294268268476395: ({}, nil=z5' * y3=z5' * y5=z5' * y1!=z5' * y2!=z5'), #3879130229266355: ({}, nil=z5' * y1!=z5' * y2!=z5' * y5!=z5'), #3871975146215555: ({}, nil=z5' * y3=z5' * y1!=z5' * y2!=z5' * y5!=z5'), #204813569661874: ({}, nil=z5' * y2=z5' * y1!=z5' * y5!=z5'), #296940221475304: ({}, nil=z5' * y1=z5' * y4=z5' * y2!=z5' * y5!=z5'), #294698159782003: ({}, nil=z5' * y4=z5' * y5=z5' * y1!=z5' * y2!=z5'), #3124692124902011: ({}, nil=z5' * y1=z5' * y2=z5' * y3=z5' * y4!=z5' * y5!=z5'), #96104714033327119: ({}, nil=y5 * y1=y5 * y2=y5 * y3=y5 * y4=y5), #3871953186890019: ({}, nil=z5' * y4=z5' * y1!=z5' * y2!=z5' * y5!=z5'), #3137785169204237: ({}, nil=z5' * y1=z5' * y2=z5' * y4=z5' * y3!=z5' * y5!=z5'), #3038068628965369: ({}, nil=z5' * y1=z5' * y2=z5' * y5=z5' * y3!=z5'), #98027031814951549: ({}, nil=z5' * y1=z5' * y2=z5' * y4=z5' * y5=z5' * y3!=z5'), #3126941759240636: ({}, nil=z5' * y3=z5' * y4=z5' * y5=z5' * y1!=z5' * y2!=z5'), #210701944209876: ({}, nil=z5' * y1=z5' * y2!=z5' * y5!=z5'), #184825535687414: ({}, nil=z5' * y2=z5' * y5=z5' * y1!=z5'), #304957805859430: ({}, nil=z5' * y2=z5' * y4=z5' * y1!=z5' * y5!=z5'), #3061219914993543: ({}, nil=z5' * y2=z5' * y3=z5' * y4=z5' * y1!=z5' * y5!=z5'), #176103372662569: ({}, nil=z5' * y1=z5' * y5=z5' * y2!=z5'), #2953118191978809: ({}, nil=z5' * y2=z5' * y4=z5' * y5=z5' * y1!=z5'), #304954845584582: ({}, nil=z5' * y2=z5' * y3=z5' * y1!=z5' * y5!=z5'), #3038326066417992: ({}, nil=z5' * y1=z5' * y3=z5' * y5=z5' * y2!=z5'), #217617028113111: ({}, nil=z5' * y5=z5' * y1!=z5' * y2!=z5'), #94035781293753148: ({}, nil=z5' * y2=z5' * y3=z5' * y4=z5' * y5=z5' * y1!=z5'), #98029092659907617: ({}, nil=z5' * y1=z5' * y2=z5' * y3=z5' * y4=z5' * y5!=z5'), #3818438607828023: ({}, nil=z5' * y3=z5' * y4=z5' * y1!=z5' * y2!=z5' * y5!=z5'), #98028089818457821: ({}, nil=z5' * y1=z5' * y2=z5' * y3=z5' * y5=z5' * y4!=z5'), #277675573930538: ({}, nil=z5' * y1=z5' * y2=z5' * y3!=z5' * y5!=z5'), #2952821461153857: ({}, nil=z5' * y2=z5' * y3=z5' * y5=z5' * y1!=z5'), #3038453282227872: ({}, nil=z5' * y1=z5' * y4=z5' * y5=z5' * y2!=z5'), #98006846443421822: ({}, nil=z5' * y1=z5' * y3=z5' * y4=z5' * y5=z5' * y2!=z5'), #3142700817542185: ({}, nil=z5' * y1=z5' * y3=z5' * y4=z5' * y2!=z5' * y5!=z5'), #296952724553288: ({}, nil=z5' * y1=z5' * y3=z5' * y2!=z5' * y5!=z5')
zero(z) * zero(y) => and(x,y,z) has base #96004961421286: ({}, nil=y * z=y)
zero(z) * zero(y) * zero(x) => xor(x,y,z) has base #177477870725651: ({}, nil=x * z=x * y=x)
zero(z) * zero(x) => and(x,y,z) has base #96010117935341: ({}, nil=x * z=x)
zero(y1) * zero(y2) * zero(y3) * zero(y4) * zero(y5) => Q(y1,y2,y3,y4,y5) has base #96104714033327119: ({}, nil=y5 * y1=y5 * y2=y5 * y3=y5 * y4=y5)
not(x1, y1) * xor(x1, x2, y2) * xor(x4, y4, z4') * xor(x5, y5, z5') * xor(z3', x3, y3) * and(x1, x2, z3') * and(z3', x3, z4') * and(z4', x4, z5') => succ5circuit(x1,x2,x3,x4,x5,y1,y2,y3,y4,y5) has base #3010598098632293101: ({}, nil=z5' * x1=z5' * x4=z5' * x5=z5' * y4=z5' * y5=z5' * x2!=z5' * y1!=z5' * y2!=z5'), #1963268115505543835: ({}, nil=z5' * x2=z5' * x4=z5' * x5=z5' * y1=z5' * y4=z5' * y5=z5' * x1!=z5' * y2!=z5'), #-3074774595784064146: ({}, nil=z5' * x3=z5' * x4=z5' * y1=z5' * y2=z5' * y4=z5' * x1!=z5' * x2!=z5' * x5!=z5' * y3!=z5' * y5!=z5'), #1875188132119767423: ({}, nil=z5' * x2=z5' * x3=z5' * x4=z5' * y1=z5' * y3=z5' * y4=z5' * x1!=z5' * x5!=z5' * y2!=z5' * y5!=z5'), #3004346193444428111: ({}, nil=z5' * x1=z5' * x3=z5' * x5=z5' * y3=z5' * y5=z5' * x2!=z5' * y1!=z5' * y2!=z5'), #3729526122876071259: ({}, nil=z5' * x1=z5' * x2!=z5' * x5!=z5' * y1!=z5' * y2!=z5' * y5!=z5'), #-3110794168411757612: ({}, nil=z5' * x1=z5' * x2=z5' * x4=z5' * x5=z5' * y2=z5' * y4=z5' * y5=z5' * y1!=z5'), #3451347243753126492: ({}, nil=y5 * y1=y5 * y2=y5 * y3=y5 * y4=y5 * x1!=y5 * x2!=y5 * x3!=y5 * x4!=y5 * x5!=y5), #3189863825698542506: ({}, nil=y5 * x4=y5 * x5=y5 * y1=y5 * y2=y5 * y3=y5 * x1!=y5 * x2!=y5 * x3!=y5 * y4!=y5), #-3871890819848128407: ({}, nil=z5' * x1=z5' * x3=z5' * x4=z5' * x5=z5' * y3=z5' * y4=z5' * y5=z5' * x2!=z5' * y1!=z5' * y2!=z5'), #2073066768962810220: ({}, nil=z5' * x2=z5' * x3=z5' * x4=z5' * x5=z5' * y1=z5' * y3=z5' * y4=z5' * y5=z5' * x1!=z5' * y2!=z5'), #2905574746542983378: ({}, nil=z5' * x1=z5' * x2=z5' * x4=z5' * y2=z5' * y4=z5' * x5!=z5' * y1!=z5' * y5!=z5'), #3735263057565550276: ({}, nil=z5' * x1=z5' * x4=z5' * y4=z5' * x2!=z5' * x5!=z5' * y1!=z5' * y2!=z5' * y5!=z5'), #-3111096871663003291: ({}, nil=z5' * x1=z5' * x2=z5' * x3=z5' * x4=z5' * y2=z5' * y3=z5' * y4=z5' * x5!=z5' * y1!=z5' * y5!=z5'), #2901931647560280140: ({}, nil=z5' * x1=z5' * x2=z5' * x5=z5' * y2=z5' * y5=z5' * y1!=z5'), #185836115475413285: ({}, nil=z5' * x2=z5' * x3=z5' * y1=z5' * y3=z5' * x1!=z5' * x5!=z5' * y2!=z5' * y5!=z5'), #-2942204921502445243: ({}, nil=z5' * x1=z5' * x2=z5' * x3=z5' * x5=z5' * y2=z5' * y3=z5' * y5=z5' * y1!=z5'), #2905566439533587655: ({}, nil=z5' * x1=z5' * x2=z5' * x3=z5' * y2=z5' * y3=z5' * x5!=z5' * y1!=z5' * y5!=z5'), #6549771320601195: ({}, nil=z5' * x1=z5' * x5=z5' * y5=z5' * x2!=z5' * y1!=z5' * y2!=z5'), #3067956271978985125: ({}, nil=z5' * x3=z5' * x5=z5' * y1=z5' * y2=z5' * y5=z5' * x1!=z5' * x2!=z5' * y3!=z5'), #2937678363470314051: ({}, nil=z5' * x3=z5' * y1=z5' * y2=z5' * x1!=z5' * x2!=z5' * x5!=z5' * y3!=z5' * y5!=z5'), #6654319857631773: ({}, nil=z5' * x1=z5' * x2=z5' * y2=z5' * x5!=z5' * y1!=z5' * y5!=z5'), #1780397337816962413: ({}, nil=z5' * x2=z5' * x3=z5' * x5=z5' * y1=z5' * y3=z5' * y5=z5' * x1!=z5' * y2!=z5'), #4318547309579921809: ({}, nil=z5' * x1=z5' * x2=z5' * x3=z5' * x4=z5' * x5=z5' * y2=z5' * y3=z5' * y4=z5' * y5=z5' * y1!=z5'), #-196948921577010983: ({}, nil=z5' * x3=z5' * x4=z5' * x5=z5' * y1=z5' * y2=z5' * y4=z5' * y5=z5' * x1!=z5' * x2!=z5' * y3!=z5'), #2931863260061911956: ({}, nil=y4 * x5=y4 * y1=y4 * y2=y4 * y3=y4 * x1!=y4 * x2!=y4 * x3!=y4 * x4!=y4 * y4!=y5), #185825780656754130: ({}, nil=z5' * x2=z5' * x4=z5' * y1=z5' * y4=z5' * x1!=z5' * x5!=z5' * y2!=z5' * y5!=z5'), #-1289206186539042629: ({}, nil=y3 * x4=y3 * y1=y3 * y2=y3 * x1!=y3 * x2!=y3 * x3!=y3 * x5!=y3 * y3!=y4 * y3!=y5), #3735261161835496634: ({}, nil=z5' * x1=z5' * x3=z5' * y3=z5' * x2!=z5' * x5!=z5' * y1!=z5' * y2!=z5' * y5!=z5'), #96602509956454478: ({}, nil=z5' * x2=z5' * y1=z5' * x1!=z5' * x5!=z5' * y2!=z5' * y5!=z5'), #90651896390391336: ({}, nil=z5' * x2=z5' * x5=z5' * y1=z5' * y5=z5' * x1!=z5' * y2!=z5'), #-2703083197133135034: ({}, nil=z5' * x1=z5' * x3=z5' * x4=z5' * y3=z5' * y4=z5' * x2!=z5' * x5!=z5' * y1!=z5' * y2!=z5' * y5!=z5')
nil!=x => one(x) has base #88126586233761: ({}, nil!=x)
nil=x => zero(x) has base #89862935931918: ({}, nil=x)
SAT: All predicates have a non-empty base.

=== slsat-succ-rec01
$ cyclist sl satcheck -D benchmarks/slsat/cc/succ-rec01.defs -p -t 60
exit: 0
one(x1) * Q(x1) => P(x1) has base #89095937744252: ({}, nil!=x1)
one(y1) * zero(x1) => succ1rec(x1,y1) has base #91650777074107: ({}, nil=x1 * x1!=y1)
Q(x1') * succ1rec(x1', y1) => Q(y1) has base #91526019181439: ({}, nil!=y1)
zero(y1) => Q(y1) has base #89856647131702: ({}, nil=y1)
nil!=x => one(x) has base #88126586233761: ({}, nil!=x)
nil=x => zero(x) has base #89862935931918: ({}, nil=x)
SAT: All predicates have a non-empty base.

=== slsat-succ-rec02
$ cyclist sl satcheck -D benchmarks/slsat/cc/succ-rec02.defs -p -t 60
exit: 0
one(x1) * one(x2) * Q(x1, x2) => P(x1,x2) has base #182594033042833: ({}, nil!=x1 * nil!=x2)
one(x1) * zero(y1) * succ1rec(x2, y2) => succ2rec(x1,x2,y1,y2) has base #190842916260305: ({}, nil=y1 * x2=y1 * x1!=y1 * y1!=y2)
one(y1) * zero(x1) => succ1rec(x1,y1) has base #91650777074107: ({}, nil=x1 * x1!=y1)
Q(x1', x2') * succ2rec(x1', x2', y1, y2) => Q(y1,y2) has base #177805066541661: ({}, nil!=y1 * nil!=y2), #94406761455640: ({}, nil=y1 * y1!=y2), #95891084502439: ({}, nil=x2' * y2=x2')
zero(y1) * zero(y2) => Q(y1,y2) has base #95986782205004: ({}, nil=y2 * y1=y2)
nil!=x => one(x) has base #88126586233761: ({}, nil!=x)
nil=x => zero(x) has base #89862935931918: ({}, nil=x)
x2=y2 * one(y1) * zero(x1) => succ2rec(x1,x2,y1,y2) has base #95376218137122: ({}, nil=x1 * x2=y2 * x1!=y1)
SAT: All predicates have a non-empty base.

=== slsat-succ-rec03
$ cyclist sl satcheck -D benchmarks/slsat/cc/succ-rec03.defs -p -t 60
exit: 0
one(x1) * one(x2) * one(x3) * Q(x1, x2, x3) => P(x1,x2,x3) has base #2926816727651298: ({}, nil!=x1 * nil!=x2 * nil!=x3)
one(x1) * zero(y1) * succ2rec(x2, x3, y2, y3) => succ3rec(x1,x2,x3,y1,y2,y3) has base #267598628475797: ({}, nil=y1 * x2=y1 * x3=y3 * x1!=y1 * y1!=y2), #3120682946116913: ({}, nil=y2 * x3=y2 * y1=y2 * x1!=y2 * x2!=y2 * y2!=y3)
one(x1) * zero(y1) * succ1rec(x2, y2) => succ2rec(x1,x2,y1,y2) has base #190842916260305: ({}, nil=y1 * x2=y1 * x1!=y1 * y1!=y2)
one(y1) * zero(x1) => succ1rec(x1,y1) has base #91650777074107: ({}, nil=x1 * x1!=y1)
Q(x1', x2', x3') * succ3rec(x1', x2', x3', y1, y2, y3) => Q(y1,y2,y3) has base #172584113905354: ({}, nil=x3' * y1=x3' * y3=x3' * y2!=x3'), #176749322730174: ({}, nil=x3' * y2=x3' * y3=x3'), #95520379622356: ({}, nil=x2' * y2=x2' * y3!=x2'), #95617844352801: ({}, nil=x3' * y3=x3' * y2!=x3'), #203619449820766: ({}, nil=y1 * y1!=y2 * y1!=y3), #94777212692151: ({}, nil=y2 * y1=y2 * y2!=y3), #2983034380261144: ({}, nil!=y1 * nil!=y2 * nil!=y3)
zero(y1) * zero(y2) * zero(y3) => Q(y1,y2,y3) has base #172720529680818: ({}, nil=y3 * y1=y3 * y2=y3)
nil!=x => one(x) has base #88126586233761: ({}, nil!=x)
nil=x => zero(x) has base #89862935931918: ({}, nil=x)
x2=y2 * one(y1) * zero(x1) => succ2rec(x1,x2,y1,y2) has base #95376218137122: ({}, nil=x1 * x2=y2 * x1!=y1)
x2=y2 * x3=y3 * one(y1) * zero(x1) => succ3rec(x1,x2,x3,y1,y2,y3) has base #179484244811094: ({}, nil=x1 * x2=y2 * x3=y3 * x1!=y1)
SAT: All predicates have a non-empty base.

=== slsat-succ-rec04
$ cyclist sl satcheck -D benchmarks/slsat/cc/succ-rec04.defs -p -t 60
exit: 0
one(x1) * one(x2) * one(x3) * one(x4) * Q(x1, x2, x3, x4) => P(x1,x2,x3,x4) has base #86031642284447935: ({}, nil!=x1 * nil!=x2 * nil!=x3 * nil!=x4)
one(x1) * zero(y1) * succ3rec(x2, x3, x4, y2, y3, y4) => succ4rec(x1,x2,x3,x4,y1,y2,y3,y4) has base #6072207024659010: ({}, nil=y2 * x3=y2 * x4=y4 * y1=y2 * x1!=y2 * x2!=y2 * y2!=y3), #97048049528560155: ({}, nil=y3 * x4=y3 * y1=y3 * y2=y3 * x1!=y3 * x2!=y3 * x3!=y3 * y3!=y4), #3123328976064825: ({}, nil=y1 * x2=y1 * x3=y3 * x4=y4 * x1!=y1 * y1!=y2)
one(x1) * zero(y1) * succ2rec(x2, x3, y2, y3) => succ3rec(x1,x2,x3,y1,y2,y3) has base #267598628475797: ({}, nil=y1 * x2=y1 * x3=y3 * x1!=y1 * y1!=y2), #3120682946116913: ({}, nil=y2 * x3=y2 * y1=y2 * x1!=y2 * x2!=y2 * y2!=y3)
one(x1) * zero(y1) * succ1rec(x2, y2) => succ2rec(x1,x2,y1,y2) has base #190842916260305: ({}, nil=y1 * x2=y1 * x1!=y1 * y1!=y2)
one(y1) * zero(x1) => succ1rec(x1,y1) has base #91650777074107: ({}, nil=x1 * x1!=y1)
Q(x1', x2', x3', x4') * succ4rec(x1', x2', x3', x4', y1, y2, y3, y4) => Q(y1,y2,y3,y4) has base #184426179740075: ({}, nil=x4' * y2=x4' * y4=x4' * y3!=x4'), #199402827855317: ({}, nil=x3' * y3=x3' * y2!=x3' * y4!=x3'), #3841943133071349: ({}, nil=y1 * y1!=y2 * y1!=y3 * y1!=y4), #194179659653581: ({}, nil=x4' * y4=x4' * y2!=x4' * y3!=x4'), #3055409629322607: ({}, nil=x4' * y1=x4' * y2=x4' * y4=x4' * y3!=x4'), #179536035414864: ({}, nil=x3' * y2=x3' * y3=x3' * y4!=x3'), #3054900631891235: ({}, nil=x4' * y1=x4' * y3=x4' * y4=x4' * y2!=x4'), #280766672059208: ({}, nil=x3' * y1=x3' * y3=x3' * y2!=x3' * y4!=x3'), #3140021811628816: ({}, nil=x4' * y2=x4' * y3=x4' * y4=x4'), #172342101789774: ({}, nil=y3 * y1=y3 * y2=y3 * y3!=y4), #184721113488310: ({}, nil=x4' * y3=x4' * y4=x4' * y2!=x4'), #296820742595071: ({}, nil=x4' * y1=x4' * y4=x4' * y2!=x4' * y3!=x4'), #194059582433807: ({}, nil=y2 * y1=y2 * y2!=y3 * y2!=y4), #90688849384640508: ({}, nil!=y1 * nil!=y2 * nil!=y3 * nil!=y4), #188244123585320: ({}, nil=x2' * y2=x2' * y3!=x2' * y4!=x2')
zero(y1) * zero(y2) * zero(y3) * zero(y4) => Q(y1,y2,y3,y4) has base #2885336364742917: ({}, nil=y4 * y1=y4 * y2=y4 * y3=y4)
nil!=x => one(x) has base #88126586233761: ({}, nil!=x)
nil=x => zero(x) has base #89862935931918: ({}, nil=x)
x2=y2 * one(y1) * zero(x1) => succ2rec(x1,x2,y1,y2) has base #95376218137122: ({}, nil=x1 * x2=y2 * x1!=y1)
x2=y2 * x3=y3 * one(y1) * zero(x1) => succ3rec(x1,x2,x3,y1,y2,y3) has base #179484244811094: ({}, nil=x1 * x2=y2 * x3=y3 * x1!=y1)
x2=y2 * x3=y3 * x4=y4 * one(y1) * zero(x1) => succ4rec(x1,x2,x3,x4,y1,y2,y3,y4) has base #3011035819388766: ({}, nil=x1 * x2=y2 * x3=y3 * x4=y4 * x1!=y1)
SAT: All predicates have a non-empty base.

=== slsat-succ-rec05
$ cyclist sl satcheck -D benchmarks/slsat/cc/succ-rec05.defs -p -t 60
exit: 0
one(x1) * one(x2) * one(x3) * one(x4) * one(x5) * Q(x1, x2, x3, x4, x5) => P(x1,x2,x3,x4,x5) has base #2967303079222318825: ({}, nil!=x1 * nil!=x2 * nil!=x3 * nil!=x4 * nil!=x5)
one(x1) * zero(y1) * succ4rec(x2, x3, x4, x5, y2, y3, y4, y5) => succ5rec(x1,x2,x3,x4,x5,y1,y2,y3,y4,y5) has base #99761730366479762: ({}, nil=y2 * x3=y2 * x4=y4 * x5=y5 * y1=y2 * x1!=y2 * x2!=y2 * y2!=y3), #98118466240030250: ({}, nil=y1 * x2=y1 * x3=y3 * x4=y4 * x5=y5 * x1!=y1 * y1!=y2), #176621354025445530: ({}, nil=y3 * x4=y3 * x5=y5 * y1=y3 * y2=y3 * x1!=y3 * x2!=y3 * x3!=y3 * y3!=y4), #2931863260061911956: ({}, nil=y4 * x5=y4 * y1=y4 * y2=y4 * y3=y4 * x1!=y4 * x2!=y4 * x3!=y4 * x4!=y4 * y4!=y5)
one(x1) * zero(y1) * succ3rec(x2, x3, x4, y2, y3, y4) => succ4rec(x1,x2,x3,x4,y1,y2,y3,y4) has base #6072207024659010: ({}, nil=y2 * x3=y2 * x4=y4 * y1=y2 * x1!=y2 * x2!=y2 * y2!=y3), #97048049528560155: ({}, nil=y3 * x4=y3 * y1=y3 * y2=y3 * x1!=y3 * x2!=y3 * x3!=y3 * y3!=y4), #3123328976064825: ({}, nil=y1 * x2=y1 * x3=y3 * x4=y4 * x1!=y1 * y1!=y2)
one(x1) * zero(y1) * succ2rec(x2, x3, y2, y3) => succ3rec(x1,x2,x3,y1,y2,y3) has base #267598628475797: ({}, nil=y1 * x2=y1 * x3=y3 * x1!=y1 * y1!=y2), #3120682946116913: ({}, nil=y2 * x3=y2 * y1=y2 * x1!=y2 * x2!=y2 * y2!=y3)
one(x1) * zero(y1) * succ1rec(x2, y2) => succ2rec(x1,x2,y1,y2) has base #190842916260305: ({}, nil=y1 * x2=y1 * x1!=y1 * y1!=y2)
one(y1) * zero(x1) => succ1rec(x1,y1) has base #91650777074107: ({}, nil=x1 * x1!=y1)
Q(x1', x2', x3', x4', x5') * succ5rec(x1', x2', x3', x4', x5', y1, y2, y3, y4, y5) => Q(y1,y2,y3,y4,y5) has base #3183718093310023: ({}, nil=x2' * y2=x2' * y3!=x2' * y4!=x2' * y5!=x2'), #3017121684985987: ({}, nil=x5' * y3=x5' * y4=x5' * y5=x5' * y2!=x5'), #3161286401075484: ({}, nil=x4' * y1=x4' * y3=x4' * y4=x4' * y2!=x4' * y5!=x4'), #277584965145515: ({}, nil=x4' * y2=x4' * y4=x4' * y3!=x4' * y5!=x4'), #3400049091078218: ({}, nil=y2 * y1=y2 * y2!=y3 * y2!=y4 * y2!=y5), #3144066784445622: ({}, nil=x4' * y2=x4' * y3=x4' * y4=x4' * y5!=x4'), #2885799594523444: ({}, nil=y4 * y1=y4 * y2=y4 * y3=y4 * y4!=y5), #3578480235253041: ({}, nil=x4' * y1=x4' * y4=x4' * y2!=x4' * y3!=x4' * y5!=x4'), #3141726513489287: ({}, nil=x4' * y1=x4' * y2=x4' * y4=x4' * y3!=x4' * y5!=x4'), #280273224256236: ({}, nil=x5' * y2=x5' * y5=x5' * y3!=x5' * y4!=x5'), #3133553999388455: ({}, nil=x5' * y1=x5' * y2=x5' * y5=x5' * y3!=x5' * y4!=x5'), #97974431014296208: ({}, nil=x5' * y1=x5' * y2=x5' * y3=x5' * y5=x5' * y4!=x5'), #3286896495477183: ({}, nil=x3' * y3=x3' * y2!=x3' * y4!=x3' * y5!=x3'), #3133450404428170: ({}, nil=x5' * y1=x5' * y3=x5' * y5=x5' * y2!=x5' * y4!=x5'), #3475279947064143: ({}, nil=x5' * y5=x5' * y2!=x5' * y3!=x5' * y4!=x5'), #2979462395634915: ({}, nil=x5' * y2=x5' * y4=x5' * y5=x5' * y3!=x5'), #268710360963212: ({}, nil=x3' * y2=x3' * y3=x3' * y4!=x3' * y5!=x3'), #279333606333963: ({}, nil=y3 * y1=y3 * y2=y3 * y3!=y4 * y3!=y5), #2984744954936927: ({}, nil=x5' * y2=x5' * y3=x5' * y5=x5' * y4!=x5'), #120039256716907439: ({}, nil=y1 * y1!=y2 * y1!=y3 * y1!=y4 * y1!=y5), #3625596030831135: ({}, nil=x4' * y4=x4' * y2!=x4' * y3!=x4' * y5!=x4'), #3124757241145561267: ({}, nil!=y1 * nil!=y2 * nil!=y3 * nil!=y4 * nil!=y5), #297534223170955: ({}, nil=x4' * y3=x4' * y4=x4' * y2!=x4' * y5!=x4'), #275461578362621: ({}, nil=x5' * y4=x5' * y5=x5' * y2!=x5' * y3!=x5'), #3389698816836829: ({}, nil=x5' * y1=x5' * y5=x5' * y2!=x5' * y3!=x5' * y4!=x5'), #97973552736939692: ({}, nil=x5' * y1=x5' * y2=x5' * y4=x5' * y5=x5' * y3!=x5'), #97782349751156876: ({}, nil=x5' * y1=x5' * y3=x5' * y4=x5' * y5=x5' * y2!=x5'), #90581106171934476: ({}, nil=x5' * y2=x5' * y3=x5' * y4=x5' * y5=x5'), #3487007600720604: ({}, nil=x3' * y1=x3' * y3=x3' * y2!=x3' * y4!=x3' * y5!=x3'), #275115217324393: ({}, nil=x5' * y3=x5' * y5=x5' * y2!=x5' * y4!=x5'), #3133451939936078: ({}, nil=x5' * y1=x5' * y4=x5' * y5=x5' * y2!=x5' * y3!=x5')
zero(y1) * zero(y2) * zero(y3) * zero(y4) * zero(y5) => Q(y1,y2,y3,y4,y5) has base #96104714033327119: ({}, nil=y5 * y1=y5 * y2=y5 * y3=y5 * y4=y5)
nil!=x => one(x) has base #88126586233761: ({}, nil!=x)
nil=x => zero(x) has base #89862935931918: ({}, nil=x)
x2=y2 * one(y1) * zero(x1) => succ2rec(x1,x2,y1,y2) has base #95376218137122: ({}, nil=x1 * x2=y2 * x1!=y1)
x2=y2 * x3=y3 * one(y1) * zero(x1) => succ3rec(x1,x2,x3,y1,y2,y3) has base #179484244811094: ({}, nil=x1 * x2=y2 * x3=y3 * x1!=y1)
x2=y2 * x3=y3 * x4=y4 * one(y1) * zero(x1) => succ4rec(x1,x2,x3,x4,y1,y2,y3,y4) has base #3011035819388766: ({}, nil=x1 * x2=y2 * x3=y3 * x4=y4 * x1!=y1)
x2=y2 * x3=y3 * x4=y4 * x5=y5 * one(y1) * zero(x1) => succ5rec(x1,x2,x3,x4,x5,y1,y2,y3,y4,y5) has base #91321959016608694: ({}, nil=x1 * x2=y2 * x3=y3 * x4=y4 * x5=y5 * x1!=y1)
SAT: All predicates have a non-empty base.

=== slsat-succ-rec06
$ cyclist sl satcheck -D benchmarks/slsat/cc/succ-rec06.defs -p -t 60
exit: 0
one(x1) * one(x2) * one(x3) * one(x4) * one(x5) * one(x6) * Q(x1, x2, x3, x4, x5, x6) => P(x1,x2,x3,x4,x5,x6) has base #491643033934235976: ({}, nil!=x1 * nil!=x2 * nil!=x3 * nil!=x4 * nil!=x5 * nil!=x6)
one(x1) * zero(y1) * succ5rec(x2, x3, x4, x5, x6, y2, y3, y4, y5, y6) => succ6rec(x1,x2,x3,x4,x5,x6,y1,y2,y3,y4,y5,y6) has base #2940841994903867680: ({}, nil=y3 * x4=y3 * x5=y5 * x6=y6 * y1=y3 * y2=y3 * x1!=y3 * x2!=y3 * x3!=y3 * y3!=y4), #3066942262052939057: ({}, nil=y1 * x2=y1 * x3=y3 * x4=y4 * x5=y5 * x6=y6 * x1!=y1 * y1!=y2), #1436715174125385037: ({}, nil=y5 * x6=y5 * y1=y5 * y2=y5 * y3=y5 * y4=y5 * x1!=y5 * x2!=y5 * x3!=y5 * x4!=y5 * x5!=y5 * y5!=y6), #3058914195044603249: ({}, nil=y2 * x3=y2 * x4=y4 * x5=y5 * x6=y6 * y1=y2 * x1!=y2 * x2!=y2 * y2!=y3), #-3398925367254618523: ({}, nil=y4 * x5=y4 * x6=y6 * y1=y4 * y2=y4 * y3=y4 * x1!=y4 * x2!=y4 * x3!=y4 * x4!=y4 * y4!=y5)
one(x1) * zero(y1) * succ4rec(x2, x3, x4, x5, y2, y3, y4, y5) => succ5rec(x1,x2,x3,x4,x5,y1,y2,y3,y4,y5) has base #99761730366479762: ({}, nil=y2 * x3=y2 * x4=y4 * x5=y5 * y1=y2 * x1!=y2 * x2!=y2 * y2!=y3), #98118466240030250: ({}, nil=y1 * x2=y1 * x3=y3 * x4=y4 * x5=y5 * x1!=y1 * y1!=y2), #176621354025445530: ({}, nil=y3 * x4=y3 * x5=y5 * y1=y3 * y2=y3 * x1!=y3 * x2!=y3 * x3!=y3 * y3!=y4), #2931863260061911956: ({}, nil=y4 * x5=y4 * y1=y4 * y2=y4 * y3=y4 * x1!=y4 * x2!=y4 * x3!=y4 * x4!=y4 * y4!=y5)
one(x1) * zero(y1) * succ3rec(x2, x3, x4, y2, y3, y4) => succ4rec(x1,x2,x3,x4,y1,y2,y3,y4) has base #6072207024659010: ({}, nil=y2 * x3=y2 * x4=y4 * y1=y2 * x1!=y2 * x2!=y2 * y2!=y3), #97048049528560155: ({}, nil=y3 * x4=y3 * y1=y3 * y2=y3 * x1!=y3 * x2!=y3 * x3!=y3 * y3!=y4), #3123328976064825: ({}, nil=y1 * x2=y1 * x3=y3 * x4=y4 * x1!=y1 * y1!=y2)
one(x1) * zero(y1) * succ2rec(x2, x3, y2, y3) => succ3rec(x1,x2,x3,y1,y2,y3) has base #267598628475797: ({}, nil=y1 * x2=y1 * x3=y3 * x1!=y1 * y1!=y2), #3120682946116913: ({}, nil=y2 * x3=y2 * y1=y2 * x1!=y2 * x2!=y2 * y2!=y3)
one(x1) * zero(y1) * succ1rec(x2, y2) => succ2rec(x1,x2,y1,y2) has base #190842916260305: ({}, nil=y1 * x2=y1 * x1!=y1 * y1!=y2)
one(y1) * zero(x1) => succ1rec(x1,y1) has base #91650777074107: ({}, nil=x1 * x1!=y1)
Q(x1', x2', x3', x4', x5', x6') * succ6rec(x1', x2', x3', x4', x5', x6', y1, y2, y3, y4, y5, y6) => Q(y1,y2,y3,y4,y5,y6) has base #110093567946642970: ({}, nil=y2 * y1=y2 * y2!=y3 * y2!=y4 * y2!=y5 * y2!=y6), #97885268882998785: ({}, nil=x5' * y1=x5' * y3=x5' * y4=x5' * y5=x5' * y2!=x5' * y6!=x5'), #3070931560979984: ({}, nil=x5' * y2=x5' * y4=x5' * y5=x5' * y3!=x5' * y6!=x5'), #102295192792968687: ({}, nil=x6' * y1=x6' * y3=x6' * y5=x6' * y6=x6' * y2!=x6' * y4!=x6'), #3231616899985091479: ({}, nil=x6' * y1=x6' * y2=x6' * y3=x6' * y5=x6' * y6=x6' * y4!=x6'), #6065368370246092: ({}, nil=x4' * y1=x4' * y2=x4' * y4=x4' * y3!=x4' * y5!=x4' * y6!=x4'), #102274108515143266: ({}, nil=x6' * y1=x6' * y2=x6' * y3=x6' * y6=x6' * y4!=x6' * y5!=x6'), #2988414723679874: ({}, nil=x3' * y2=x3' * y3=x3' * y4!=x3' * y5!=x3' * y6!=x3'), #6737918291297929: ({}, nil=x6' * y1=x6' * y5=x6' * y6=x6' * y2!=x6' * y3!=x6' * y4!=x6'), #3474866248639241: ({}, nil=y3 * y1=y3 * y2=y3 * y3!=y4 * y3!=y5 * y3!=y6), #3248579403386924172: ({}, nil=x6' * y2=x6' * y3=x6' * y4=x6' * y5=x6' * y6=x6'), #3078093341607414: ({}, nil=x5' * y2=x5' * y3=x5' * y5=x5' * y4!=x5' * y6!=x5'), #3267380524811374: ({}, nil=x4' * y2=x4' * y3=x4' * y4=x4' * y5!=x4' * y6!=x4'), #108255526826293535: ({}, nil=x4' * y4=x4' * y2!=x4' * y3!=x4' * y5!=x4' * y6!=x4'), #-2462282149303025890: ({}, nil!=y1 * nil!=y2 * nil!=y3 * nil!=y4 * nil!=y5 * nil!=y6), #110617324966523544: ({}, nil=x3' * y3=x3' * y2!=x3' * y4!=x3' * y5!=x3' * y6!=x3'), #6239575140810715: ({}, nil=x5' * y1=x5' * y3=x5' * y5=x5' * y2!=x5' * y4!=x5' * y6!=x5'), #90584867433927444: ({}, nil=x5' * y2=x5' * y3=x5' * y4=x5' * y5=x5' * y6!=x5'), #99061702740671405: ({}, nil=x6' * y2=x6' * y3=x6' * y4=x6' * y6=x6' * y5!=x6'), #3237486624904658: ({}, nil=x6' * y3=x6' * y5=x6' * y6=x6' * y2!=x6' * y4!=x6'), #3393242663240324: ({}, nil=x5' * y4=x5' * y5=x5' * y2!=x5' * y3!=x5' * y6!=x5'), #3464676113877367: ({}, nil=x5' * y2=x5' * y5=x5' * y3!=x5' * y4!=x5' * y6!=x5'), #102289078868961611: ({}, nil=x6' * y1=x6' * y2=x6' * y5=x6' * y6=x6' * y3!=x6' * y4!=x6'), #98061447488358375: ({}, nil=x5' * y1=x5' * y2=x5' * y4=x5' * y5=x5' * y3!=x5' * y6!=x5'), #3551612924116589: ({}, nil=x6' * y5=x6' * y6=x6' * y2!=x6' * y3!=x6' * y4!=x6'), #102183949762881178: ({}, nil=x6' * y1=x6' * y4=x6' * y5=x6' * y6=x6' * y2!=x6' * y3!=x6'), #98832246247851843: ({}, nil=x2' * y2=x2' * y3!=x2' * y4!=x2' * y5!=x2' * y6!=x2'), #108484869435357565: ({}, nil=x4' * y1=x4' * y4=x4' * y2!=x4' * y3!=x4' * y5!=x4' * y6!=x4'), #98060079840865079: ({}, nil=x5' * y1=x5' * y2=x5' * y3=x5' * y5=x5' * y4!=x5' * y6!=x5'), #3462272216625621: ({}, nil=x6' * y2=x6' * y6=x6' * y3!=x6' * y4!=x6' * y5!=x6'), #102290724429249731: ({}, nil=x6' * y1=x6' * y3=x6' * y4=x6' * y6=x6' * y2!=x6' * y5!=x6'), #3231607292789086378: ({}, nil=x6' * y1=x6' * y2=x6' * y4=x6' * y5=x6' * y6=x6' * y3!=x6'), #3554056231847048: ({}, nil=x6' * y3=x6' * y6=x6' * y2!=x6' * y4!=x6' * y5!=x6'), #3231622467531503603: ({}, nil=x6' * y1=x6' * y2=x6' * y3=x6' * y4=x6' * y6=x6' * y5!=x6'), #111203993414697129: ({}, nil=x5' * y1=x5' * y5=x5' * y2!=x5' * y3!=x5' * y4!=x5' * y6!=x5'), #2980761634801584: ({}, nil=y4 * y1=y4 * y2=y4 * y3=y4 * y4!=y5 * y4!=y6), #3748278317487739219: ({}, nil=y1 * y1!=y2 * y1!=y3 * y1!=y4 * y1!=y5 * y1!=y6), #3903315793003334: ({}, nil=x4' * y3=x4' * y4=x4' * y2!=x4' * y5!=x4' * y6!=x4'), #3394983212753276: ({}, nil=x5' * y3=x5' * y5=x5' * y2!=x5' * y4!=x5' * y6!=x5'), #6616265056039107: ({}, nil=x4' * y1=x4' * y3=x4' * y4=x4' * y2!=x4' * y5!=x4' * y6!=x4'), #3373025378844024: ({}, nil=x4' * y2=x4' * y4=x4' * y3!=x4' * y5!=x4' * y6!=x4'), #3114398178704984: ({}, nil=x5' * y3=x5' * y4=x5' * y5=x5' * y2!=x5' * y6!=x5'), #102282617666611714: ({}, nil=x6' * y1=x6' * y2=x6' * y4=x6' * y6=x6' * y3!=x6' * y5!=x6'), #3151088935077001: ({}, nil=x6' * y2=x6' * y3=x6' * y6=x6' * y4!=x6' * y5!=x6'), #109983627593756794: ({}, nil=x6' * y1=x6' * y6=x6' * y2!=x6' * y3!=x6' * y4!=x6' * y5!=x6'), #99057685285795864: ({}, nil=x6' * y2=x6' * y3=x6' * y5=x6' * y6=x6' * y4!=x6'), #6543061941751830: ({}, nil=x6' * y1=x6' * y3=x6' * y6=x6' * y2!=x6' * y4!=x6' * y5!=x6'), #3159806084650393: ({}, nil=x6' * y2=x6' * y4=x6' * y6=x6' * y3!=x6' * y5!=x6'), #99064882605990391: ({}, nil=x6' * y2=x6' * y4=x6' * y5=x6' * y6=x6' * y3!=x6'), #3250603070949197: ({}, nil=x6' * y3=x6' * y4=x6' * y6=x6' * y2!=x6' * y5!=x6'), #3156894667521573: ({}, nil=x6' * y2=x6' * y5=x6' * y6=x6' * y3!=x6' * y4!=x6'), #3547159339903659: ({}, nil=x6' * y4=x6' * y6=x6' * y2!=x6' * y3!=x6' * y5!=x6'), #6238242213927021: ({}, nil=x5' * y1=x5' * y4=x5' * y5=x5' * y2!=x5' * y3!=x5' * y6!=x5'), #96420943526962130: ({}, nil=x6' * y3=x6' * y4=x6' * y5=x6' * y6=x6' * y2!=x6'), #96108456541252766: ({}, nil=y5 * y1=y5 * y2=y5 * y3=y5 * y4=y5 * y5!=y6), #3066806374204525: ({}, nil=x6' * y4=x6' * y5=x6' * y6=x6' * y2!=x6' * y3!=x6'), #6754383047209121: ({}, nil=x6' * y1=x6' * y4=x6' * y6=x6' * y2!=x6' * y3!=x6' * y5!=x6'), #3232518834172119014: ({}, nil=x6' * y1=x6' * y3=x6' * y4=x6' * y5=x6' * y6=x6' * y2!=x6'), #6305589909276696: ({}, nil=x5' * y1=x5' * y2=x5' * y5=x5' * y3!=x5' * y4!=x5' * y6!=x5'), #110535961049537085: ({}, nil=x3' * y1=x3' * y3=x3' * y2!=x3' * y4!=x3' * y5!=x3' * y6!=x3'), #109785170607802693: ({}, nil=x6' * y6=x6' * y2!=x6' * y3!=x6' * y4!=x6' * y5!=x6'), #111285347802016699: ({}, nil=x5' * y5=x5' * y2!=x5' * y3!=x5' * y4!=x5' * y6!=x5'), #6462783548974817: ({}, nil=x6' * y1=x6' * y2=x6' * y6=x6' * y3!=x6' * y4!=x6' * y5!=x6')
zero(y1) * zero(y2) * zero(y3) * zero(y4) * zero(y5) * zero(y6) => Q(y1,y2,y3,y4,y5,y6) has base #3078175413998606631: ({}, nil=y6 * y1=y6 * y2=y6 * y3=y6 * y4=y6 * y5=y6)
nil!=x => one(x) has base #88126586233761: ({}, nil!=x)
nil=x => zero(x) has base #89862935931918: ({}, nil=x)
x2=y2 * one(y1) * zero(x1) => succ2rec(x1,x2,y1,y2) has base #95376218137122: ({}, nil=x1 * x2=y2 * x1!=y1)
x2=y2 * x3=y3 * one(y1) * zero(x1) => succ3rec(x1,x2,x3,y1,y2,y3) has base #179484244811094: ({}, nil=x1 * x2=y2 * x3=y3 * x1!=y1)
x2=y2 * x3=y3 * x4=y4 * one(y1) * zero(x1) => succ4rec(x1,x2,x3,x4,y1,y2,y3,y4) has base #3011035819388766: ({}, nil=x1 * x2=y2 * x3=y3 * x4=y4 * x1!=y1)
x2=y2 * x3=y3 * x4=y4 * x5=y5 * one(y1) * zero(x1) => succ5rec(x1,x2,x3,x4,x5,y1,y2,y3,y4,y5) has base #91321959016608694: ({}, nil=x1 * x2=y2 * x3=y3 * x4=y4 * x5=y5 * x1!=y1)
x2=y2 * x3=y3 * x4=y4 * x5=y5 * x6=y6 * one(y1) * zero(x1) => succ6rec(x1,x2,x3,x4,x5,x6,y1,y2,y3,y4,y5,y6) has base #2995326598647189018: ({}, nil=x1 * x2=y2 * x3=y3 * x4=y4 * x5=y5 * x6=y6 * x1!=y1)
SAT: All predicates have a non-empty base.

=== slsat-succ-rec07
$ cyclist sl satcheck -D benchmarks/slsat/cc/succ-rec07.defs -p -t 60
exit: 0
one(x1) * one(x2) * one(x3) * one(x4) * one(x5) * one(x6) * one(x7) * Q(x1, x2, x3, x4, x5, x6, x7) => P(x1,x2,x3,x4,x5,x6,x7) has base #-2668528695691955010: ({}, nil!=x1 * nil!=x2 * nil!=x3 * nil!=x4 * nil!=x5 * nil!=x6 * nil!=x7)
one(x1) * zero(y1) * succ6rec(x2, x3, x4, x5, x6, x7, y2, y3, y4, y5, y6, y7) => succ7rec(x1,x2,x3,x4,x5,x6,x7,y1,y2,y3,y4,y5,y6,y7) has base #-156534524079490266: ({}, nil=y2 * x3=y2 * x4=y4 * x5=y5 * x6=y6 * x7=y7 * y1=y2 * x1!=y2 * x2!=y2 * y2!=y3), #3975675968291557253: ({}, nil=y4 * x5=y4 * x6=y6 * x7=y7 * y1=y4 * y2=y4 * y3=y4 * x1!=y4 * x2!=y4 * x3!=y4 * x4!=y4 * y4!=y5), #-4558167984024599093: ({}, nil=y5 * x6=y5 * x7=y7 * y1=y5 * y2=y5 * y3=y5 * y4=y5 * x1!=y5 * x2!=y5 * x3!=y5 * x4!=y5 * x5!=y5 * y5!=y6), #2939497438816442347: ({}, nil=y6 * x7=y6 * y1=y6 * y2=y6 * y3=y6 * y4=y6 * y5=y6 * x1!=y6 * x2!=y6 * x3!=y6 * x4!=y6 * x5!=y6 * x6!=y6 * y6!=y7), #-2351876344930805516: ({}, nil=y3 * x4=y3 * x5=y5 * x6=y6 * x7=y7 * y1=y3 * y2=y3 * x1!=y3 * x2!=y3 * x3!=y3 * y3!=y4), #-719791799810780216: ({}, nil=y1 * x2=y1 * x3=y3 * x4=y4 * x5=y5 * x6=y6 * x7=y7 * x1!=y1 * y1!=y2)
one(x1) * zero(y1) * succ5rec(x2, x3, x4, x5, x6, y2, y3, y4, y5, y6) => succ6rec(x1,x2,x3,x4,x5,x6,y1,y2,y3,y4,y5,y6) has base #2940841994903867680: ({}, nil=y3 * x4=y3 * x5=y5 * x6=y6 * y1=y3 * y2=y3 * x1!=y3 * x2!=y3 * x3!=y3 * y3!=y4), #3066942262052939057: ({}, nil=y1 * x2=y1 * x3=y3 * x4=y4 * x5=y5 * x6=y6 * x1!=y1 * y1!=y2), #1436715174125385037: ({}, nil=y5 * x6=y5 * y1=y5 * y2=y5 * y3=y5 * y4=y5 * x1!=y5 * x2!=y5 * x3!=y5 * x4!=y5 * x5!=y5 * y5!=y6), #3058914195044603249: ({}, nil=y2 * x3=y2 * x4=y4 * x5=y5 * x6=y6 * y1=y2 * x1!=y2 * x2!=y2 * y2!=y3), #-3398925367254618523: ({}, nil=y4 * x5=y4 * x6=y6 * y1=y4 * y2=y4 * y3=y4 * x1!=y4 * x2!=y4 * x3!=y4 * x4!=y4 * y4!=y5)
one(x1) * zero(y1) * succ4rec(x2, x3, x4, x5, y2, y3, y4, y5) => succ5rec(x1,x2,x3,x4,x5,y1,y2,y3,y4,y5) has base #99761730366479762: ({}, nil=y2 * x3=y2 * x4=y4 * x5=y5 * y1=y2 * x1!=y2 * x2!=y2 * y2!=y3), #98118466240030250: ({}, nil=y1 * x2=y1 * x3=y3 * x4=y4 * x5=y5 * x1!=y1 * y1!=y2), #176621354025445530: ({}, nil=y3 * x4=y3 * x5=y5 * y1=y3 * y2=y3 * x1!=y3 * x2!=y3 * x3!=y3 * y3!=y4), #2931863260061911956: ({}, nil=y4 * x5=y4 * y1=y4 * y2=y4 * y3=y4 * x1!=y4 * x2!=y4 * x3!=y4 * x4!=y4 * y4!=y5)
one(x1) * zero(y1) * succ3rec(x2, x3, x4, y2, y3, y4) => succ4rec(x1,x2,x3,x4,y1,y2,y3,y4) has base #6072207024659010: ({}, nil=y2 * x3=y2 * x4=y4 * y1=y2 * x1!=y2 * x2!=y2 * y2!=y3), #97048049528560155: ({}, nil=y3 * x4=y3 * y1=y3 * y2=y3 * x1!=y3 * x2!=y3 * x3!=y3 * y3!=y4), #3123328976064825: ({}, nil=y1 * x2=y1 * x3=y3 * x4=y4 * x1!=y1 * y1!=y2)
one(x1) * zero(y1) * succ2rec(x2, x3, y2, y3) => succ3rec(x1,x2,x3,y1,y2,y3) has base #267598628475797: ({}, nil=y1 * x2=y1 * x3=y3 * x1!=y1 * y1!=y2), #3120682946116913: ({}, nil=y2 * x3=y2 * y1=y2 * x1!=y2 * x2!=y2 * y2!=y3)
one(x1) * zero(y1) * succ1rec(x2, y2) => succ2rec(x1,x2,y1,y2) has base #190842916260305: ({}, nil=y1 * x2=y1 * x1!=y1 * y1!=y2)
one(y1) * zero(x1) => succ1rec(x1,y1) has base #91650777074107: ({}, nil=x1 * x1!=y1)
Q(x1', x2', x3', x4', x5', x6', x7') * succ7rec(x1', x2', x3', x4', x5', x6', x7', y1, y2, y3, y4, y5, y6, y7) => Q(y1,y2,y3,y4,y5,y6,y7) has base #110897363180065969: ({}, nil=x7' * y3=x7' * y7=x7' * y2!=x7' * y4!=x7' * y5!=x7' * y6!=x7'), #-1753922066649313775: ({}, nil=x7' * y1=x7' * y2=x7' * y3=x7' * y4=x7' * y6=x7' * y7=x7' * y5!=x7'), #94099489068885233: ({}, nil=x7' * y1=x7' * y3=x7' * y5=x7' * y7=x7' * y2!=x7' * y4!=x7' * y6!=x7'), #101141564630669263: ({}, nil=x7' * y2=x7' * y7=x7' * y3!=x7' * y4!=x7' * y5!=x7' * y6!=x7'), #6177401246290297: ({}, nil=x5' * y2=x5' * y4=x5' * y5=x5' * y3!=x5' * y6!=x5' * y7!=x5'), #95406328502856062: ({}, nil=x4' * y2=x4' * y4=x4' * y3!=x4' * y5!=x4' * y6!=x4' * y7!=x4'), #97042054706773312: ({}, nil=x3' * y2=x3' * y3=x3' * y4!=x3' * y5!=x3' * y6!=x3' * y7!=x3'), #1630213459236858601: ({}, nil=x7' * y2=x7' * y3=x7' * y4=x7' * y5=x7' * y6=x7' * y7=x7'), #113070827685109941: ({}, nil=x6' * y1=x6' * y3=x6' * y6=x6' * y2!=x6' * y4!=x6' * y5!=x6' * y7!=x6'), #105943964609773495: ({}, nil=x6' * y1=x6' * y3=x6' * y4=x6' * y6=x6' * y2!=x6' * y5!=x6' * y7!=x6'), #3014579884198183735: ({}, nil=x7' * y1=x7' * y3=x7' * y4=x7' * y6=x7' * y7=x7' * y2!=x7' * y5!=x7'), #116903091175685683: ({}, nil=x6' * y3=x6' * y6=x6' * y2!=x6' * y4!=x6' * y5!=x6' * y7!=x6'), #99404693191007827: ({}, nil=x5' * y2=x5' * y5=x5' * y3!=x5' * y4!=x5' * y6!=x5' * y7!=x5'), #1136095425644474121: ({}, nil!=y1 * nil!=y2 * nil!=y3 * nil!=y4 * nil!=y5 * nil!=y6 * nil!=y7), #96881511544194625: ({}, nil=x7' * y4=x7' * y5=x7' * y6=x7' * y7=x7' * y2!=x7' * y3!=x7'), #6348414532522510: ({}, nil=x7' * y3=x7' * y4=x7' * y7=x7' * y2!=x7' * y5!=x7' * y6!=x7'), #125825894216713885: ({}, nil=x4' * y3=x4' * y4=x4' * y2!=x4' * y5!=x4' * y6!=x4' * y7!=x4'), #6227969229419324: ({}, nil=x7' * y3=x7' * y5=x7' * y7=x7' * y2!=x7' * y4!=x7' * y6!=x7'), #115163280166129247: ({}, nil=x6' * y1=x6' * y5=x6' * y6=x6' * y2!=x6' * y3!=x6' * y4!=x6' * y7!=x6'), #6227064797144402: ({}, nil=x6' * y2=x6' * y5=x6' * y6=x6' * y3!=x6' * y4!=x6' * y7!=x6'), #6024848566520142: ({}, nil=x7' * y2=x7' * y3=x7' * y7=x7' * y4!=x7' * y5!=x7' * y6!=x7'), #6106415925466526: ({}, nil=x6' * y2=x6' * y4=x6' * y6=x6' * y3!=x6' * y5!=x6' * y7!=x6'), #108295091892559331: ({}, nil=x5' * y1=x5' * y4=x5' * y5=x5' * y2!=x5' * y3!=x5' * y6!=x5' * y7!=x5'), #91533472566910074: ({}, nil=x7' * y2=x7' * y3=x7' * y5=x7' * y7=x7' * y4!=x7' * y6!=x7'), #91533378272561238: ({}, nil=x7' * y2=x7' * y3=x7' * y6=x7' * y7=x7' * y4!=x7' * y5!=x7'), #3033742302391131882: ({}, nil=x7' * y1=x7' * y2=x7' * y4=x7' * y6=x7' * y7=x7' * y3!=x7' * y5!=x7'), #108245282224021137: ({}, nil=x7' * y1=x7' * y4=x7' * y7=x7' * y2!=x7' * y3!=x7' * y5!=x7' * y6!=x7'), #3460049706123905825: ({}, nil=x3' * y1=x3' * y3=x3' * y2!=x3' * y4!=x3' * y5!=x3' * y6!=x3' * y7!=x3'), #3033740090369912424: ({}, nil=x7' * y1=x7' * y2=x7' * y5=x7' * y6=x7' * y7=x7' * y3!=x7' * y4!=x7'), #99796557283110283: ({}, nil=y3 * y1=y3 * y2=y3 * y3!=y4 * y3!=y5 * y3!=y6 * y3!=y7), #91530851045720897: ({}, nil=x7' * y2=x7' * y4=x7' * y5=x7' * y7=x7' * y3!=x7' * y6!=x7'), #99200256037589427: ({}, nil=x6' * y2=x6' * y3=x6' * y4=x6' * y6=x6' * y5!=x6' * y7!=x6'), #3481879030069253002: ({}, nil=x5' * y1=x5' * y5=x5' * y2!=x5' * y3!=x5' * y4!=x5' * y6!=x5' * y7!=x5'), #107471439437265036: ({}, nil=x7' * y1=x7' * y2=x7' * y7=x7' * y3!=x7' * y4!=x7' * y5!=x7' * y6!=x7'), #3033742781751400551: ({}, nil=x7' * y1=x7' * y2=x7' * y4=x7' * y5=x7' * y7=x7' * y3!=x7' * y6!=x7'), #111114729949656506: ({}, nil=x5' * y4=x5' * y5=x5' * y2!=x5' * y3!=x5' * y6!=x5' * y7!=x5'), #6339110433325040: ({}, nil=x7' * y4=x7' * y5=x7' * y7=x7' * y2!=x7' * y3!=x7' * y6!=x7'), #6228614526321648: ({}, nil=x7' * y3=x7' * y6=x7' * y7=x7' * y2!=x7' * y4!=x7' * y5!=x7'), #99811721411403352: ({}, nil=x7' * y1=x7' * y2=x7' * y4=x7' * y7=x7' * y3!=x7' * y5!=x7' * y6!=x7'), #3033756354038939257: ({}, nil=x7' * y1=x7' * y2=x7' * y3=x7' * y4=x7' * y7=x7' * y5!=x7' * y6!=x7'), #91560340726689651: ({}, nil=x7' * y2=x7' * y3=x7' * y4=x7' * y7=x7' * y5!=x7' * y6!=x7'), #100809170636352736: ({}, nil=x5' * y1=x5' * y2=x5' * y3=x5' * y5=x5' * y4!=x5' * y6!=x5' * y7!=x5'), #5819733719295791: ({}, nil=x5' * y2=x5' * y3=x5' * y5=x5' * y4!=x5' * y6!=x5' * y7!=x5'), #3501868835504876730: ({}, nil=x6' * y1=x6' * y6=x6' * y2!=x6' * y3!=x6' * y4!=x6' * y5!=x6' * y7!=x6'), #100107972164267464: ({}, nil=x7' * y1=x7' * y4=x7' * y5=x7' * y7=x7' * y2!=x7' * y3!=x7' * y6!=x7'), #-1384495859887934965: ({}, nil=x7' * y1=x7' * y3=x7' * y4=x7' * y5=x7' * y6=x7' * y7=x7' * y2!=x7'), #115321823891325929: ({}, nil=x6' * y1=x6' * y4=x6' * y6=x6' * y2!=x6' * y3!=x6' * y5!=x6' * y7!=x6'), #3232634629562325653: ({}, nil=x6' * y1=x6' * y3=x6' * y4=x6' * y5=x6' * y6=x6' * y2!=x6' * y7!=x6'), #3231751904826926505: ({}, nil=x6' * y1=x6' * y2=x6' * y3=x6' * y4=x6' * y6=x6' * y5!=x6' * y7!=x6'), #3013180212170041495: ({}, nil=x7' * y1=x7' * y3=x7' * y5=x7' * y6=x7' * y7=x7' * y2!=x7' * y4!=x7'), #6177219729820663: ({}, nil=x7' * y2=x7' * y5=x7' * y7=x7' * y3!=x7' * y4!=x7' * y6!=x7'), #5775634449578813: ({}, nil=y4 * y1=y4 * y2=y4 * y3=y4 * y4!=y5 * y4!=y6 * y4!=y7), #3001019823250405232: ({}, nil=x7' * y2=x7' * y4=x7' * y5=x7' * y6=x7' * y7=x7' * y3!=x7'), #101185509897643982: ({}, nil=x5' * y1=x5' * y2=x5' * y4=x5' * y5=x5' * y3!=x5' * y6!=x5' * y7!=x5'), #3001316609196901541: ({}, nil=x7' * y2=x7' * y3=x7' * y4=x7' * y5=x7' * y7=x7' * y6!=x7'), #99835629707965911: ({}, nil=x6' * y2=x6' * y6=x6' * y3!=x6' * y4!=x6' * y5!=x6' * y7!=x6'), #3078181491964535685: ({}, nil=y6 * y1=y6 * y2=y6 * y3=y6 * y4=y6 * y5=y6 * y6!=y7), #6842073130408305: ({}, nil=x6' * y3=x6' * y4=x6' * y6=x6' * y2!=x6' * y5!=x6' * y7!=x6'), #99141673041406769: ({}, nil=x6' * y2=x6' * y3=x6' * y5=x6' * y6=x6' * y4!=x6' * y7!=x6'), #6401268023657179: ({}, nil=x6' * y4=x6' * y5=x6' * y6=x6' * y2!=x6' * y3!=x6' * y7!=x6'), #5987440838321348: ({}, nil=x6' * y2=x6' * y3=x6' * y6=x6' * y4!=x6' * y5!=x6' * y7!=x6'), #3014579713610793968: ({}, nil=x7' * y1=x7' * y3=x7' * y4=x7' * y5=x7' * y7=x7' * y2!=x7' * y6!=x7'), #98085309464314048: ({}, nil=x7' * y3=x7' * y4=x7' * y6=x7' * y7=x7' * y2!=x7' * y5!=x7'), #3001316575912589342: ({}, nil=x7' * y2=x7' * y3=x7' * y4=x7' * y6=x7' * y7=x7' * y5!=x7'), #3482196944537690691: ({}, nil=x7' * y7=x7' * y2!=x7' * y3!=x7' * y4!=x7' * y5!=x7' * y6!=x7'), #108244305251438046: ({}, nil=x7' * y1=x7' * y6=x7' * y7=x7' * y2!=x7' * y3!=x7' * y4!=x7' * y5!=x7'), #3501969428297438085: ({}, nil=x6' * y6=x6' * y2!=x6' * y3!=x6' * y4!=x6' * y5!=x6' * y7!=x6'), #3482105532505652828: ({}, nil=x5' * y5=x5' * y2!=x5' * y3!=x5' * y4!=x5' * y6!=x5' * y7!=x5'), #111198480864575697: ({}, nil=x7' * y6=x7' * y7=x7' * y2!=x7' * y3!=x7' * y4!=x7' * y5!=x7'), #96220999906296190: ({}, nil=y5 * y1=y5 * y2=y5 * y3=y5 * y4=y5 * y5!=y6 * y5!=y7), #3595870259169792470: ({}, nil=x4' * y4=x4' * y2!=x4' * y3!=x4' * y5!=x4' * y6!=x4' * y7!=x4'), #105631806722946144: ({}, nil=x6' * y1=x6' * y3=x6' * y5=x6' * y6=x6' * y2!=x6' * y4!=x6' * y7!=x6'), #3033734620074997379: ({}, nil=x7' * y1=x7' * y2=x7' * y3=x7' * y6=x7' * y7=x7' * y4!=x7' * y5!=x7'), #110005482265869779: ({}, nil=x6' * y4=x6' * y6=x6' * y2!=x6' * y3!=x6' * y5!=x6' * y7!=x6'), #101372948213863874: ({}, nil=x4' * y1=x4' * y2=x4' * y4=x4' * y3!=x4' * y5!=x4' * y6!=x4' * y7!=x4'), #100107954435092602: ({}, nil=x7' * y1=x7' * y4=x7' * y6=x7' * y7=x7' * y2!=x7' * y3!=x7' * y5!=x7'), #105323585094264956: ({}, nil=x6' * y1=x6' * y2=x6' * y5=x6' * y6=x6' * y3!=x6' * y4!=x6' * y7!=x6'), #100113972598563180: ({}, nil=x7' * y1=x7' * y5=x7' * y6=x7' * y7=x7' * y2!=x7' * y3!=x7' * y4!=x7'), #4147030747298800555: ({}, nil=y1 * y1!=y2 * y1!=y3 * y1!=y4 * y1!=y5 * y1!=y6 * y1!=y7), #108104566269541634: ({}, nil=x7' * y1=x7' * y3=x7' * y7=x7' * y2!=x7' * y4!=x7' * y5!=x7' * y6!=x7'), #6177074953402614: ({}, nil=x7' * y2=x7' * y6=x7' * y7=x7' * y3!=x7' * y4!=x7' * y5!=x7'), #3248583229880397118: ({}, nil=x6' * y2=x6' * y3=x6' * y4=x6' * y5=x6' * y6=x6' * y7!=x6'), #90702406195859762: ({}, nil=x5' * y2=x5' * y3=x5' * y4=x5' * y5=x5' * y6!=x5' * y7!=x5'), #107805993728642099: ({}, nil=x6' * y1=x6' * y2=x6' * y6=x6' * y3!=x6' * y4!=x6' * y5!=x6' * y7!=x6'), #97120509652369584: ({}, nil=x7' * y3=x7' * y5=x7' * y6=x7' * y7=x7' * y2!=x7' * y4!=x7'), #-1753916518039333660: ({}, nil=x7' * y1=x7' * y2=x7' * y3=x7' * y4=x7' * y5=x7' * y7=x7' * y6!=x7'), #6334720703321344: ({}, nil=x5' * y3=x5' * y4=x5' * y5=x5' * y2!=x5' * y6!=x5' * y7!=x5'), #105445804040056362: ({}, nil=x6' * y1=x6' * y4=x6' * y5=x6' * y6=x6' * y2!=x6' * y3!=x6' * y7!=x6'), #3482213483407380866: ({}, nil=x7' * y1=x7' * y7=x7' * y2!=x7' * y3!=x7' * y4!=x7' * y5!=x7' * y6!=x7'), #3231696449094450466: ({}, nil=x6' * y1=x6' * y2=x6' * y3=x6' * y5=x6' * y6=x6' * y4!=x6' * y7!=x6'), #105352512412744929: ({}, nil=x6' * y1=x6' * y2=x6' * y4=x6' * y6=x6' * y3!=x6' * y5!=x6' * y7!=x6'), #90675690391637708: ({}, nil=x7' * y2=x7' * y5=x7' * y6=x7' * y7=x7' * y3!=x7' * y4!=x7'), #108236171266918132: ({}, nil=x7' * y1=x7' * y5=x7' * y7=x7' * y2!=x7' * y3!=x7' * y4!=x7' * y6!=x7'), #111200457903742956: ({}, nil=x7' * y4=x7' * y7=x7' * y2!=x7' * y3!=x7' * y5!=x7' * y6!=x7'), #122109025210288426: ({}, nil=x4' * y1=x4' * y3=x4' * y4=x4' * y2!=x4' * y5!=x4' * y6!=x4' * y7!=x4'), #96536482763749185: ({}, nil=x6' * y3=x6' * y4=x6' * y5=x6' * y6=x6' * y2!=x6' * y7!=x6'), #6340094339465100: ({}, nil=x7' * y4=x7' * y6=x7' * y7=x7' * y2!=x7' * y3!=x7' * y5!=x7'), #91530767726759535: ({}, nil=x7' * y2=x7' * y4=x7' * y6=x7' * y7=x7' * y3!=x7' * y5!=x7'), #-1753613406149681484: ({}, nil=x7' * y1=x7' * y2=x7' * y3=x7' * y5=x7' * y6=x7' * y7=x7' * y4!=x7'), #110743629626169740: ({}, nil=x5' * y3=x5' * y5=x5' * y2!=x5' * y4!=x5' * y6!=x5' * y7!=x5'), #3595925947779338740: ({}, nil=x4' * y1=x4' * y4=x4' * y2!=x4' * y3!=x4' * y5!=x4' * y6!=x4' * y7!=x4'), #3515904189968741200: ({}, nil=y2 * y1=y2 * y2!=y3 * y2!=y4 * y2!=y5 * y2!=y6 * y2!=y7), #3231710603896893303: ({}, nil=x6' * y1=x6' * y2=x6' * y4=x6' * y5=x6' * y6=x6' * y3!=x6' * y7!=x6'), #111192203688010237: ({}, nil=x7' * y5=x7' * y7=x7' * y2!=x7' * y3!=x7' * y4!=x7' * y6!=x7'), #98084263817715987: ({}, nil=x7' * y3=x7' * y4=x7' * y5=x7' * y7=x7' * y2!=x7' * y6!=x7'), #94099112215956426: ({}, nil=x7' * y1=x7' * y3=x7' * y6=x7' * y7=x7' * y2!=x7' * y4!=x7' * y5!=x7'), #3459933158778929870: ({}, nil=x3' * y3=x3' * y2!=x3' * y4!=x3' * y5!=x3' * y6!=x3' * y7!=x3'), #-1753858076385790071: ({}, nil=x7' * y1=x7' * y2=x7' * y4=x7' * y5=x7' * y6=x7' * y7=x7' * y3!=x7'), #3068507401724065038: ({}, nil=x7' * y3=x7' * y4=x7' * y5=x7' * y6=x7' * y7=x7' * y2!=x7'), #100049037995492297: ({}, nil=x7' * y1=x7' * y2=x7' * y6=x7' * y7=x7' * y3!=x7' * y4!=x7' * y5!=x7'), #3001628913941838507: ({}, nil=x7' * y2=x7' * y3=x7' * y5=x7' * y6=x7' * y7=x7' * y4!=x7'), #3247982819042323521: ({}, nil=x2' * y2=x2' * y3!=x2' * y4!=x2' * y5!=x2' * y6!=x2' * y7!=x2'), #6510117586488395: ({}, nil=x6' * y3=x6' * y5=x6' * y6=x6' * y2!=x6' * y4!=x6' * y7!=x6'), #99854407065729885: ({}, nil=x7' * y1=x7' * y2=x7' * y3=x7' * y7=x7' * y4!=x7' * y5!=x7' * y6!=x7'), #100049145614691228: ({}, nil=x7' * y1=x7' * y2=x7' * y5=x7' * y7=x7' * y3!=x7' * y4!=x7' * y6!=x7'), #99152804877449128: ({}, nil=x6' * y2=x6' * y4=x6' * y5=x6' * y6=x6' * y3!=x6' * y7!=x6'), #105111862707640761: ({}, nil=x6' * y1=x6' * y2=x6' * y3=x6' * y6=x6' * y4!=x6' * y5!=x6' * y7!=x6'), #3027605247981420526: ({}, nil=x7' * y1=x7' * y4=x7' * y5=x7' * y6=x7' * y7=x7' * y2!=x7' * y3!=x7'), #94240767788019731: ({}, nil=x7' * y1=x7' * y3=x7' * y4=x7' * y7=x7' * y2!=x7' * y5!=x7' * y6!=x7'), #6401272196314485: ({}, nil=x7' * y5=x7' * y6=x7' * y7=x7' * y2!=x7' * y3!=x7' * y4!=x7'), #5978431593800739: ({}, nil=x7' * y2=x7' * y4=x7' * y7=x7' * y3!=x7' * y5!=x7' * y6!=x7'), #7560013920558999: ({}, nil=x4' * y2=x4' * y3=x4' * y4=x4' * y5!=x4' * y6!=x4' * y7!=x4'), #107929424785858338: ({}, nil=x5' * y1=x5' * y2=x5' * y5=x5' * y3!=x5' * y4!=x5' * y6!=x5' * y7!=x5'), #109980194026543291: ({}, nil=x6' * y5=x6' * y6=x6' * y2!=x6' * y3!=x6' * y4!=x6' * y7!=x6'), #3033734566725661325: ({}, nil=x7' * y1=x7' * y2=x7' * y3=x7' * y5=x7' * y7=x7' * y4!=x7' * y6!=x7'), #101314434066017545: ({}, nil=x5' * y1=x5' * y3=x5' * y4=x5' * y5=x5' * y2!=x5' * y6!=x5' * y7!=x5'), #110152487550858285: ({}, nil=x5' * y1=x5' * y3=x5' * y5=x5' * y2!=x5' * y4!=x5' * y6!=x5' * y7!=x5')
zero(y1) * zero(y2) * zero(y3) * zero(y4) * zero(y5) * zero(y6) * zero(y7) => Q(y1,y2,y3,y4,y5,y6,y7) has base #3112627242504440221: ({}, nil=y7 * y1=y7 * y2=y7 * y3=y7 * y4=y7 * y5=y7 * y6=y7)
nil!=x => one(x) has base #88126586233761: ({}, nil!=x)
nil=x => zero(x) has base #89862935931918: ({}, nil=x)
x2=y2 * one(y1) * zero(x1) => succ2rec(x1,x2,y1,y2) has base #95376218137122: ({}, nil=x1 * x2=y2 * x1!=y1)
x2=y2 * x3=y3 * one(y1) * zero(x1) => succ3rec(x1,x2,x3,y1,y2,y3) has base #179484244811094: ({}, nil=x1 * x2=y2 * x3=y3 * x1!=y1)
x2=y2 * x3=y3 * x4=y4 * one(y1) * zero(x1) => succ4rec(x1,x2,x3,x4,y1,y2,y3,y4) has base #3011035819388766: ({}, nil=x1 * x2=y2 * x3=y3 * x4=y4 * x1!=y1)
x2=y2 * x3=y3 * x4=y4 * x5=y5 * one(y1) * zero(x1) => succ5rec(x1,x2,x3,x4,x5,y1,y2,y3,y4,y5) has base #91321959016608694: ({}, nil=x1 * x2=y2 * x3=y3 * x4=y4 * x5=y5 * x1!=y1)
x2=y2 * x3=y3 * x4=y4 * x5=y5 * x6=y6 * one(y1) * zero(x1) => succ6rec(x1,x2,x3,x4,x5,x6,y1,y2,y3,y4,y5,y6) has base #2995326598647189018: ({}, nil=x1 * x2=y2 * x3=y3 * x4=y4 * x5=y5 * x6=y6 * x1!=y1)
x2=y2 * x3=y3 * x4=y4 * x5=y5 * x6=y6 * x7=y7 * one(y1) * zero(x1) => succ7rec(x1,x2,x3,x4,x5,x6,x7,y1,y2,y3,y4,y5,y6,y7) has base #1520694955970153557: ({}, nil=x1 * x2=y2 * x3=y3 * x4=y4 * x5=y5 * x6=y6 * x7=y7 * x1!=y1)
SAT: All predicates have a non-empty base.

=== slsat-succ-rec08
$ cyclist sl satcheck -D benchmarks/slsat/cc/succ-rec08.defs -p -t 60
exit: 0
one(x1) * one(x2) * one(x3) * one(x4) * one(x5) * one(x6) * one(x7) * one(x8) * Q(x1, x2, x3, x4, x5, x6, x7, x8) => P(x1,x2,x3,x4,x5,x6,x7,x8) has base #3408842439055101524: ({}, nil!=x1 * nil!=x2 * nil!=x3 * nil!=x4 * nil!=x5 * nil!=x6 * nil!=x7 * nil!=x8)
one(x1) * zero(y1) * succ7rec(x2, x3, x4, x5, x6, x7, x8, y2, y3, y4, y5, y6, y7, y8) => succ8rec(x1,x2,x3,x4,x5,x6,x7,x8,y1,y2,y3,y4,y5,y6,y7,y8) has base #3154792939044100298: ({}, nil=y1 * x2=y1 * x3=y3 * x4=y4 * x5=y5 * x6=y6 * x7=y7 * x8=y8 * x1!=y1 * y1!=y2), #611745187258447087: ({}, nil=y3 * x4=y3 * x5=y5 * x6=y6 * x7=y7 * x8=y8 * y1=y3 * y2=y3 * x1!=y3 * x2!=y3 * x3!=y3 * y3!=y4), #-2470582211387690306: ({}, nil=y4 * x5=y4 * x6=y6 * x7=y7 * x8=y8 * y1=y4 * y2=y4 * y3=y4 * x1!=y4 * x2!=y4 * x3!=y4 * x4!=y4 * y4!=y5), #-449399233580765715: ({}, nil=y5 * x6=y5 * x7=y7 * x8=y8 * y1=y5 * y2=y5 * y3=y5 * y4=y5 * x1!=y5 * x2!=y5 * x3!=y5 * x4!=y5 * x5!=y5 * y5!=y6), #2688316992772574094: ({}, nil=y2 * x3=y2 * x4=y4 * x5=y5 * x6=y6 * x7=y7 * x8=y8 * y1=y2 * x1!=y2 * x2!=y2 * y2!=y3), #-1744657719345290134: ({}, nil=y6 * x7=y6 * x8=y8 * y1=y6 * y2=y6 * y3=y6 * y4=y6 * y5=y6 * x1!=y6 * x2!=y6 * x3!=y6 * x4!=y6 * x5!=y6 * x6!=y6 * y6!=y7), #-1722729252642497649: ({}, nil=y7 * x8=y7 * y1=y7 * y2=y7 * y3=y7 * y4=y7 * y5=y7 * y6=y7 * x1!=y7 * x2!=y7 * x3!=y7 * x4!=y7 * x5!=y7 * x6!=y7 * x7!=y7 * y7!=y8)
one(x1) * zero(y1) * succ6rec(x2, x3, x4, x5, x6, x7, y2, y3, y4, y5, y6, y7) => succ7rec(x1,x2,x3,x4,x5,x6,x7,y1,y2,y3,y4,y5,y6,y7) has base #-156534524079490266: ({}, nil=y2 * x3=y2 * x4=y4 * x5=y5 * x6=y6 * x7=y7 * y1=y2 * x1!=y2 * x2!=y2 * y2!=y3), #3975675968291557253: ({}, nil=y4 * x5=y4 * x6=y6 * x7=y7 * y1=y4 * y2=y4 * y3=y4 * x1!=y4 * x2!=y4 * x3!=y4 * x4!=y4 * y4!=y5), #-4558167984024599093: ({}, nil=y5 * x6=y5 * x7=y7 * y1=y5 * y2=y5 * y3=y5 * y4=y5 * x1!=y5 * x2!=y5 * x3!=y5 * x4!=y5 * x5!=y5 * y5!=y6), #2939497438816442347: ({}, nil=y6 * x7=y6 * y1=y6 * y2=y6 * y3=y6 * y4=y6 * y5=y6 * x1!=y6 * x2!=y6 * x3!=y6 * x4!=y6 * x5!=y6 * x6!=y6 * y6!=y7), #-2351876344930805516: ({}, nil=y3 * x4=y3 * x5=y5 * x6=y6 * x7=y7 * y1=y3 * y2=y3 * x1!=y3 * x2!=y3 * x3!=y3 * y3!=y4), #-719791799810780216: ({}, nil=y1 * x2=y1 * x3=y3 * x4=y4 * x5=y5 * x6=y6 * x7=y7 * x1!=y1 * y1!=y2)
one(x1) * zero(y1) * succ5rec(x2, x3, x4, x5, x6, y2, y3, y4, y5, y6) => succ6rec(x1,x2,x3,x4,x5,x6,y1,y2,y3,y4,y5,y6) has base #2940841994903867680: ({}, nil=y3 * x4=y3 * x5=y5 * x6=y6 * y1=y3 * y2=y3 * x1!=y3 * x2!=y3 * x3!=y3 * y3!=y4), #3066942262052939057: ({}, nil=y1 * x2=y1 * x3=y3 * x4=y4 * x5=y5 * x6=y6 * x1!=y1 * y1!=y2), #1436715174125385037: ({}, nil=y5 * x6=y5 * y1=y5 * y2=y5 * y3=y5 * y4=y5 * x1!=y5 * x2!=y5 * x3!=y5 * x4!=y5 * x5!=y5 * y5!=y6), #3058914195044603249: ({}, nil=y2 * x3=y2 * x4=y4 * x5=y5 * x6=y6 * y1=y2 * x1!=y2 * x2!=y2 * y2!=y3), #-3398925367254618523: ({}, nil=y4 * x5=y4 * x6=y6 * y1=y4 * y2=y4 * y3=y4 * x1!=y4 * x2!=y4 * x3!=y4 * x4!=y4 * y4!=y5)
one(x1) * zero(y1) * succ4rec(x2, x3, x4, x5, y2, y3, y4, y5) => succ5rec(x1,x2,x3,x4,x5,y1,y2,y3,y4,y5) has base #99761730366479762: ({}, nil=y2 * x3=y2 * x4=y4 * x5=y5 * y1=y2 * x1!=y2 * x2!=y2 * y2!=y3), #98118466240030250: ({}, nil=y1 * x2=y1 * x3=y3 * x4=y4 * x5=y5 * x1!=y1 * y1!=y2), #176621354025445530: ({}, nil=y3 * x4=y3 * x5=y5 * y1=y3 * y2=y3 * x1!=y3 * x2!=y3 * x3!=y3 * y3!=y4), #2931863260061911956: ({}, nil=y4 * x5=y4 * y1=y4 * y2=y4 * y3=y4 * x1!=y4 * x2!=y4 * x3!=y4 * x4!=y4 * y4!=y5)
one(x1) * zero(y1) * succ3rec(x2, x3, x4, y2, y3, y4) => succ4rec(x1,x2,x3,x4,y1,y2,y3,y4) has base #6072207024659010: ({}, nil=y2 * x3=y2 * x4=y4 * y1=y2 * x1!=y2 * x2!=y2 * y2!=y3), #97048049528560155: ({}, nil=y3 * x4=y3 * y1=y3 * y2=y3 * x1!=y3 * x2!=y3 * x3!=y3 * y3!=y4), #3123328976064825: ({}, nil=y1 * x2=y1 * x3=y3 * x4=y4 * x1!=y1 * y1!=y2)
one(x1) * zero(y1) * succ2rec(x2, x3, y2, y3) => succ3rec(x1,x2,x3,y1,y2,y3) has base #267598628475797: ({}, nil=y1 * x2=y1 * x3=y3 * x1!=y1 * y1!=y2), #3120682946116913: ({}, nil=y2 * x3=y2 * y1=y2 * x1!=y2 * x2!=y2 * y2!=y3)
one(x1) * zero(y1) * succ1rec(x2, y2) => succ2rec(x1,x2,y1,y2) has base #190842916260305: ({}, nil=y1 * x2=y1 * x1!=y1 * y1!=y2)
one(y1) * zero(x1) => succ1rec(x1,y1) has base #91650777074107: ({}, nil=x1 * x1!=y1)
Q(x1', x2', x3', x4', x5', x6', x7', x8') * succ8rec(x1', x2', x3', x4', x5', x6', x7', x8', y1, y2, y3, y4, y5, y6, y7, y8) => Q(y1,y2,y3,y4,y5,y6,y7,y8) has base #199041989938367188: ({}, nil=x8' * y1=x8' * y5=x8' * y6=x8' * y8=x8' * y2!=x8' * y3!=x8' * y4!=x8' * y7!=x8'), #207048086308629055: ({}, nil=x6' * y1=x6' * y2=x6' * y5=x6' * y6=x6' * y3!=x6' * y4!=x6' * y7!=x6' * y8!=x6'), #3016313212797179782: ({}, nil=x7' * y1=x7' * y3=x7' * y5=x7' * y6=x7' * y7=x7' * y2!=x7' * y4!=x7' * y8!=x7'), #3602596631530678144: ({}, nil=x8' * y1=x8' * y5=x8' * y8=x8' * y2!=x8' * y3!=x8' * y4!=x8' * y6!=x8' * y7!=x8'), #3504443876371939735: ({}, nil=x6' * y1=x6' * y5=x6' * y6=x6' * y2!=x6' * y3!=x6' * y4!=x6' * y7!=x6' * y8!=x6'), #110269037030772498: ({}, nil=x7' * y3=x7' * y6=x7' * y7=x7' * y2!=x7' * y4!=x7' * y5!=x7' * y8!=x7'), #-3116974174236113117: ({}, nil=x8' * y1=x8' * y2=x8' * y3=x8' * y4=x8' * y5=x8' * y7=x8' * y8=x8' * y6!=x8'), #199158972725686090: ({}, nil=x8' * y1=x8' * y4=x8' * y5=x8' * y8=x8' * y2!=x8' * y3!=x8' * y6!=x8' * y7!=x8'), #3001714185225458432: ({}, nil=x7' * y2=x7' * y3=x7' * y5=x7' * y6=x7' * y7=x7' * y4!=x7' * y8!=x7'), #100092199334191607: ({}, nil=x8' * y2=x8' * y6=x8' * y7=x8' * y8=x8' * y3!=x8' * y4!=x8' * y5!=x8'), #93597344086434729: ({}, nil=x7' * y2=x7' * y5=x7' * y6=x7' * y7=x7' * y3!=x7' * y4!=x7' * y8!=x7'), #186522317677942381: ({}, nil=x8' * y1=x8' * y2=x8' * y4=x8' * y8=x8' * y3!=x8' * y5!=x8' * y6!=x8' * y7!=x8'), #-3118374209633956289: ({}, nil=x8' * y1=x8' * y2=x8' * y3=x8' * y5=x8' * y6=x8' * y7=x8' * y8=x8' * y4!=x8'), #-1347977863629113045: ({}, nil=x8' * y1=x8' * y3=x8' * y5=x8' * y6=x8' * y7=x8' * y8=x8' * y2!=x8' * y4!=x8'), #113095965486814969: ({}, nil=x6' * y3=x6' * y5=x6' * y6=x6' * y2!=x6' * y4!=x6' * y7!=x6' * y8!=x6'), #-1753760361888938839: ({}, nil=x7' * y1=x7' * y2=x7' * y4=x7' * y5=x7' * y6=x7' * y7=x7' * y3!=x7' * y8!=x7'), #115869617886957429: ({}, nil=x8' * y5=x8' * y7=x8' * y8=x8' * y2!=x8' * y3!=x8' * y4!=x8' * y6!=x8'), #-3116970691395341465: ({}, nil=x8' * y1=x8' * y2=x8' * y3=x8' * y4=x8' * y6=x8' * y7=x8' * y8=x8' * y5!=x8'), #3018161855660484000: ({}, nil=x8' * y1=x8' * y4=x8' * y6=x8' * y7=x8' * y8=x8' * y2!=x8' * y3!=x8' * y5!=x8'), #3236218723068060655: ({}, nil=x6' * y1=x6' * y3=x6' * y4=x6' * y5=x6' * y6=x6' * y2!=x6' * y7!=x6' * y8!=x6'), #3472105023917635433: ({}, nil=x5' * y3=x5' * y5=x5' * y2!=x5' * y4!=x5' * y6!=x5' * y7!=x5' * y8!=x5'), #3599743676429808142: ({}, nil=x8' * y7=x8' * y8=x8' * y2!=x8' * y3!=x8' * y4!=x8' * y5!=x8' * y6!=x8'), #3037646145820516632: ({}, nil=x7' * y1=x7' * y2=x7' * y3=x7' * y4=x7' * y7=x7' * y5!=x7' * y6!=x7' * y8!=x7'), #-1753519308909529223: ({}, nil=x7' * y1=x7' * y2=x7' * y3=x7' * y5=x7' * y6=x7' * y7=x7' * y4!=x7' * y8!=x7'), #107881258434425833: ({}, nil=x6' * y2=x6' * y5=x6' * y6=x6' * y3!=x6' * y4!=x6' * y7!=x6' * y8!=x6'), #100173388521064411: ({}, nil=x6' * y3=x6' * y4=x6' * y5=x6' * y6=x6' * y2!=x6' * y7!=x6' * y8!=x6'), #103519174753016210: ({}, nil=y4 * y1=y4 * y2=y4 * y3=y4 * y4!=y5 * y4!=y6 * y4!=y7 * y4!=y8), #3501882003938847595: ({}, nil=x6' * y5=x6' * y6=x6' * y2!=x6' * y3!=x6' * y4!=x6' * y7!=x6' * y8!=x6'), #94305807655569424: ({}, nil=x7' * y2=x7' * y3=x7' * y6=x7' * y7=x7' * y4!=x7' * y5!=x7' * y8!=x7'), #3036562932589685847: ({}, nil=x7' * y1=x7' * y2=x7' * y4=x7' * y5=x7' * y7=x7' * y3!=x7' * y6!=x7' * y8!=x7'), #94343361423381965: ({}, nil=x8' * y4=x8' * y5=x8' * y7=x8' * y8=x8' * y2!=x8' * y3!=x8' * y6!=x8'), #94308234153695771: ({}, nil=x7' * y2=x7' * y3=x7' * y5=x7' * y7=x7' * y4!=x7' * y6!=x7' * y8!=x7'), #-1348283077246239116: ({}, nil=x8' * y1=x8' * y3=x8' * y4=x8' * y5=x8' * y6=x8' * y8=x8' * y2!=x8' * y7!=x8'), #46343734013753253: ({}, nil=x2' * y2=x2' * y3!=x2' * y4!=x2' * y5!=x2' * y6!=x2' * y7!=x2' * y8!=x2'), #194462608355045467: ({}, nil=x8' * y1=x8' * y3=x8' * y6=x8' * y8=x8' * y2!=x8' * y4!=x8' * y5!=x8' * y7!=x8'), #3034056252977925932: ({}, nil=x8' * y3=x8' * y5=x8' * y6=x8' * y7=x8' * y8=x8' * y2!=x8' * y4!=x8'), #100269361962069729: ({}, nil=x7' * y3=x7' * y5=x7' * y6=x7' * y7=x7' * y2!=x7' * y4!=x7' * y8!=x7'), #103246463263301083: ({}, nil=x8' * y2=x8' * y4=x8' * y8=x8' * y3!=x8' * y5!=x8' * y6!=x8' * y7!=x8'), #97231891871467679: ({}, nil=x5' * y2=x5' * y3=x5' * y5=x5' * y4!=x5' * y6!=x5' * y7!=x5' * y8!=x5'), #222442409540700161: ({}, nil=x6' * y1=x6' * y3=x6' * y4=x6' * y6=x6' * y2!=x6' * y5!=x6' * y7!=x6' * y8!=x6'), #201571794559755895: ({}, nil=x5' * y1=x5' * y2=x5' * y4=x5' * y5=x5' * y3!=x5' * y6!=x5' * y7!=x5' * y8!=x5'), #3030876177310034825: ({}, nil=x7' * y1=x7' * y4=x7' * y5=x7' * y6=x7' * y7=x7' * y2!=x7' * y3!=x7' * y8!=x7'), #203630690040695997: ({}, nil=x7' * y1=x7' * y4=x7' * y6=x7' * y7=x7' * y2!=x7' * y3!=x7' * y5!=x7' * y8!=x7'), #3039509871508333974: ({}, nil=x8' * y2=x8' * y3=x8' * y5=x8' * y6=x8' * y8=x8' * y4!=x8' * y7!=x8'), #3019191314968271682: ({}, nil=x8' * y1=x8' * y2=x8' * y3=x8' * y4=x8' * y8=x8' * y5!=x8' * y6!=x8' * y7!=x8'), #-1375479369109838127: ({}, nil=x8' * y1=x8' * y2=x8' * y3=x8' * y5=x8' * y7=x8' * y8=x8' * y4!=x8' * y6!=x8'), #-523241821929995649: ({}, nil=x4' * y4=x4' * y2!=x4' * y3!=x4' * y5!=x4' * y6!=x4' * y7!=x4' * y8!=x4'), #186214288464648057: ({}, nil=x7' * y1=x7' * y2=x7' * y3=x7' * y7=x7' * y4!=x7' * y5!=x7' * y6!=x7' * y8!=x7'), #3039037679643633743: ({}, nil=x8' * y2=x8' * y3=x8' * y4=x8' * y7=x8' * y8=x8' * y5!=x8' * y6!=x8'), #1630219444033654351: ({}, nil=x7' * y2=x7' * y3=x7' * y4=x7' * y5=x7' * y6=x7' * y7=x7' * y8!=x7'), #3039212271788261100: ({}, nil=x8' * y2=x8' * y4=x8' * y5=x8' * y7=x8' * y8=x8' * y3!=x8' * y6!=x8'), #3248698468362091644: ({}, nil=x6' * y2=x6' * y3=x6' * y4=x6' * y5=x6' * y6=x6' * y7!=x6' * y8!=x6'), #-523154230312811939: ({}, nil=x4' * y1=x4' * y4=x4' * y2!=x4' * y3!=x4' * y5!=x4' * y6!=x4' * y7!=x4' * y8!=x4'), #2792640352446137542: ({}, nil=x7' * y7=x7' * y2!=x7' * y3!=x7' * y4!=x7' * y5!=x7' * y6!=x7' * y8!=x7'), #-429959906439893248: ({}, nil=x8' * y2=x8' * y4=x8' * y5=x8' * y6=x8' * y7=x8' * y8=x8' * y3!=x8'), #94540407791056229: ({}, nil=x7' * y2=x7' * y4=x7' * y5=x7' * y7=x7' * y3!=x7' * y6!=x7' * y8!=x7'), #3018103895817787983: ({}, nil=x8' * y1=x8' * y2=x8' * y6=x8' * y7=x8' * y8=x8' * y3!=x8' * y4!=x8' * y5!=x8'), #3488265105906912921: ({}, nil=x7' * y1=x7' * y6=x7' * y7=x7' * y2!=x7' * y3!=x7' * y4!=x7' * y5!=x7' * y8!=x7'), #3017928007063361825: ({}, nil=x8' * y1=x8' * y2=x8' * y4=x8' * y7=x8' * y8=x8' * y3!=x8' * y5!=x8' * y6!=x8'), #3245345693282846755: ({}, nil=x7' * y1=x7' * y2=x7' * y7=x7' * y3!=x7' * y4!=x7' * y5!=x7' * y6!=x7' * y8!=x7'), #3511152611515409574: ({}, nil=x6' * y1=x6' * y4=x6' * y6=x6' * y2!=x6' * y3!=x6' * y5!=x6' * y7!=x6' * y8!=x6'), #3599743664359278142: ({}, nil=x8' * y6=x8' * y8=x8' * y2!=x8' * y3!=x8' * y4!=x8' * y5!=x8' * y7!=x8'), #180258331530540827: ({}, nil=x8' * y1=x8' * y2=x8' * y3=x8' * y8=x8' * y4!=x8' * y5!=x8' * y6!=x8' * y7!=x8'), #3078303913861453421: ({}, nil=y6 * y1=y6 * y2=y6 * y3=y6 * y4=y6 * y5=y6 * y6!=y7 * y6!=y8), #3533371230706886639: ({}, nil=x8' * y4=x8' * y8=x8' * y2!=x8' * y3!=x8' * y5!=x8' * y6!=x8' * y7!=x8'), #4365463251851833846: ({}, nil=x3' * y1=x3' * y3=x3' * y2!=x3' * y4!=x3' * y5!=x3' * y6!=x3' * y7!=x3' * y8!=x3'), #-1375385849440405737: ({}, nil=x8' * y1=x8' * y2=x8' * y3=x8' * y4=x8' * y7=x8' * y8=x8' * y5!=x8' * y6!=x8'), #-1375385617558195603: ({}, nil=x8' * y1=x8' * y2=x8' * y3=x8' * y4=x8' * y6=x8' * y8=x8' * y5!=x8' * y7!=x8'), #2967986822645042598: ({}, nil=x8' * y1=x8' * y3=x8' * y4=x8' * y5=x8' * y6=x8' * y7=x8' * y8=x8' * y2!=x8'), #3478127227087789759: ({}, nil=x5' * y4=x5' * y5=x5' * y2!=x5' * y3!=x5' * y6!=x5' * y7!=x5' * y8!=x5'), #115888943704002251: ({}, nil=x8' * y4=x8' * y5=x8' * y8=x8' * y2!=x8' * y3!=x8' * y6!=x8' * y7!=x8'), #3016822481616731538: ({}, nil=x8' * y1=x8' * y3=x8' * y5=x8' * y7=x8' * y8=x8' * y2!=x8' * y4!=x8' * y6!=x8'), #3236081789644595027: ({}, nil=x6' * y1=x6' * y2=x6' * y3=x6' * y4=x6' * y6=x6' * y5!=x6' * y7!=x6' * y8!=x6'), #3018144041192948774: ({}, nil=x8' * y1=x8' * y4=x8' * y5=x8' * y6=x8' * y8=x8' * y2!=x8' * y3!=x8' * y7!=x8'), #100082247005795879: ({}, nil=y5 * y1=y5 * y2=y5 * y3=y5 * y4=y5 * y5!=y6 * y5!=y7 * y5!=y8), #110793990776396335: ({}, nil=x8' * y3=x8' * y6=x8' * y8=x8' * y2!=x8' * y4!=x8' * y5!=x8' * y7!=x8'), #101515493132386416: ({}, nil=x8' * y2=x8' * y3=x8' * y4=x8' * y8=x8' * y5!=x8' * y6!=x8' * y7!=x8'), #203640657441805460: ({}, nil=x7' * y1=x7' * y4=x7' * y5=x7' * y7=x7' * y2!=x7' * y3!=x7' * y6!=x7' * y8!=x7'), #100325801695742553: ({}, nil=x8' * y3=x8' * y5=x8' * y7=x8' * y8=x8' * y2!=x8' * y4!=x8' * y6!=x8'), #3510479897192139408: ({}, nil=x6' * y4=x6' * y6=x6' * y2!=x6' * y3!=x6' * y5!=x6' * y7!=x6' * y8!=x6'), #-460188945862766322: ({}, nil=y1 * y1!=y2 * y1!=y3 * y1!=y4 * y1!=y5 * y1!=y6 * y1!=y7 * y1!=y8), #3001430559596706447: ({}, nil=x7' * y2=x7' * y3=x7' * y4=x7' * y5=x7' * y7=x7' * y6!=x7' * y8!=x7'), #199042069741132403: ({}, nil=x8' * y1=x8' * y5=x8' * y7=x8' * y8=x8' * y2!=x8' * y3!=x8' * y4!=x8' * y6!=x8'), #3565891170235862401: ({}, nil=x8' * y1=x8' * y3=x8' * y8=x8' * y2!=x8' * y4!=x8' * y5!=x8' * y6!=x8' * y7!=x8'), #3489763293057501233: ({}, nil=x7' * y1=x7' * y4=x7' * y7=x7' * y2!=x7' * y3!=x7' * y5!=x7' * y6!=x7' * y8!=x7'), #-4425042420152165377: ({}, nil=x8' * y1=x8' * y2=x8' * y4=x8' * y5=x8' * y6=x8' * y7=x8' * y8=x8' * y3!=x8'), #3353758327807437314: ({}, nil=x8' * y3=x8' * y8=x8' * y2!=x8' * y4!=x8' * y5!=x8' * y6!=x8' * y7!=x8'), #3016822471231950364: ({}, nil=x8' * y1=x8' * y3=x8' * y5=x8' * y6=x8' * y8=x8' * y2!=x8' * y4!=x8' * y7!=x8'), #-353950962106305770: ({}, nil=x8' * y8=x8' * y2!=x8' * y3!=x8' * y4!=x8' * y5!=x8' * y6!=x8' * y7!=x8'), #3602589613242278083: ({}, nil=x8' * y1=x8' * y7=x8' * y8=x8' * y2!=x8' * y3!=x8' * y4!=x8' * y5!=x8' * y6!=x8'), #123325374852015491: ({}, nil=x6' * y3=x6' * y4=x6' * y6=x6' * y2!=x6' * y5!=x6' * y7!=x6' * y8!=x6'), #100086877329305680: ({}, nil=x8' * y2=x8' * y3=x8' * y5=x8' * y8=x8' * y4!=x8' * y6!=x8' * y7!=x8'), #3017924795806843373: ({}, nil=x8' * y1=x8' * y2=x8' * y4=x8' * y5=x8' * y8=x8' * y3!=x8' * y6!=x8' * y7!=x8'), #3481459744823334524: ({}, nil=x7' * y4=x7' * y7=x7' * y2!=x7' * y3!=x7' * y5!=x7' * y6!=x7' * y8!=x7'), #-421002038390716507: ({}, nil=x8' * y2=x8' * y3=x8' * y4=x8' * y6=x8' * y7=x8' * y8=x8' * y5!=x8'), #94533832629450645: ({}, nil=x7' * y2=x7' * y4=x7' * y6=x7' * y7=x7' * y3!=x7' * y5!=x7' * y8!=x7'), #101424515373162119: ({}, nil=x7' * y3=x7' * y4=x7' * y5=x7' * y7=x7' * y2!=x7' * y6!=x7' * y8!=x7'), #4160016716937167376: ({}, nil=x4' * y3=x4' * y4=x4' * y2!=x4' * y5!=x4' * y6!=x4' * y7!=x4' * y8!=x4'), #-421027131237036806: ({}, nil=x8' * y2=x8' * y3=x8' * y4=x8' * y5=x8' * y6=x8' * y8=x8' * y7!=x8'), #198262058209186291: ({}, nil=x8' * y1=x8' * y3=x8' * y4=x8' * y8=x8' * y2!=x8' * y5!=x8' * y6!=x8' * y7!=x8'), #3300828649687927687: ({}, nil=x5' * y1=x5' * y2=x5' * y5=x5' * y3!=x5' * y4!=x5' * y6!=x5' * y7!=x5' * y8!=x5'), #107651616337603984: ({}, nil=x8' * y2=x8' * y6=x8' * y8=x8' * y3!=x8' * y4!=x8' * y5!=x8' * y7!=x8'), #94682755019510162: ({}, nil=x5' * y2=x5' * y3=x5' * y4=x5' * y5=x5' * y6!=x5' * y7!=x5' * y8!=x5'), #194458311166881181: ({}, nil=x8' * y1=x8' * y3=x8' * y5=x8' * y8=x8' * y2!=x8' * y4!=x8' * y6!=x8' * y7!=x8'), #100157012926383592: ({}, nil=x7' * y4=x7' * y5=x7' * y6=x7' * y7=x7' * y2!=x7' * y3!=x7' * y8!=x7'), #3112631104791139552: ({}, nil=y7 * y1=y7 * y2=y7 * y3=y7 * y4=y7 * y5=y7 * y6=y7 * y7!=y8), #3017766179635779961: ({}, nil=x8' * y1=x8' * y2=x8' * y3=x8' * y7=x8' * y8=x8' * y4!=x8' * y5!=x8' * y6!=x8'), #152874203970018449: ({}, nil=x4' * y2=x4' * y3=x4' * y4=x4' * y5!=x4' * y6!=x4' * y7!=x4' * y8!=x4'), #199160609322035921: ({}, nil=x8' * y1=x8' * y4=x8' * y7=x8' * y8=x8' * y2!=x8' * y3!=x8' * y5!=x8' * y6!=x8'), #1537631099696143570: ({}, nil=y2 * y1=y2 * y2!=y3 * y2!=y4 * y2!=y5 * y2!=y6 * y2!=y7 * y2!=y8), #101424054582031770: ({}, nil=x7' * y3=x7' * y4=x7' * y6=x7' * y7=x7' * y2!=x7' * y5!=x7' * y8!=x7'), #102087524821359360: ({}, nil=x6' * y2=x6' * y4=x6' * y5=x6' * y6=x6' * y3!=x6' * y7!=x6' * y8!=x6'), #94350613019373465: ({}, nil=x8' * y4=x8' * y5=x8' * y6=x8' * y8=x8' * y2!=x8' * y3!=x8' * y7!=x8'), #115869890613028453: ({}, nil=x8' * y5=x8' * y6=x8' * y8=x8' * y2!=x8' * y3!=x8' * y4!=x8' * y7!=x8'), #-1753806901225027506: ({}, nil=x7' * y1=x7' * y2=x7' * y3=x7' * y4=x7' * y5=x7' * y7=x7' * y6!=x7' * y8!=x7'), #203433909773799550: ({}, nil=x6' * y1=x6' * y2=x6' * y4=x6' * y6=x6' * y3!=x6' * y5!=x6' * y7!=x6' * y8!=x6'), #3039023944342077423: ({}, nil=x8' * y2=x8' * y3=x8' * y6=x8' * y7=x8' * y8=x8' * y4!=x8' * y5!=x8'), #-1801981433028889178: ({}, nil=x8' * y3=x8' * y4=x8' * y5=x8' * y6=x8' * y7=x8' * y8=x8' * y2!=x8'), #3536224352194043836: ({}, nil=x8' * y1=x8' * y4=x8' * y8=x8' * y2!=x8' * y3!=x8' * y5!=x8' * y6!=x8' * y7!=x8'), #100332690958541096: ({}, nil=x8' * y3=x8' * y4=x8' * y6=x8' * y8=x8' * y2!=x8' * y5!=x8' * y7!=x8'), #194451172328794692: ({}, nil=x8' * y1=x8' * y3=x8' * y7=x8' * y8=x8' * y2!=x8' * y4!=x8' * y5!=x8' * y6!=x8'), #3292602006829660694: ({}, nil=x6' * y2=x6' * y6=x6' * y3!=x6' * y4!=x6' * y5!=x6' * y7!=x6' * y8!=x6'), #3880317449911389082: ({}, nil=x6' * y3=x6' * y6=x6' * y2!=x6' * y4!=x6' * y5!=x6' * y7!=x6' * y8!=x6'), #3016744324748394400: ({}, nil=x8' * y1=x8' * y3=x8' * y4=x8' * y6=x8' * y8=x8' * y2!=x8' * y5!=x8' * y7!=x8'), #3473804608432129716: ({}, nil=x7' * y1=x7' * y3=x7' * y7=x7' * y2!=x7' * y4!=x7' * y5!=x7' * y6!=x7' * y8!=x7'), #107712117971803294: ({}, nil=x5' * y2=x5' * y4=x5' * y5=x5' * y3!=x5' * y6!=x5' * y7!=x5' * y8!=x5'), #103565304816040717: ({}, nil=x6' * y2=x6' * y3=x6' * y4=x6' * y6=x6' * y5!=x6' * y7!=x6' * y8!=x6'), #100325588977859077: ({}, nil=x8' * y3=x8' * y5=x8' * y6=x8' * y8=x8' * y2!=x8' * y4!=x8' * y7!=x8'), #3018102877154769230: ({}, nil=x8' * y1=x8' * y2=x8' * y5=x8' * y7=x8' * y8=x8' * y3!=x8' * y4!=x8' * y6!=x8'), #3001118603096113170: ({}, nil=x7' * y2=x7' * y4=x7' * y5=x7' * y6=x7' * y7=x7' * y3!=x7' * y8!=x7'), #3018840343473299468: ({}, nil=x8' * y1=x8' * y5=x8' * y6=x8' * y7=x8' * y8=x8' * y2!=x8' * y3!=x8' * y4!=x8'), #3017766160431784072: ({}, nil=x8' * y1=x8' * y2=x8' * y3=x8' * y6=x8' * y8=x8' * y4!=x8' * y5!=x8' * y7!=x8'), #2792515882119936249: ({}, nil=x7' * y1=x7' * y7=x7' * y2!=x7' * y3!=x7' * y4!=x7' * y5!=x7' * y6!=x7' * y8!=x7'), #-1384383232892566795: ({}, nil=x7' * y1=x7' * y3=x7' * y4=x7' * y5=x7' * y6=x7' * y7=x7' * y2!=x7' * y8!=x7'), #3039211942701166945: ({}, nil=x8' * y2=x8' * y4=x8' * y6=x8' * y7=x8' * y8=x8' * y3!=x8' * y5!=x8'), #96953200853094756: ({}, nil=x7' * y2=x7' * y3=x7' * y7=x7' * y4!=x7' * y5!=x7' * y6!=x7' * y8!=x7'), #3017768065056642778: ({}, nil=x8' * y1=x8' * y2=x8' * y3=x8' * y5=x8' * y8=x8' * y4!=x8' * y6!=x8' * y7!=x8'), #115662559586290164: ({}, nil=x7' * y3=x7' * y4=x7' * y7=x7' * y2!=x7' * y5!=x7' * y6!=x7' * y8!=x7'), #100241058618116144: ({}, nil=x8' * y5=x8' * y6=x8' * y7=x8' * y8=x8' * y2!=x8' * y3!=x8' * y4!=x8'), #100031837012257681: ({}, nil=x7' * y2=x7' * y4=x7' * y7=x7' * y3!=x7' * y5!=x7' * y6!=x7' * y8!=x7'), #197040795449840120: ({}, nil=x7' * y1=x7' * y2=x7' * y4=x7' * y7=x7' * y3!=x7' * y5!=x7' * y6!=x7' * y8!=x7'), #101989413695537528: ({}, nil=x6' * y2=x6' * y3=x6' * y5=x6' * y6=x6' * y4!=x6' * y7!=x6' * y8!=x6'), #108232308964826201: ({}, nil=x7' * y5=x7' * y6=x7' * y7=x7' * y2!=x7' * y3!=x7' * y4!=x7' * y8!=x7'), #3305715583745684001: ({}, nil=x8' * y2=x8' * y8=x8' * y3!=x8' * y4!=x8' * y5!=x8' * y6!=x8' * y7!=x8'), #3018102465411519600: ({}, nil=x8' * y1=x8' * y2=x8' * y5=x8' * y6=x8' * y8=x8' * y3!=x8' * y4!=x8' * y7!=x8'), #3032055508120135067: ({}, nil=x8' * y3=x8' * y4=x8' * y5=x8' * y6=x8' * y8=x8' * y2!=x8' * y7!=x8'), #-1398821971887736443: ({}, nil=x8' * y1=x8' * y2=x8' * y5=x8' * y6=x8' * y7=x8' * y8=x8' * y3!=x8' * y4!=x8'), #115155850513418055: ({}, nil=x8' * y3=x8' * y4=x8' * y8=x8' * y2!=x8' * y5!=x8' * y6!=x8' * y7!=x8'), #3001437742949692551: ({}, nil=x7' * y2=x7' * y3=x7' * y4=x7' * y6=x7' * y7=x7' * y5!=x7' * y8!=x7'), #3073191560614304589: ({}, nil=x4' * y2=x4' * y4=x4' * y3!=x4' * y5!=x4' * y6!=x4' * y7!=x4' * y8!=x4'), #3039212340901254614: ({}, nil=x8' * y2=x8' * y4=x8' * y5=x8' * y6=x8' * y8=x8' * y3!=x8' * y7!=x8'), #3036682414073705923: ({}, nil=x7' * y1=x7' * y2=x7' * y3=x7' * y6=x7' * y7=x7' * y4!=x7' * y5!=x7' * y8!=x7'), #3018143943480666764: ({}, nil=x8' * y1=x8' * y4=x8' * y5=x8' * y7=x8' * y8=x8' * y2!=x8' * y3!=x8' * y6!=x8'), #-1375479782326695045: ({}, nil=x8' * y1=x8' * y2=x8' * y3=x8' * y6=x8' * y7=x8' * y8=x8' * y4!=x8' * y5!=x8'), #-1753800332735090950: ({}, nil=x7' * y1=x7' * y2=x7' * y3=x7' * y4=x7' * y6=x7' * y7=x7' * y5!=x7' * y8!=x7'), #3036608906395271696: ({}, nil=x7' * y1=x7' * y2=x7' * y4=x7' * y6=x7' * y7=x7' * y3!=x7' * y5!=x7' * y8!=x7'), #115891219463421736: ({}, nil=x8' * y4=x8' * y6=x8' * y8=x8' * y2!=x8' * y3!=x8' * y5!=x8' * y7!=x8'), #3469324238878336982: ({}, nil=x5' * y1=x5' * y3=x5' * y5=x5' * y2!=x5' * y4!=x5' * y6!=x5' * y7!=x5' * y8!=x5'), #100133008116373972: ({}, nil=x8' * y3=x8' * y4=x8' * y5=x8' * y8=x8' * y2!=x8' * y6!=x8' * y7!=x8'), #3032089400927424630: ({}, nil=x8' * y3=x8' * y4=x8' * y6=x8' * y7=x8' * y8=x8' * y2!=x8' * y5!=x8'), #96975642334728765: ({}, nil=x8' * y2=x8' * y3=x8' * y8=x8' * y4!=x8' * y5!=x8' * y6!=x8' * y7!=x8'), #3475796927606239023: ({}, nil=x7' * y3=x7' * y7=x7' * y2!=x7' * y4!=x7' * y5!=x7' * y6!=x7' * y8!=x7'), #214163917962672740: ({}, nil=x6' * y1=x6' * y4=x6' * y5=x6' * y6=x6' * y2!=x6' * y3!=x6' * y7!=x6' * y8!=x6'), #3039509846235046945: ({}, nil=x8' * y2=x8' * y3=x8' * y5=x8' * y7=x8' * y8=x8' * y4!=x8' * y6!=x8'), #3032055495296388941: ({}, nil=x8' * y3=x8' * y4=x8' * y5=x8' * y7=x8' * y8=x8' * y2!=x8' * y6!=x8'), #104380644717493605: ({}, nil=x6' * y2=x6' * y4=x6' * y6=x6' * y3!=x6' * y5!=x6' * y7!=x6' * y8!=x6'), #95343965780024366: ({}, nil=x7' * y2=x7' * y3=x7' * y4=x7' * y7=x7' * y5!=x7' * y6!=x7' * y8!=x7'), #3602589611864642583: ({}, nil=x8' * y1=x8' * y6=x8' * y8=x8' * y2!=x8' * y3!=x8' * y4!=x8' * y5!=x8' * y7!=x8'), #-1375394527360081187: ({}, nil=x8' * y1=x8' * y2=x8' * y3=x8' * y4=x8' * y5=x8' * y8=x8' * y6!=x8' * y7!=x8'), #3488083498390865555: ({}, nil=x7' * y1=x7' * y5=x7' * y7=x7' * y2!=x7' * y3!=x7' * y4!=x7' * y6!=x7' * y8!=x7'), #-1348283180492823906: ({}, nil=x8' * y1=x8' * y3=x8' * y4=x8' * y5=x8' * y7=x8' * y8=x8' * y2!=x8' * y6!=x8'), #3234504643629961591: ({}, nil=x6' * y1=x6' * y2=x6' * y3=x6' * y5=x6' * y6=x6' * y4!=x6' * y7!=x6' * y8!=x6'), #194654397457116648: ({}, nil=x6' * y1=x6' * y2=x6' * y3=x6' * y6=x6' * y4!=x6' * y5!=x6' * y7!=x6' * y8!=x6'), #3016825992297567044: ({}, nil=x8' * y1=x8' * y3=x8' * y4=x8' * y5=x8' * y8=x8' * y2!=x8' * y6!=x8' * y7!=x8'), #100344710806570228: ({}, nil=x8' * y2=x8' * y4=x8' * y6=x8' * y8=x8' * y3!=x8' * y5!=x8' * y7!=x8'), #200466095937337192: ({}, nil=x7' * y1=x7' * y3=x7' * y6=x7' * y7=x7' * y2!=x7' * y4!=x7' * y5!=x7' * y8!=x7'), #100086584928474830: ({}, nil=x8' * y2=x8' * y5=x8' * y6=x8' * y8=x8' * y3!=x8' * y4!=x8' * y7!=x8'), #110789206766842214: ({}, nil=x8' * y3=x8' * y5=x8' * y8=x8' * y2!=x8' * y4!=x8' * y6!=x8' * y7!=x8'), #3016587551752726509: ({}, nil=x8' * y1=x8' * y3=x8' * y6=x8' * y7=x8' * y8=x8' * y2!=x8' * y4!=x8' * y5!=x8'), #3017927965128750566: ({}, nil=x8' * y1=x8' * y2=x8' * y4=x8' * y6=x8' * y8=x8' * y3!=x8' * y5!=x8' * y7!=x8'), #3444752663838928468: ({}, nil=x6' * y6=x6' * y2!=x6' * y3!=x6' * y4!=x6' * y5!=x6' * y7!=x6' * y8!=x6'), #193339730966025692: ({}, nil=x5' * y1=x5' * y2=x5' * y3=x5' * y5=x5' * y4!=x5' * y6!=x5' * y7!=x5' * y8!=x5'), #100332712054099493: ({}, nil=x8' * y3=x8' * y4=x8' * y7=x8' * y8=x8' * y2!=x8' * y5!=x8' * y6!=x8'), #3020042992239842099: ({}, nil=x8' * y4=x8' * y5=x8' * y6=x8' * y7=x8' * y8=x8' * y2!=x8' * y3!=x8'), #-1398515819774510345: ({}, nil=x8' * y1=x8' * y2=x8' * y4=x8' * y5=x8' * y7=x8' * y8=x8' * y3!=x8' * y6!=x8'), #2755702791789441729: ({}, nil=x5' * y1=x5' * y5=x5' * y2!=x5' * y3!=x5' * y4!=x5' * y6!=x5' * y7!=x5' * y8!=x5'), #107315722407325968: ({}, nil=x7' * y2=x7' * y5=x7' * y7=x7' * y3!=x7' * y4!=x7' * y6!=x7' * y8!=x7'), #106073363461350118: ({}, nil=x8' * y2=x8' * y5=x8' * y8=x8' * y3!=x8' * y4!=x8' * y6!=x8' * y7!=x8'), #-1398509640642162495: ({}, nil=x8' * y1=x8' * y2=x8' * y4=x8' * y5=x8' * y6=x8' * y8=x8' * y3!=x8' * y7!=x8'), #3877337314372721168: ({}, nil=x6' * y1=x6' * y3=x6' * y6=x6' * y2!=x6' * y4!=x6' * y5!=x6' * y7!=x6' * y8!=x6'), #4155993149638502573: ({}, nil=x4' * y1=x4' * y3=x4' * y4=x4' * y2!=x4' * y5!=x4' * y6!=x4' * y7!=x4' * y8!=x4'), #3482213162848431512: ({}, nil=x7' * y6=x7' * y7=x7' * y2!=x7' * y3!=x7' * y4!=x7' * y5!=x7' * y8!=x7'), #100089499298390895: ({}, nil=x8' * y2=x8' * y3=x8' * y7=x8' * y8=x8' * y4!=x8' * y5!=x8' * y6!=x8'), #1847183383858517081: ({}, nil=x8' * y2=x8' * y3=x8' * y4=x8' * y5=x8' * y6=x8' * y7=x8' * y8=x8'), #210443377327574948: ({}, nil=x5' * y1=x5' * y3=x5' * y4=x5' * y5=x5' * y2!=x5' * y6!=x5' * y7!=x5' * y8!=x5'), #2755792959524161919: ({}, nil=x5' * y5=x5' * y2!=x5' * y3!=x5' * y4!=x5' * y6!=x5' * y7!=x5' * y8!=x5'), #203670315648844592: ({}, nil=x7' * y1=x7' * y5=x7' * y6=x7' * y7=x7' * y2!=x7' * y3!=x7' * y4!=x7' * y8!=x7'), #212206576474459798: ({}, nil=x6' * y1=x6' * y3=x6' * y5=x6' * y6=x6' * y2!=x6' * y4!=x6' * y7!=x6' * y8!=x6'), #3441188592565392587: ({}, nil=x6' * y1=x6' * y6=x6' * y2!=x6' * y3!=x6' * y4!=x6' * y5!=x6' * y7!=x6' * y8!=x6'), #3016744341314056597: ({}, nil=x8' * y1=x8' * y3=x8' * y4=x8' * y7=x8' * y8=x8' * y2!=x8' * y5!=x8' * y6!=x8'), #110269186029955242: ({}, nil=x7' * y3=x7' * y5=x7' * y7=x7' * y2!=x7' * y4!=x7' * y6!=x7' * y8!=x7'), #3039039174919062133: ({}, nil=x8' * y2=x8' * y3=x8' * y4=x8' * y6=x8' * y8=x8' * y5!=x8' * y7!=x8'), #189355540528767353: ({}, nil=x8' * y1=x8' * y2=x8' * y5=x8' * y8=x8' * y3!=x8' * y4!=x8' * y6!=x8' * y7!=x8'), #3482047582376769302: ({}, nil=x5' * y1=x5' * y4=x5' * y5=x5' * y2!=x5' * y3!=x5' * y6!=x5' * y7!=x5' * y8!=x5'), #-421027220230526774: ({}, nil=x8' * y2=x8' * y3=x8' * y4=x8' * y5=x8' * y7=x8' * y8=x8' * y6!=x8'), #3296860736336731212: ({}, nil=x5' * y2=x5' * y5=x5' * y3!=x5' * y4!=x5' * y6!=x5' * y7!=x5' * y8!=x5'), #115688308380283312: ({}, nil=x8' * y6=x8' * y7=x8' * y8=x8' * y2!=x8' * y3!=x8' * y4!=x8' * y5!=x8'), #3042903883736891790: ({}, nil=x3' * y2=x3' * y3=x3' * y4!=x3' * y5!=x3' * y6!=x3' * y7!=x3' * y8!=x3'), #4365263140114368333: ({}, nil=x3' * y3=x3' * y2!=x3' * y4!=x3' * y5!=x3' * y6!=x3' * y7!=x3' * y8!=x3'), #191354491171585925: ({}, nil=x8' * y1=x8' * y2=x8' * y7=x8' * y8=x8' * y3!=x8' * y4!=x8' * y5!=x8' * y6!=x8'), #200465927838704735: ({}, nil=x7' * y1=x7' * y3=x7' * y5=x7' * y7=x7' * y2!=x7' * y4!=x7' * y6!=x7' * y8!=x7'), #3260418890508499818: ({}, nil=x7' * y2=x7' * y7=x7' * y3!=x7' * y4!=x7' * y5!=x7' * y6!=x7' * y8!=x7'), #-1348282771089192532: ({}, nil=x8' * y1=x8' * y3=x8' * y4=x8' * y6=x8' * y7=x8' * y8=x8' * y2!=x8' * y5!=x8'), #3267491572350421249: ({}, nil=x4' * y1=x4' * y2=x4' * y4=x4' * y3!=x4' * y5!=x4' * y6!=x4' * y7!=x4' * y8!=x4'), #3313622095802498742: ({}, nil=y3 * y1=y3 * y2=y3 * y3!=y4 * y3!=y5 * y3!=y6 * y3!=y7 * y3!=y8), #-883227287938620794: ({}, nil!=y1 * nil!=y2 * nil!=y3 * nil!=y4 * nil!=y5 * nil!=y6 * nil!=y7 * nil!=y8), #3482031228164920730: ({}, nil=x7' * y5=x7' * y7=x7' * y2!=x7' * y3!=x7' * y4!=x7' * y6!=x7' * y8!=x7'), #114986303549053683: ({}, nil=x6' * y4=x6' * y5=x6' * y6=x6' * y2!=x6' * y3!=x6' * y7!=x6' * y8!=x6'), #-1399624958862923084: ({}, nil=x8' * y1=x8' * y4=x8' * y5=x8' * y6=x8' * y7=x8' * y8=x8' * y2!=x8' * y3!=x8'), #3068609029576623016: ({}, nil=x7' * y3=x7' * y4=x7' * y5=x7' * y6=x7' * y7=x7' * y2!=x7' * y8!=x7'), #-402384184752115567: ({}, nil=x8' * y2=x8' * y3=x8' * y5=x8' * y6=x8' * y7=x8' * y8=x8' * y4!=x8'), #3026673633571152362: ({}, nil=x8' * y2=x8' * y5=x8' * y6=x8' * y7=x8' * y8=x8' * y3!=x8' * y4!=x8'), #108250484758725308: ({}, nil=x7' * y4=x7' * y5=x7' * y7=x7' * y2!=x7' * y3!=x7' * y6!=x7' * y8!=x7'), #100341389980530311: ({}, nil=x8' * y2=x8' * y4=x8' * y5=x8' * y8=x8' * y3!=x8' * y6!=x8' * y7!=x8'), #3308911195131224491: ({}, nil=x8' * y1=x8' * y2=x8' * y8=x8' * y3!=x8' * y4!=x8' * y5!=x8' * y6!=x8' * y7!=x8'), #3599539713639348286: ({}, nil=x8' * y5=x8' * y8=x8' * y2!=x8' * y3!=x8' * y4!=x8' * y6!=x8' * y7!=x8'), #3234810317996073029: ({}, nil=x6' * y1=x6' * y2=x6' * y4=x6' * y5=x6' * y6=x6' * y3!=x6' * y7!=x6' * y8!=x6'), #199160610627852024: ({}, nil=x8' * y1=x8' * y4=x8' * y6=x8' * y8=x8' * y2!=x8' * y3!=x8' * y5!=x8' * y7!=x8'), #115817797834168221: ({}, nil=x5' * y3=x5' * y4=x5' * y5=x5' * y2!=x5' * y6!=x5' * y7!=x5' * y8!=x5'), #-3116974621882852633: ({}, nil=x8' * y1=x8' * y2=x8' * y3=x8' * y4=x8' * y5=x8' * y6=x8' * y8=x8' * y7!=x8'), #199146430991946790: ({}, nil=x8' * y1=x8' * y6=x8' * y7=x8' * y8=x8' * y2!=x8' * y3!=x8' * y4!=x8' * y5!=x8'), #3017934294672402339: ({}, nil=x7' * y1=x7' * y3=x7' * y4=x7' * y6=x7' * y7=x7' * y2!=x7' * y5!=x7' * y8!=x7'), #115891115346699631: ({}, nil=x8' * y4=x8' * y7=x8' * y8=x8' * y2!=x8' * y3!=x8' * y5!=x8' * y6!=x8'), #3036723121304080077: ({}, nil=x7' * y1=x7' * y2=x7' * y5=x7' * y6=x7' * y7=x7' * y3!=x7' * y4!=x7' * y8!=x7'), #3036631571602129226: ({}, nil=x7' * y1=x7' * y2=x7' * y3=x7' * y5=x7' * y7=x7' * y4!=x7' * y6!=x7' * y8!=x7'), #107651619314681727: ({}, nil=x8' * y2=x8' * y7=x8' * y8=x8' * y3!=x8' * y4!=x8' * y5!=x8' * y6!=x8'), #-1375479405683640018: ({}, nil=x8' * y1=x8' * y2=x8' * y3=x8' * y5=x8' * y6=x8' * y8=x8' * y4!=x8' * y7!=x8'), #107328907580626811: ({}, nil=x7' * y2=x7' * y6=x7' * y7=x7' * y3!=x7' * y4!=x7' * y5!=x7' * y8!=x7'), #-1398510893039589220: ({}, nil=x8' * y1=x8' * y2=x8' * y4=x8' * y6=x8' * y7=x8' * y8=x8' * y3!=x8' * y5!=x8'), #100086535825807246: ({}, nil=x8' * y2=x8' * y5=x8' * y7=x8' * y8=x8' * y3!=x8' * y4!=x8' * y6!=x8'), #3296409646423359258: ({}, nil=x6' * y1=x6' * y2=x6' * y6=x6' * y3!=x6' * y4!=x6' * y5!=x6' * y7!=x6' * y8!=x6'), #191354492602463739: ({}, nil=x8' * y1=x8' * y2=x8' * y6=x8' * y8=x8' * y3!=x8' * y4!=x8' * y5!=x8' * y7!=x8'), #94523349255983250: ({}, nil=x8' * y4=x8' * y6=x8' * y7=x8' * y8=x8' * y2!=x8' * y3!=x8' * y5!=x8'), #108245466242453803: ({}, nil=x7' * y4=x7' * y6=x7' * y7=x7' * y2!=x7' * y3!=x7' * y5!=x7' * y8!=x7'), #100345904884517939: ({}, nil=x8' * y2=x8' * y4=x8' * y7=x8' * y8=x8' * y3!=x8' * y5!=x8' * y6!=x8'), #-354284957041065072: ({}, nil=x8' * y1=x8' * y8=x8' * y2!=x8' * y3!=x8' * y4!=x8' * y5!=x8' * y6!=x8' * y7!=x8'), #100086495495361726: ({}, nil=x8' * y2=x8' * y3=x8' * y6=x8' * y8=x8' * y4!=x8' * y5!=x8' * y7!=x8'), #100325883019161647: ({}, nil=x8' * y3=x8' * y6=x8' * y7=x8' * y8=x8' * y2!=x8' * y4!=x8' * y5!=x8'), #3039017912844535573: ({}, nil=x8' * y2=x8' * y3=x8' * y4=x8' * y5=x8' * y8=x8' * y6!=x8' * y7!=x8'), #200624726851588355: ({}, nil=x7' * y1=x7' * y2=x7' * y5=x7' * y7=x7' * y3!=x7' * y4!=x7' * y6!=x7' * y8!=x7'), #198767085153709049: ({}, nil=x7' * y1=x7' * y3=x7' * y4=x7' * y7=x7' * y2!=x7' * y5!=x7' * y6!=x7' * y8!=x7'), #95602021397195095: ({}, nil=x6' * y2=x6' * y3=x6' * y6=x6' * y4!=x6' * y5!=x6' * y7!=x6' * y8!=x6'), #110790903124629506: ({}, nil=x8' * y3=x8' * y7=x8' * y8=x8' * y2!=x8' * y4!=x8' * y5!=x8' * y6!=x8'), #200637840673165918: ({}, nil=x7' * y1=x7' * y2=x7' * y6=x7' * y7=x7' * y3!=x7' * y4!=x7' * y5!=x7' * y8!=x7'), #3017934801193218320: ({}, nil=x7' * y1=x7' * y3=x7' * y4=x7' * y5=x7' * y7=x7' * y2!=x7' * y6!=x7' * y8!=x7')
zero(y1) * zero(y2) * zero(y3) * zero(y4) * zero(y5) * zero(y6) * zero(y7) * zero(y8) => Q(y1,y2,y3,y4,y5,y6,y7,y8) has base #-4142744596817918039: ({}, nil=y8 * y1=y8 * y2=y8 * y3=y8 * y4=y8 * y5=y8 * y6=y8 * y7=y8)
nil!=x => one(x) has base #88126586233761: ({}, nil!=x)
nil=x => zero(x) has base #89862935931918: ({}, nil=x)
x2=y2 * one(y1) * zero(x1) => succ2rec(x1,x2,y1,y2) has base #95376218137122: ({}, nil=x1 * x2=y2 * x1!=y1)
x2=y2 * x3=y3 * one(y1) * zero(x1) => succ3rec(x1,x2,x3,y1,y2,y3) has base #179484244811094: ({}, nil=x1 * x2=y2 * x3=y3 * x1!=y1)
x2=y2 * x3=y3 * x4=y4 * one(y1) * zero(x1) => succ4rec(x1,x2,x3,x4,y1,y2,y3,y4) has base #3011035819388766: ({}, nil=x1 * x2=y2 * x3=y3 * x4=y4 * x1!=y1)
x2=y2 * x3=y3 * x4=y4 * x5=y5 * one(y1) * zero(x1) => succ5rec(x1,x2,x3,x4,x5,y1,y2,y3,y4,y5) has base #91321959016608694: ({}, nil=x1 * x2=y2 * x3=y3 * x4=y4 * x5=y5 * x1!=y1)
x2=y2 * x3=y3 * x4=y4 * x5=y5 * x6=y6 * one(y1) * zero(x1) => succ6rec(x1,x2,x3,x4,x5,x6,y1,y2,y3,y4,y5,y6) has base #2995326598647189018: ({}, nil=x1 * x2=y2 * x3=y3 * x4=y4 * x5=y5 * x6=y6 * x1!=y1)
x2=y2 * x3=y3 * x4=y4 * x5=y5 * x6=y6 * x7=y7 * one(y1) * zero(x1) => succ7rec(x1,x2,x3,x4,x5,x6,x7,y1,y2,y3,y4,y5,y6,y7) has base #1520694955970153557: ({}, nil=x1 * x2=y2 * x3=y3 * x4=y4 * x5=y5 * x6=y6 * x7=y7 * x1!=y1)
x2=y2 * x3=y3 * x4=y4 * x5=y5 * x6=y6 * x7=y7 * x8=y8 * one(y1) * zero(x1) => succ8rec(x1,x2,x3,x4,x5,x6,x7,x8,y1,y2,y3,y4,y5,y6,y7,y8) has base #4437617073566065953: ({}, nil=x1 * x2=y2 * x3=y3 * x4=y4 * x5=y5 * x6=y6 * x7=y7 * x8=y8 * x1!=y1)
SAT: All predicates have a non-empty base.

=== slsat-succ-rec09
$ cyclist sl satcheck -D benchmarks/slsat/cc/succ-rec09.defs -p -t 60
exit: 0
one(x1) * one(x2) * one(x3) * one(x4) * one(x5) * one(x6) * one(x7) * one(x8) * one(x9) * Q(x1, x2, x3, x4, x5, x6, x7, x8, x9) => P(x1,x2,x3,x4,x5,x6,x7,x8,x9) has base #-2666994102345484848: ({}, nil!=x1 * nil!=x2 * nil!=x3 * nil!=x4 * nil!=x5 * nil!=x6 * nil!=x7 * nil!=x8 * nil!=x9)
one(x1) * zero(y1) * succ8rec(x2, x3, x4, x5, x6, x7, x8, x9, y2, y3, y4, y5, y6, y7, y8, y9) => succ9rec(x1,x2,x3,x4,x5,x6,x7,x8,x9,y1,y2,y3,y4,y5,y6,y7,y8,y9) has base #-3913374377120832740: ({}, nil=y4 * x5=y4 * x6=y6 * x7=y7 * x8=y8 * x9=y9 * y1=y4 * y2=y4 * y3=y4 * x1!=y4 * x2!=y4 * x3!=y4 * x4!=y4 * y4!=y5), #2626977908743760273: ({}, nil=y5 * x6=y5 * x7=y7 * x8=y8 * x9=y9 * y1=y5 * y2=y5 * y3=y5 * y4=y5 * x1!=y5 * x2!=y5 * x3!=y5 * x4!=y5 * x5!=y5 * y5!=y6), #2889417104533576701: ({}, nil=y1 * x2=y1 * x3=y3 * x4=y4 * x5=y5 * x6=y6 * x7=y7 * x8=y8 * x9=y9 * x1!=y1 * y1!=y2), #1482470611826768318: ({}, nil=y2 * x3=y2 * x4=y4 * x5=y5 * x6=y6 * x7=y7 * x8=y8 * x9=y9 * y1=y2 * x1!=y2 * x2!=y2 * y2!=y3), #-1315483860218697881: ({}, nil=y8 * x9=y8 * y1=y8 * y2=y8 * y3=y8 * y4=y8 * y5=y8 * y6=y8 * y7=y8 * x1!=y8 * x2!=y8 * x3!=y8 * x4!=y8 * x5!=y8 * x6!=y8 * x7!=y8 * x8!=y8 * y8!=y9), #-3233036281717643059: ({}, nil=y7 * x8=y7 * x9=y9 * y1=y7 * y2=y7 * y3=y7 * y4=y7 * y5=y7 * y6=y7 * x1!=y7 * x2!=y7 * x3!=y7 * x4!=y7 * x5!=y7 * x6!=y7 * x7!=y7 * y7!=y8), #-2160963035127930487: ({}, nil=y3 * x4=y3 * x5=y5 * x6=y6 * x7=y7 * x8=y8 * x9=y9 * y1=y3 * y2=y3 * x1!=y3 * x2!=y3 * x3!=y3 * y3!=y4), #-1974360837550188222: ({}, nil=y6 * x7=y6 * x8=y8 * x9=y9 * y1=y6 * y2=y6 * y3=y6 * y4=y6 * y5=y6 * x1!=y6 * x2!=y6 * x3!=y6 * x4!=y6 * x5!=y6 * x6!=y6 * y6!=y7)
one(x1) * zero(y1) * succ7rec(x2, x3, x4, x5, x6, x7, x8, y2, y3, y4, y5, y6, y7, y8) => succ8rec(x1,x2,x3,x4,x5,x6,x7,x8,y1,y2,y3,y4,y5,y6,y7,y8) has base #3154792939044100298: ({}, nil=y1 * x2=y1 * x3=y3 * x4=y4 * x5=y5 * x6=y6 * x7=y7 * x8=y8 * x1!=y1 * y1!=y2), #611745187258447087: ({}, nil=y3 * x4=y3 * x5=y5 * x6=y6 * x7=y7 * x8=y8 * y1=y3 * y2=y3 * x1!=y3 * x2!=y3 * x3!=y3 * y3!=y4), #-2470582211387690306: ({}, nil=y4 * x5=y4 * x6=y6 * x7=y7 * x8=y8 * y1=y4 * y2=y4 * y3=y4 * x1!=y4 * x2!=y4 * x3!=y4 * x4!=y4 * y4!=y5), #-449399233580765715: ({}, nil=y5 * x6=y5 * x7=y7 * x8=y8 * y1=y5 * y2=y5 * y3=y5 * y4=y5 * x1!=y5 * x2!=y5 * x3!=y5 * x4!=y5 * x5!=y5 * y5!=y6), #2688316992772574094: ({}, nil=y2 * x3=y2 * x4=y4 * x5=y5 * x6=y6 * x7=y7 * x8=y8 * y1=y2 * x1!=y2 * x2!=y2 * y2!=y3), #-1744657719345290134: ({}, nil=y6 * x7=y6 * x8=y8 * y1=y6 * y2=y6 * y3=y6 * y4=y6 * y5=y6 * x1!=y6 * x2!=y6 * x3!=y6 * x4!=y6 * x5!=y6 * x6!=y6 * y6!=y7), #-1722729252642497649: ({}, nil=y7 * x8=y7 * y1=y7 * y2=y7 * y3=y7 * y4=y7 * y5=y7 * y6=y7 * x1!=y7 * x2!=y7 * x3!=y7 * x4!=y7 * x5!=y7 * x6!=y7 * x7!=y7 * y7!=y8)
one(x1) * zero(y1) * succ6rec(x2, x3, x4, x5, x6, x7, y2, y3, y4, y5, y6, y7) => succ7rec(x1,x2,x3,x4,x5,x6,x7,y1,y2,y3,y4,y5,y6,y7) has base #-156534524079490266: ({}, nil=y2 * x3=y2 * x4=y4 * x5=y5 * x6=y6 * x7=y7 * y1=y2 * x1!=y2 * x2!=y2 * y2!=y3), #3975675968291557253: ({}, nil=y4 * x5=y4 * x6=y6 * x7=y7 * y1=y4 * y2=y4 * y3=y4 * x1!=y4 * x2!=y4 * x3!=y4 * x4!=y4 * y4!=y5), #-4558167984024599093: ({}, nil=y5 * x6=y5 * x7=y7 * y1=y5 * y2=y5 * y3=y5 * y4=y5 * x1!=y5 * x2!=y5 * x3!=y5 * x4!=y5 * x5!=y5 * y5!=y6), #2939497438816442347: ({}, nil=y6 * x7=y6 * y1=y6 * y2=y6 * y3=y6 * y4=y6 * y5=y6 * x1!=y6 * x2!=y6 * x3!=y6 * x4!=y6 * x5!=y6 * x6!=y6 * y6!=y7), #-2351876344930805516: ({}, nil=y3 * x4=y3 * x5=y5 * x6=y6 * x7=y7 * y1=y3 * y2=y3 * x1!=y3 * x2!=y3 * x3!=y3 * y3!=y4), #-719791799810780216: ({}, nil=y1 * x2=y1 * x3=y3 * x4=y4 * x5=y5 * x6=y6 * x7=y7 * x1!=y1 * y1!=y2)
one(x1) * zero(y1) * succ5rec(x2, x3, x4, x5, x6, y2, y3, y4, y5, y6) => succ6rec(x1,x2,x3,x4,x5,x6,y1,y2,y3,y4,y5,y6) has base #2940841994903867680: ({}, nil=y3 * x4=y3 * x5=y5 * x6=y6 * y1=y3 * y2=y3 * x1!=y3 * x2!=y3 * x3!=y3 * y3!=y4), #3066942262052939057: ({}, nil=y1 * x2=y1 * x3=y3 * x4=y4 * x5=y5 * x6=y6 * x1!=y1 * y1!=y2), #1436715174125385037: ({}, nil=y5 * x6=y5 * y1=y5 * y2=y5 * y3=y5 * y4=y5 * x1!=y5 * x2!=y5 * x3!=y5 * x4!=y5 * x5!=y5 * y5!=y6), #3058914195044603249: ({}, nil=y2 * x3=y2 * x4=y4 * x5=y5 * x6=y6 * y1=y2 * x1!=y2 * x2!=y2 * y2!=y3), #-3398925367254618523: ({}, nil=y4 * x5=y4 * x6=y6 * y1=y4 * y2=y4 * y3=y4 * x1!=y4 * x2!=y4 * x3!=y4 * x4!=y4 * y4!=y5)
one(x1) * zero(y1) * succ4rec(x2, x3, x4, x5, y2, y3, y4, y5) => succ5rec(x1,x2,x3,x4,x5,y1,y2,y3,y4,y5) has base #99761730366479762: ({}, nil=y2 * x3=y2 * x4=y4 * x5=y5 * y1=y2 * x1!=y2 * x2!=y2 * y2!=y3), #98118466240030250: ({}, nil=y1 * x2=y1 * x3=y3 * x4=y4 * x5=y5 * x1!=y1 * y1!=y2), #176621354025445530: ({}, nil=y3 * x4=y3 * x5=y5 * y1=y3 * y2=y3 * x1!=y3 * x2!=y3 * x3!=y3 * y3!=y4), #2931863260061911956: ({}, nil=y4 * x5=y4 * y1=y4 * y2=y4 * y3=y4 * x1!=y4 * x2!=y4 * x3!=y4 * x4!=y4 * y4!=y5)
one(x1) * zero(y1) * succ3rec(x2, x3, x4, y2, y3, y4) => succ4rec(x1,x2,x3,x4,y1,y2,y3,y4) has base #6072207024659010: ({}, nil=y2 * x3=y2 * x4=y4 * y1=y2 * x1!=y2 * x2!=y2 * y2!=y3), #97048049528560155: ({}, nil=y3 * x4=y3 * y1=y3 * y2=y3 * x1!=y3 * x2!=y3 * x3!=y3 * y3!=y4), #3123328976064825: ({}, nil=y1 * x2=y1 * x3=y3 * x4=y4 * x1!=y1 * y1!=y2)
one(x1) * zero(y1) * succ2rec(x2, x3, y2, y3) => succ3rec(x1,x2,x3,y1,y2,y3) has base #267598628475797: ({}, nil=y1 * x2=y1 * x3=y3 * x1!=y1 * y1!=y2), #3120682946116913: ({}, nil=y2 * x3=y2 * y1=y2 * x1!=y2 * x2!=y2 * y2!=y3)
one(x1) * zero(y1) * succ1rec(x2, y2) => succ2rec(x1,x2,y1,y2) has base #190842916260305: ({}, nil=y1 * x2=y1 * x1!=y1 * y1!=y2)
one(y1) * zero(x1) => succ1rec(x1,y1) has base #91650777074107: ({}, nil=x1 * x1!=y1)
Q(x1', x2', x3', x4', x5', x6', x7', x8', x9') * succ9rec(x1', x2', x3', x4', x5', x6', x7', x8', x9', y1, y2, y3, y4, y5, y6, y7, y8, y9) => Q(y1,y2,y3,y4,y5,y6,y7,y8,y9) has base #3128386789919539776: ({}, nil=x8' * y1=x8' * y5=x8' * y6=x8' * y7=x8' * y8=x8' * y2!=x8' * y3!=x8' * y4!=x8' * y9!=x8'), #-3157797985619860235: ({}, nil=x9' * y1=x9' * y3=x9' * y5=x9' * y6=x9' * y7=x9' * y8=x9' * y9=x9' * y2!=x9' * y4!=x9'), #3042280646750214618: ({}, nil=x8' * y2=x8' * y4=x8' * y5=x8' * y6=x8' * y8=x8' * y3!=x8' * y7!=x8' * y9!=x8'), #3350378316802675548: ({}, nil=x6' * y1=x6' * y3=x6' * y4=x6' * y5=x6' * y6=x6' * y2!=x6' * y7!=x6' * y8!=x6' * y9!=x6'), #247540416175707861: ({}, nil=x6' * y2=x6' * y3=x6' * y4=x6' * y6=x6' * y5!=x6' * y7!=x6' * y8!=x6' * y9!=x6'), #3324884730731793940: ({}, nil=x9' * y1=x9' * y2=x9' * y7=x9' * y8=x9' * y9=x9' * y3!=x9' * y4!=x9' * y5!=x9' * y6!=x9'), #3536222645281340860: ({}, nil=x8' * y4=x8' * y7=x8' * y8=x8' * y2!=x8' * y3!=x8' * y5!=x8' * y6!=x8' * y9!=x8'), #199886783568279948: ({}, nil=x9' * y3=x9' * y5=x9' * y6=x9' * y9=x9' * y2!=x9' * y4!=x9' * y7!=x9' * y8!=x9'), #-420880830777775916: ({}, nil=x8' * y2=x8' * y3=x8' * y4=x8' * y6=x8' * y7=x8' * y8=x8' * y5!=x8' * y9!=x8'), #1847181858880352327: ({}, nil=x8' * y2=x8' * y3=x8' * y4=x8' * y5=x8' * y6=x8' * y7=x8' * y8=x8' * y9!=x8'), #3074518237553551147: ({}, nil=x8' * y1=x8' * y2=x8' * y4=x8' * y8=x8' * y3!=x8' * y5!=x8' * y6!=x8' * y7!=x8' * y9!=x8'), #204643313796097135: ({}, nil=x9' * y4=x9' * y7=x9' * y8=x9' * y9=x9' * y2!=x9' * y3!=x9' * y5!=x9' * y6!=x9'), #196006627892982755: ({}, nil=x8' * y2=x8' * y4=x8' * y7=x8' * y8=x8' * y3!=x8' * y5!=x8' * y6!=x8' * y9!=x8'), #-359306209108872701: ({}, nil=x8' * y1=x8' * y5=x8' * y8=x8' * y2!=x8' * y3!=x8' * y4!=x8' * y6!=x8' * y7!=x8' * y9!=x8'), #3050973251088161526: ({}, nil=x9' * y2=x9' * y4=x9' * y5=x9' * y7=x9' * y9=x9' * y3!=x9' * y6!=x9' * y8!=x9'), #3299717275163146997: ({}, nil=x8' * y2=x8' * y5=x8' * y8=x8' * y3!=x8' * y4!=x8' * y6!=x8' * y7!=x8' * y9!=x8'), #3560625706137637945: ({}, nil=x9' * y3=x9' * y7=x9' * y9=x9' * y2!=x9' * y4!=x9' * y5!=x9' * y6!=x9' * y8!=x9'), #3679848521293683669: ({}, nil=x7' * y1=x7' * y3=x7' * y4=x7' * y7=x7' * y2!=x7' * y5!=x7' * y6!=x7' * y8!=x7' * y9!=x7'), #-3116854741538267175: ({}, nil=x8' * y1=x8' * y2=x8' * y3=x8' * y4=x8' * y5=x8' * y7=x8' * y8=x8' * y6!=x8' * y9!=x8'), #3121181707665748617: ({}, nil=x8' * y2=x8' * y3=x8' * y8=x8' * y4!=x8' * y5!=x8' * y6!=x8' * y7!=x8' * y9!=x8'), #2022519508686330892: ({}, nil=x8' * y4=x8' * y8=x8' * y2!=x8' * y3!=x8' * y5!=x8' * y6!=x8' * y7!=x8' * y9!=x8'), #196011541410120377: ({}, nil=x8' * y2=x8' * y4=x8' * y6=x8' * y8=x8' * y3!=x8' * y5!=x8' * y7!=x8' * y9!=x8'), #3602418906376838376: ({}, nil=x8' * y5=x8' * y7=x8' * y8=x8' * y2!=x8' * y3!=x8' * y4!=x8' * y6!=x8' * y9!=x8'), #-1381172001356588390: ({}, nil=x7' * y1=x7' * y3=x7' * y4=x7' * y5=x7' * y6=x7' * y7=x7' * y2!=x7' * y8!=x7' * y9!=x7'), #207260625945186128: ({}, nil=x6' * y3=x6' * y4=x6' * y5=x6' * y6=x6' * y2!=x6' * y7!=x6' * y8!=x6' * y9!=x6'), #1410675571891619480: ({}, nil=x6' * y1=x6' * y4=x6' * y6=x6' * y2!=x6' * y3!=x6' * y5!=x6' * y7!=x6' * y8!=x6' * y9!=x6'), #3322804063172520898: ({}, nil=x9' * y1=x9' * y2=x9' * y3=x9' * y5=x9' * y9=x9' * y4!=x9' * y6!=x9' * y7!=x9' * y8!=x9'), #3308581917796777535: ({}, nil=x8' * y2=x8' * y7=x8' * y8=x8' * y3!=x8' * y4!=x8' * y5!=x8' * y6!=x8' * y9!=x8'), #-2612478479293214057: ({}, nil=x9' * y1=x9' * y4=x9' * y5=x9' * y6=x9' * y7=x9' * y8=x9' * y9=x9' * y2!=x9' * y3!=x9'), #200866709274481711: ({}, nil=x8' * y2=x8' * y6=x8' * y7=x8' * y8=x8' * y3!=x8' * y4!=x8' * y5!=x8' * y9!=x8'), #3029711605590074432: ({}, nil=x8' * y2=x8' * y5=x8' * y6=x8' * y7=x8' * y8=x8' * y3!=x8' * y4!=x8' * y9!=x8'), #-3116858492478882858: ({}, nil=x8' * y1=x8' * y2=x8' * y3=x8' * y4=x8' * y6=x8' * y7=x8' * y8=x8' * y5!=x8' * y9!=x8'), #3131045400400273349: ({}, nil=x7' * y1=x7' * y2=x7' * y4=x7' * y5=x7' * y7=x7' * y3!=x7' * y6!=x7' * y8!=x7' * y9!=x7'), #3877569765552346135: ({}, nil=x6' * y3=x6' * y5=x6' * y6=x6' * y2!=x6' * y4!=x6' * y7!=x6' * y8!=x6' * y9!=x6'), #2033198898139648345: ({}, nil=x9' * y1=x9' * y4=x9' * y9=x9' * y2!=x9' * y3!=x9' * y5!=x9' * y6!=x9' * y7!=x9' * y8!=x9'), #2688181680482190575: ({}, nil=y2 * y1=y2 * y2!=y3 * y2!=y4 * y2!=y5 * y2!=y6 * y2!=y7 * y2!=y8 * y2!=y9), #1114033894888000005: ({}, nil=x9' * y1=x9' * y2=x9' * y4=x9' * y5=x9' * y7=x9' * y9=x9' * y3!=x9' * y6!=x9' * y8!=x9'), #3048343139089470577: ({}, nil=x9' * y3=x9' * y4=x9' * y5=x9' * y7=x9' * y9=x9' * y2!=x9' * y6!=x9' * y8!=x9'), #3509884858674569805: ({}, nil=x8' * y3=x8' * y4=x8' * y8=x8' * y2!=x8' * y5!=x8' * y6!=x8' * y7!=x8' * y9!=x8'), #3006470041537372310: ({}, nil=x9' * y2=x9' * y3=x9' * y9=x9' * y4!=x9' * y5!=x9' * y6!=x9' * y7!=x9' * y8!=x9'), #-1837179705114581038: ({}, nil=y3 * y1=y3 * y2=y3 * y3!=y4 * y3!=y5 * y3!=y6 * y3!=y7 * y3!=y8 * y3!=y9), #3534508649746549897: ({}, nil=x9' * y5=x9' * y6=x9' * y9=x9' * y2!=x9' * y3!=x9' * y4!=x9' * y7!=x9' * y8!=x9'), #3321674993512556406: ({}, nil=x9' * y1=x9' * y2=x9' * y3=x9' * y6=x9' * y9=x9' * y4!=x9' * y5!=x9' * y7!=x9' * y8!=x9'), #3258284499560741031: ({}, nil=x9' * y1=x9' * y3=x9' * y4=x9' * y8=x9' * y9=x9' * y2!=x9' * y5!=x9' * y6!=x9' * y7!=x9'), #-352220047144505903: ({}, nil=x8' * y1=x8' * y6=x8' * y8=x8' * y2!=x8' * y3!=x8' * y4!=x8' * y5!=x8' * y7!=x8' * y9!=x8'), #-1395464415446359327: ({}, nil=x8' * y1=x8' * y2=x8' * y4=x8' * y5=x8' * y6=x8' * y8=x8' * y3!=x8' * y7!=x8' * y9!=x8'), #3123058458043231916: ({}, nil=x8' * y1=x8' * y3=x8' * y4=x8' * y7=x8' * y8=x8' * y2!=x8' * y5!=x8' * y6!=x8' * y9!=x8'), #3220020442493439268: ({}, nil=x9' * y1=x9' * y2=x9' * y5=x9' * y9=x9' * y3!=x9' * y4!=x9' * y6!=x9' * y7!=x9' * y8!=x9'), #-2310864913371513: ({}, nil=x9' * y1=x9' * y2=x9' * y3=x9' * y4=x9' * y6=x9' * y7=x9' * y9=x9' * y5!=x9' * y8!=x9'), #3534491136411062178: ({}, nil=x9' * y6=x9' * y8=x9' * y9=x9' * y2!=x9' * y3!=x9' * y4!=x9' * y5!=x9' * y7!=x9'), #-792294439886629841: ({}, nil=x4' * y1=x4' * y2=x4' * y4=x4' * y3!=x4' * y5!=x4' * y6!=x4' * y7!=x4' * y8!=x4' * y9!=x4'), #3115073732572483779: ({}, nil=x8' * y1=x8' * y2=x8' * y4=x8' * y6=x8' * y8=x8' * y3!=x8' * y5!=x8' * y7!=x8' * y9!=x8'), #3468422004509230723: ({}, nil=x9' * y1=x9' * y3=x9' * y7=x9' * y9=x9' * y2!=x9' * y4!=x9' * y5!=x9' * y6!=x9' * y8!=x9'), #3004118910399993992: ({}, nil=x7' * y2=x7' * y4=x7' * y5=x7' * y6=x7' * y7=x7' * y3!=x7' * y8!=x7' * y9!=x7'), #199886225097688211: ({}, nil=x9' * y3=x9' * y5=x9' * y7=x9' * y9=x9' * y2!=x9' * y4!=x9' * y6!=x9' * y8!=x9'), #3102706876404458881: ({}, nil=y4 * y1=y4 * y2=y4 * y3=y4 * y4!=y5 * y4!=y6 * y4!=y7 * y4!=y8 * y4!=y9), #3104199287597938240: ({}, nil=x8' * y1=x8' * y2=x8' * y3=x8' * y6=x8' * y8=x8' * y4!=x8' * y5!=x8' * y7!=x8' * y9!=x8'), #3139363168304975261: ({}, nil=x8' * y2=x8' * y4=x8' * y8=x8' * y3!=x8' * y5!=x8' * y6!=x8' * y7!=x8' * y9!=x8'), #3037305546411445321: ({}, nil=x8' * y3=x8' * y5=x8' * y6=x8' * y7=x8' * y8=x8' * y2!=x8' * y4!=x8' * y9!=x8'), #3048122743554936517: ({}, nil=x9' * y3=x9' * y4=x9' * y6=x9' * y7=x9' * y9=x9' * y2!=x9' * y5!=x9' * y8!=x9'), #3374959459543653115: ({}, nil=x6' * y1=x6' * y2=x6' * y3=x6' * y4=x6' * y6=x6' * y5!=x6' * y7!=x6' * y8!=x6' * y9!=x6'), #-120008977982141046: ({}, nil=x9' * y2=x9' * y4=x9' * y5=x9' * y7=x9' * y8=x9' * y9=x9' * y3!=x9' * y6!=x9'), #3115080772056671477: ({}, nil=x8' * y1=x8' * y2=x8' * y4=x8' * y7=x8' * y8=x8' * y3!=x8' * y5!=x8' * y6!=x8' * y9!=x8'), #2746311190785333173: ({}, nil=x7' * y4=x7' * y7=x7' * y2!=x7' * y3!=x7' * y5!=x7' * y6!=x7' * y8!=x7' * y9!=x7'), #3302432223015814513: ({}, nil=x6' * y2=x6' * y5=x6' * y6=x6' * y3!=x6' * y4!=x6' * y7!=x6' * y8!=x6' * y9!=x6'), #3254973878981851128: ({}, nil=x9' * y1=x9' * y3=x9' * y5=x9' * y7=x9' * y9=x9' * y2!=x9' * y4!=x9' * y6!=x9' * y8!=x9'), #1113430280163180273: ({}, nil=x9' * y1=x9' * y2=x9' * y3=x9' * y4=x9' * y5=x9' * y9=x9' * y6!=x9' * y7!=x9' * y8!=x9'), #208457355740890570: ({}, nil=x9' * y3=x9' * y4=x9' * y5=x9' * y9=x9' * y2!=x9' * y6!=x9' * y7!=x9' * y8!=x9'), #199491294407780448: ({}, nil=x8' * y3=x8' * y6=x8' * y7=x8' * y8=x8' * y2!=x8' * y4!=x8' * y5!=x8' * y9!=x8'), #211097643279965980: ({}, nil=x8' * y3=x8' * y4=x8' * y7=x8' * y8=x8' * y2!=x8' * y5!=x8' * y6!=x8' * y9!=x8'), #1113766651583971042: ({}, nil=x9' * y1=x9' * y2=x9' * y3=x9' * y4=x9' * y7=x9' * y9=x9' * y5!=x9' * y6!=x9' * y8!=x9'), #3050795908822853070: ({}, nil=x9' * y3=x9' * y6=x9' * y7=x9' * y8=x9' * y9=x9' * y2!=x9' * y4!=x9' * y5!=x9'), #3488762087919651260: ({}, nil=x9' * y1=x9' * y7=x9' * y8=x9' * y9=x9' * y2!=x9' * y3!=x9' * y4!=x9' * y5!=x9' * y6!=x9'), #-354283418861479014: ({}, nil=x8' * y6=x8' * y8=x8' * y2!=x8' * y3!=x8' * y4!=x8' * y5!=x8' * y7!=x8' * y9!=x8'), #206222008526572624: ({}, nil=x8' * y4=x8' * y6=x8' * y7=x8' * y8=x8' * y2!=x8' * y3!=x8' * y5!=x8' * y9!=x8'), #501371438642086895: ({}, nil=x9' * y2=x9' * y9=x9' * y3!=x9' * y4!=x9' * y5!=x9' * y6!=x9' * y7!=x9' * y8!=x9'), #3488761857701088942: ({}, nil=x9' * y1=x9' * y6=x9' * y8=x9' * y9=x9' * y2!=x9' * y3!=x9' * y4!=x9' * y5!=x9' * y7!=x9'), #3104207208890469414: ({}, nil=x8' * y1=x8' * y2=x8' * y3=x8' * y7=x8' * y8=x8' * y4!=x8' * y5!=x8' * y6!=x8' * y9!=x8'), #203719356572250909: ({}, nil=x7' * y4=x7' * y5=x7' * y6=x7' * y7=x7' * y2!=x7' * y3!=x7' * y8!=x7' * y9!=x7'), #-3118289974535728863: ({}, nil=x8' * y1=x8' * y2=x8' * y3=x8' * y5=x8' * y6=x8' * y7=x8' * y8=x8' * y4!=x8' * y9!=x8'), #3479966317031047227: ({}, nil=x8' * y1=x8' * y3=x8' * y6=x8' * y8=x8' * y2!=x8' * y4!=x8' * y5!=x8' * y7!=x8' * y9!=x8'), #-2834503425016889501: ({}, nil=x9' * y2=x9' * y3=x9' * y4=x9' * y5=x9' * y6=x9' * y7=x9' * y8=x9' * y9=x9'), #3050886846740255436: ({}, nil=x9' * y2=x9' * y3=x9' * y6=x9' * y7=x9' * y9=x9' * y4!=x9' * y5!=x9' * y8!=x9'), #-121482981109423235: ({}, nil=x9' * y1=x9' * y2=x9' * y4=x9' * y5=x9' * y7=x9' * y8=x9' * y9=x9' * y3!=x9' * y6!=x9'), #199885038179350750: ({}, nil=x9' * y3=x9' * y5=x9' * y8=x9' * y9=x9' * y2!=x9' * y4!=x9' * y6!=x9' * y7!=x9'), #-775776046068327853: ({}, nil=x4' * y2=x4' * y4=x4' * y3!=x4' * y5!=x4' * y6!=x4' * y7!=x4' * y8!=x4' * y9!=x4'), #2124948012946843742: ({}, nil=x9' * y5=x9' * y9=x9' * y2!=x9' * y3!=x9' * y4!=x9' * y6!=x9' * y7!=x9' * y8!=x9'), #3560520427020581348: ({}, nil=x9' * y3=x9' * y5=x9' * y9=x9' * y2!=x9' * y4!=x9' * y6!=x9' * y7!=x9' * y8!=x9'), #3050973192490132368: ({}, nil=x9' * y2=x9' * y4=x9' * y5=x9' * y8=x9' * y9=x9' * y3!=x9' * y6!=x9' * y7!=x9'), #3488761621610632967: ({}, nil=x9' * y1=x9' * y6=x9' * y7=x9' * y9=x9' * y2!=x9' * y3!=x9' * y4!=x9' * y5!=x9' * y8!=x9'), #189542636647127616: ({}, nil=x6' * y2=x6' * y3=x6' * y5=x6' * y6=x6' * y4!=x6' * y7!=x6' * y8!=x6' * y9!=x6'), #200887189879036665: ({}, nil=x9' * y2=x9' * y7=x9' * y8=x9' * y9=x9' * y3!=x9' * y4!=x9' * y5!=x9' * y6!=x9'), #3148349345144147297: ({}, nil=x9' * y1=x9' * y3=x9' * y5=x9' * y7=x9' * y8=x9' * y9=x9' * y2!=x9' * y4!=x9' * y6!=x9'), #217010997997404442: ({}, nil=x5' * y2=x5' * y3=x5' * y4=x5' * y5=x5' * y6!=x5' * y7!=x5' * y8!=x5' * y9!=x5'), #3560636995299665470: ({}, nil=x9' * y3=x9' * y6=x9' * y9=x9' * y2!=x9' * y4!=x9' * y5!=x9' * y7!=x9' * y8!=x9'), #-121482765204083385: ({}, nil=x9' * y1=x9' * y2=x9' * y4=x9' * y5=x9' * y6=x9' * y7=x9' * y9=x9' * y3!=x9' * y8!=x9'), #3468422117334603941: ({}, nil=x9' * y1=x9' * y3=x9' * y8=x9' * y9=x9' * y2!=x9' * y4!=x9' * y5!=x9' * y6!=x9' * y7!=x9'), #3565757007964554271: ({}, nil=x8' * y3=x8' * y6=x8' * y8=x8' * y2!=x8' * y4!=x8' * y5!=x8' * y7!=x8' * y9!=x8'), #2127707194526554901: ({}, nil=x9' * y1=x9' * y6=x9' * y9=x9' * y2!=x9' * y3!=x9' * y4!=x9' * y5!=x9' * y7!=x9' * y8!=x9'), #3113370808072531272: ({}, nil=x8' * y1=x8' * y2=x8' * y5=x8' * y6=x8' * y8=x8' * y3!=x8' * y4!=x8' * y7!=x8' * y9!=x8'), #3322945023593204237: ({}, nil=x9' * y1=x9' * y2=x9' * y4=x9' * y8=x9' * y9=x9' * y3!=x9' * y5!=x9' * y6!=x9' * y7!=x9'), #3468450553648759535: ({}, nil=x9' * y1=x9' * y3=x9' * y5=x9' * y9=x9' * y2!=x9' * y4!=x9' * y6!=x9' * y7!=x9' * y8!=x9'), #3324807955067908569: ({}, nil=x9' * y1=x9' * y2=x9' * y5=x9' * y6=x9' * y9=x9' * y3!=x9' * y4!=x9' * y7!=x9' * y8!=x9'), #-1395788553138159707: ({}, nil=x8' * y1=x8' * y2=x8' * y5=x8' * y6=x8' * y7=x8' * y8=x8' * y3!=x8' * y4!=x8' * y9!=x8'), #2608073297070590721: ({}, nil=x7' * y3=x7' * y7=x7' * y2!=x7' * y4!=x7' * y5!=x7' * y6!=x7' * y8!=x7' * y9!=x7'), #3710217472201346655: ({}, nil=x7' * y1=x7' * y3=x7' * y5=x7' * y7=x7' * y2!=x7' * y4!=x7' * y6!=x7' * y8!=x7' * y9!=x7'), #3258273662110155446: ({}, nil=x9' * y1=x9' * y3=x9' * y4=x9' * y6=x9' * y9=x9' * y2!=x9' * y5!=x9' * y7!=x9' * y8!=x9'), #208486104370470020: ({}, nil=x9' * y3=x9' * y4=x9' * y6=x9' * y9=x9' * y2!=x9' * y5!=x9' * y7!=x9' * y8!=x9'), #200893434253674353: ({}, nil=x9' * y2=x9' * y6=x9' * y8=x9' * y9=x9' * y3!=x9' * y4!=x9' * y5!=x9' * y7!=x9'), #208507014776988095: ({}, nil=x9' * y3=x9' * y4=x9' * y8=x9' * y9=x9' * y2!=x9' * y5!=x9' * y6!=x9' * y7!=x9'), #3042282218870953244: ({}, nil=x8' * y2=x8' * y4=x8' * y5=x8' * y7=x8' * y8=x8' * y3!=x8' * y6!=x8' * y9!=x8'), #3034735753008877083: ({}, nil=x9' * y2=x9' * y6=x9' * y7=x9' * y8=x9' * y9=x9' * y3!=x9' * y4!=x9' * y5!=x9'), #3082070433755948326: ({}, nil=y6 * y1=y6 * y2=y6 * y3=y6 * y4=y6 * y5=y6 * y6!=y7 * y6!=y8 * y6!=y9), #3035386026015234692: ({}, nil=x8' * y3=x8' * y4=x8' * y5=x8' * y6=x8' * y8=x8' * y2!=x8' * y7!=x8' * y9!=x8'), #1114029434292894989: ({}, nil=x9' * y1=x9' * y2=x9' * y4=x9' * y7=x9' * y8=x9' * y9=x9' * y3!=x9' * y5!=x9' * y6!=x9'), #211098103574966929: ({}, nil=x8' * y3=x8' * y4=x8' * y6=x8' * y8=x8' * y2!=x8' * y5!=x8' * y7!=x8' * y9!=x8'), #3024402756023070025: ({}, nil=x5' * y2=x5' * y3=x5' * y5=x5' * y4!=x5' * y6!=x5' * y7!=x5' * y8!=x5' * y9!=x5'), #3137893784499348571: ({}, nil=y1 * y1!=y2 * y1!=y3 * y1!=y4 * y1!=y5 * y1!=y6 * y1!=y7 * y1!=y8 * y1!=y9), #3321677452211259716: ({}, nil=x9' * y1=x9' * y2=x9' * y3=x9' * y7=x9' * y9=x9' * y4!=x9' * y5!=x9' * y6!=x9' * y8!=x9'), #3474203929854631926: ({}, nil=x8' * y1=x8' * y5=x8' * y7=x8' * y8=x8' * y2!=x8' * y3!=x8' * y4!=x8' * y6!=x8' * y9!=x8'), #3474097124252774241: ({}, nil=x8' * y1=x8' * y6=x8' * y7=x8' * y8=x8' * y2!=x8' * y3!=x8' * y4!=x8' * y5!=x8' * y9!=x8'), #192263185832491642: ({}, nil=x8' * y2=x8' * y3=x8' * y6=x8' * y8=x8' * y4!=x8' * y5!=x8' * y7!=x8' * y9!=x8'), #3489754968510013821: ({}, nil=x7' * y4=x7' * y6=x7' * y7=x7' * y2!=x7' * y3!=x7' * y5!=x7' * y8!=x7' * y9!=x7'), #3247218494217898581: ({}, nil=x9' * y2=x9' * y5=x9' * y9=x9' * y3!=x9' * y4!=x9' * y6!=x9' * y7!=x9' * y8!=x9'), #3324880745527667821: ({}, nil=x9' * y1=x9' * y2=x9' * y6=x9' * y7=x9' * y9=x9' * y3!=x9' * y4!=x9' * y5!=x9' * y8!=x9'), #-1344954794891960727: ({}, nil=x8' * y1=x8' * y3=x8' * y4=x8' * y5=x8' * y6=x8' * y8=x8' * y2!=x8' * y7!=x8' * y9!=x8'), #3192829452098448820: ({}, nil=x9' * y1=x9' * y4=x9' * y5=x9' * y6=x9' * y9=x9' * y2!=x9' * y3!=x9' * y7!=x9' * y8!=x9'), #192264412702306688: ({}, nil=x8' * y2=x8' * y3=x8' * y7=x8' * y8=x8' * y4!=x8' * y5!=x8' * y6!=x8' * y9!=x8'), #3042458106401744439: ({}, nil=x8' * y2=x8' * y3=x8' * y5=x8' * y6=x8' * y8=x8' * y4!=x8' * y7!=x8' * y9!=x8'), #3122577021070930912: ({}, nil=x9' * y4=x9' * y5=x9' * y7=x9' * y8=x9' * y9=x9' * y2!=x9' * y3!=x9' * y6!=x9'), #1115388375526894083: ({}, nil=x9' * y1=x9' * y2=x9' * y5=x9' * y7=x9' * y8=x9' * y9=x9' * y3!=x9' * y4!=x9' * y6!=x9'), #2127631612835235456: ({}, nil=x9' * y1=x9' * y8=x9' * y9=x9' * y2!=x9' * y3!=x9' * y4!=x9' * y5!=x9' * y6!=x9' * y7!=x9'), #3519757567540936128: ({}, nil=x7' * y3=x7' * y4=x7' * y7=x7' * y2!=x7' * y5!=x7' * y6!=x7' * y8!=x7' * y9!=x7'), #189842687517422213: ({}, nil=x9' * y2=x9' * y3=x9' * y5=x9' * y9=x9' * y4!=x9' * y6!=x9' * y7!=x9' * y8!=x9'), #3474203431822858850: ({}, nil=x8' * y1=x8' * y5=x8' * y6=x8' * y8=x8' * y2!=x8' * y3!=x8' * y4!=x8' * y7!=x8' * y9!=x8'), #3087176115667392285: ({}, nil=x9' * y2=x9' * y4=x9' * y9=x9' * y3!=x9' * y5!=x9' * y6!=x9' * y7!=x9' * y8!=x9'), #-1371133560533695208: ({}, nil=x8' * y1=x8' * y2=x8' * y3=x8' * y4=x8' * y6=x8' * y8=x8' * y5!=x8' * y7!=x8' * y9!=x8'), #1114027017476722652: ({}, nil=x9' * y1=x9' * y2=x9' * y4=x9' * y6=x9' * y8=x9' * y9=x9' * y3!=x9' * y5!=x9' * y7!=x9'), #3048342070594404820: ({}, nil=x9' * y3=x9' * y4=x9' * y7=x9' * y8=x9' * y9=x9' * y2!=x9' * y5!=x9' * y6!=x9'), #200939903577686494: ({}, nil=x8' * y2=x8' * y5=x8' * y7=x8' * y8=x8' * y3!=x8' * y4!=x8' * y6!=x8' * y9!=x8'), #-293832272643019544: ({}, nil=x3' * y2=x3' * y3=x3' * y4!=x3' * y5!=x3' * y6!=x3' * y7!=x3' * y8!=x3' * y9!=x3'), #3050860232880212293: ({}, nil=x9' * y2=x9' * y3=x9' * y5=x9' * y6=x9' * y9=x9' * y4!=x9' * y7!=x9' * y8!=x9'), #3127857557148319650: ({}, nil=x8' * y1=x8' * y4=x8' * y5=x8' * y7=x8' * y8=x8' * y2!=x8' * y3!=x8' * y6!=x8' * y9!=x8'), #193500023627155931: ({}, nil=x9' * y2=x9' * y3=x9' * y7=x9' * y9=x9' * y4!=x9' * y5!=x9' * y6!=x9' * y8!=x9'), #3048325172126958158: ({}, nil=x9' * y3=x9' * y4=x9' * y5=x9' * y6=x9' * y9=x9' * y2!=x9' * y7!=x9' * y8!=x9'), #2605289336782598876: ({}, nil=x7' * y1=x7' * y3=x7' * y7=x7' * y2!=x7' * y4!=x7' * y5!=x7' * y6!=x7' * y8!=x7' * y9!=x7'), #1468395415681901147: ({}, nil=x9' * y2=x9' * y4=x9' * y5=x9' * y6=x9' * y7=x9' * y8=x9' * y9=x9' * y3!=x9'), #2968087547545662848: ({}, nil=x8' * y1=x8' * y3=x8' * y4=x8' * y5=x8' * y6=x8' * y7=x8' * y8=x8' * y2!=x8' * y9!=x8'), #-388111497357608778: ({}, nil=x8' * y8=x8' * y2!=x8' * y3!=x8' * y4!=x8' * y5!=x8' * y6!=x8' * y7!=x8' * y9!=x8'), #-989033866011227413: ({}, nil=x8' * y1=x8' * y3=x8' * y8=x8' * y2!=x8' * y4!=x8' * y5!=x8' * y6!=x8' * y7!=x8' * y9!=x8'), #3147607726524203713: ({}, nil=x9' * y1=x9' * y3=x9' * y4=x9' * y6=x9' * y7=x9' * y9=x9' * y2!=x9' * y5!=x9' * y8!=x9'), #1310592517901135410: ({}, nil=x9' * y2=x9' * y3=x9' * y4=x9' * y5=x9' * y7=x9' * y8=x9' * y9=x9' * y6!=x9'), #-987338766399771212: ({}, nil=x8' * y3=x8' * y8=x8' * y2!=x8' * y4!=x8' * y5!=x8' * y6!=x8' * y7!=x8' * y9!=x8'), #-120113865223658304: ({}, nil=x9' * y2=x9' * y4=x9' * y6=x9' * y7=x9' * y8=x9' * y9=x9' * y3!=x9' * y5!=x9'), #3216573491265997377: ({}, nil=x8' * y1=x8' * y2=x8' * y7=x8' * y8=x8' * y3!=x8' * y4!=x8' * y5!=x8' * y6!=x8' * y9!=x8'), #3147619650002423304: ({}, nil=x9' * y1=x9' * y3=x9' * y4=x9' * y5=x9' * y8=x9' * y9=x9' * y2!=x9' * y6!=x9' * y7!=x9'), #203175488258260728: ({}, nil=x7' * y3=x7' * y5=x7' * y6=x7' * y7=x7' * y2!=x7' * y4!=x7' * y8!=x7' * y9!=x7'), #3138523489426361748: ({}, nil=x7' * y1=x7' * y2=x7' * y5=x7' * y6=x7' * y7=x7' * y3!=x7' * y4!=x7' * y8!=x7' * y9!=x7'), #504294438963845973: ({}, nil=x9' * y1=x9' * y2=x9' * y9=x9' * y3!=x9' * y4!=x9' * y5!=x9' * y6!=x9' * y7!=x9' * y8!=x9'), #3050913715076677850: ({}, nil=x9' * y2=x9' * y4=x9' * y6=x9' * y7=x9' * y9=x9' * y3!=x9' * y5!=x9' * y8!=x9'), #3710196049744839535: ({}, nil=x7' * y1=x7' * y3=x7' * y6=x7' * y7=x7' * y2!=x7' * y4!=x7' * y5!=x7' * y8!=x7' * y9!=x7'), #3005171579055664792: ({}, nil=x7' * y2=x7' * y3=x7' * y4=x7' * y5=x7' * y7=x7' * y6!=x7' * y8!=x7' * y9!=x7'), #3051118780677299525: ({}, nil=x9' * y3=x9' * y5=x9' * y7=x9' * y8=x9' * y9=x9' * y2!=x9' * y4!=x9' * y6!=x9'), #3294155699965583159: ({}, nil=x9' * y1=x9' * y2=x9' * y4=x9' * y9=x9' * y3!=x9' * y5!=x9' * y6!=x9' * y7!=x9' * y8!=x9'), #3535775229262913505: ({}, nil=x9' * y4=x9' * y8=x9' * y9=x9' * y2!=x9' * y3!=x9' * y5!=x9' * y6!=x9' * y7!=x9'), #3244027962328423989: ({}, nil=x5' * y2=x5' * y4=x5' * y5=x5' * y3!=x5' * y6!=x5' * y7!=x5' * y8!=x5' * y9!=x5'), #3052036565390191340: ({}, nil=x9' * y2=x9' * y3=x9' * y4=x9' * y6=x9' * y9=x9' * y5!=x9' * y7!=x9' * y8!=x9'), #3033479410348086327: ({}, nil=x8' * y1=x8' * y2=x8' * y3=x8' * y8=x8' * y4!=x8' * y5!=x8' * y6!=x8' * y7!=x8' * y9!=x8'), #3192828687592617203: ({}, nil=x9' * y1=x9' * y4=x9' * y6=x9' * y8=x9' * y9=x9' * y2!=x9' * y3!=x9' * y5!=x9' * y7!=x9'), #3207214032153361302: ({}, nil=x8' * y1=x8' * y2=x8' * y5=x8' * y8=x8' * y3!=x8' * y4!=x8' * y6!=x8' * y7!=x8' * y9!=x8'), #3322924420795195113: ({}, nil=x9' * y1=x9' * y2=x9' * y4=x9' * y6=x9' * y9=x9' * y3!=x9' * y5!=x9' * y7!=x9' * y8!=x9'), #-4142740818302419358: ({}, nil=y8 * y1=y8 * y2=y8 * y3=y8 * y4=y8 * y5=y8 * y6=y8 * y7=y8 * y8!=y9), #193499981321981672: ({}, nil=x9' * y2=x9' * y3=x9' * y8=x9' * y9=x9' * y4!=x9' * y5!=x9' * y6!=x9' * y7!=x9'), #3759943436989288412: ({}, nil=x6' * y1=x6' * y3=x6' * y5=x6' * y6=x6' * y2!=x6' * y4!=x6' * y7!=x6' * y8!=x6' * y9!=x6'), #2433855041677352280: ({}, nil=x5' * y3=x5' * y5=x5' * y2!=x5' * y4!=x5' * y6!=x5' * y7!=x5' * y8!=x5' * y9!=x5'), #189367639685944618: ({}, nil=x9' * y2=x9' * y4=x9' * y6=x9' * y9=x9' * y3!=x9' * y5!=x9' * y7!=x9' * y8!=x9'), #204636585262563245: ({}, nil=x9' * y4=x9' * y5=x9' * y8=x9' * y9=x9' * y2!=x9' * y3!=x9' * y6!=x9' * y7!=x9'), #-192526724836631674: ({}, nil=x6' * y1=x6' * y3=x6' * y6=x6' * y2!=x6' * y4!=x6' * y5!=x6' * y7!=x6' * y8!=x6' * y9!=x6'), #3051121785214955852: ({}, nil=x9' * y3=x9' * y5=x9' * y6=x9' * y8=x9' * y9=x9' * y2!=x9' * y4!=x9' * y7!=x9'), #3322944960251460410: ({}, nil=x9' * y1=x9' * y2=x9' * y4=x9' * y7=x9' * y9=x9' * y3!=x9' * y5!=x9' * y6!=x9' * y8!=x9'), #-429864140413107357: ({}, nil=x8' * y2=x8' * y4=x8' * y5=x8' * y6=x8' * y7=x8' * y8=x8' * y3!=x8' * y9!=x8'), #204642419127082693: ({}, nil=x9' * y4=x9' * y5=x9' * y6=x9' * y9=x9' * y2!=x9' * y3!=x9' * y7!=x9' * y8!=x9'), #-1749984675820214915: ({}, nil=x7' * y1=x7' * y2=x7' * y3=x7' * y4=x7' * y6=x7' * y7=x7' * y5!=x7' * y8!=x7' * y9!=x7'), #3458018435466415064: ({}, nil=x6' * y1=x6' * y5=x6' * y6=x6' * y2!=x6' * y3!=x6' * y4!=x6' * y7!=x6' * y8!=x6' * y9!=x6'), #-1750845317676034047: ({}, nil=x7' * y1=x7' * y2=x7' * y4=x7' * y5=x7' * y6=x7' * y7=x7' * y3!=x7' * y8!=x7' * y9!=x7'), #4053016901618542442: ({}, nil=x6' * y1=x6' * y3=x6' * y4=x6' * y6=x6' * y2!=x6' * y5!=x6' * y7!=x6' * y8!=x6' * y9!=x6'), #-1371132622885530100: ({}, nil=x8' * y1=x8' * y2=x8' * y3=x8' * y4=x8' * y7=x8' * y8=x8' * y5!=x8' * y6!=x8' * y9!=x8'), #-1395462927646369499: ({}, nil=x8' * y1=x8' * y2=x8' * y4=x8' * y5=x8' * y7=x8' * y8=x8' * y3!=x8' * y6!=x8' * y9!=x8'), #3051122277355623221: ({}, nil=x9' * y3=x9' * y5=x9' * y6=x9' * y7=x9' * y9=x9' * y2!=x9' * y4!=x9' * y8!=x9'), #-190950490629630084: ({}, nil=x6' * y3=x6' * y6=x6' * y2!=x6' * y4!=x6' * y5!=x6' * y7!=x6' * y8!=x6' * y9!=x6'), #753437440695482728: ({}, nil=x9' * y1=x9' * y3=x9' * y9=x9' * y2!=x9' * y4!=x9' * y5!=x9' * y6!=x9' * y7!=x9' * y8!=x9'), #3048343176466241679: ({}, nil=x9' * y3=x9' * y4=x9' * y5=x9' * y8=x9' * y9=x9' * y2!=x9' * y6!=x9' * y7!=x9'), #-388024392156662268: ({}, nil=x8' * y1=x8' * y8=x8' * y2!=x8' * y3!=x8' * y4!=x8' * y5!=x8' * y6!=x8' * y7!=x8' * y9!=x8'), #3192828284907951871: ({}, nil=x9' * y1=x9' * y4=x9' * y7=x9' * y8=x9' * y9=x9' * y2!=x9' * y3!=x9' * y5!=x9' * y6!=x9'), #3050886811896232874: ({}, nil=x9' * y2=x9' * y3=x9' * y6=x9' * y8=x9' * y9=x9' * y4!=x9' * y5!=x9' * y7!=x9'), #-1732026939935845631: ({}, nil=x9' * y1=x9' * y2=x9' * y3=x9' * y5=x9' * y6=x9' * y7=x9' * y8=x9' * y9=x9' * y4!=x9'), #-352208836497394551: ({}, nil=x8' * y1=x8' * y7=x8' * y8=x8' * y2!=x8' * y3!=x8' * y4!=x8' * y5!=x8' * y6!=x8' * y9!=x8'), #-4297262736947430578: ({}, nil=x9' * y3=x9' * y4=x9' * y5=x9' * y6=x9' * y7=x9' * y8=x9' * y9=x9' * y2!=x9'), #3129195154854924653: ({}, nil=x7' * y1=x7' * y3=x7' * y4=x7' * y6=x7' * y7=x7' * y2!=x7' * y5!=x7' * y8!=x7' * y9!=x7'), #1113076374815958401: ({}, nil=x9' * y1=x9' * y2=x9' * y6=x9' * y7=x9' * y8=x9' * y9=x9' * y3!=x9' * y4!=x9' * y5!=x9'), #1112541966024955037: ({}, nil=x9' * y1=x9' * y2=x9' * y3=x9' * y5=x9' * y7=x9' * y9=x9' * y4!=x9' * y6!=x9' * y8!=x9'), #-402296750530384049: ({}, nil=x8' * y2=x8' * y3=x8' * y5=x8' * y6=x8' * y7=x8' * y8=x8' * y4!=x8' * y9!=x8'), #2163010063394083157: ({}, nil=x7' * y1=x7' * y2=x7' * y7=x7' * y3!=x7' * y4!=x7' * y5!=x7' * y6!=x7' * y8!=x7' * y9!=x7'), #3532186933124721803: ({}, nil=x5' * y3=x5' * y4=x5' * y5=x5' * y2!=x5' * y6!=x5' * y7!=x5' * y8!=x5' * y9!=x5'), #3117401476525157297: ({}, nil=x8' * y1=x8' * y3=x8' * y5=x8' * y7=x8' * y8=x8' * y2!=x8' * y4!=x8' * y6!=x8' * y9!=x8'), #-116979593555353765: ({}, nil=x9' * y2=x9' * y3=x9' * y5=x9' * y6=x9' * y8=x9' * y9=x9' * y4!=x9' * y7!=x9'), #189396866586592167: ({}, nil=x9' * y2=x9' * y4=x9' * y7=x9' * y9=x9' * y3!=x9' * y5!=x9' * y6!=x9' * y8!=x9'), #3104107475412990413: ({}, nil=x8' * y1=x8' * y2=x8' * y3=x8' * y5=x8' * y8=x8' * y4!=x8' * y6!=x8' * y7!=x8' * y9!=x8'), #200092872750788099: ({}, nil=x9' * y3=x9' * y7=x9' * y8=x9' * y9=x9' * y2!=x9' * y4!=x9' * y5!=x9' * y6!=x9'), #-1565052375279224779: ({}, nil=x8' * y1=x8' * y2=x8' * y8=x8' * y3!=x8' * y4!=x8' * y5!=x8' * y6!=x8' * y7!=x8' * y9!=x8'), #3117375410728009514: ({}, nil=x8' * y1=x8' * y3=x8' * y6=x8' * y7=x8' * y8=x8' * y2!=x8' * y4!=x8' * y5!=x8' * y9!=x8'), #-3749512243251347928: ({}, nil=x9' * y1=x9' * y4=x9' * y5=x9' * y7=x9' * y8=x9' * y9=x9' * y2!=x9' * y3!=x9' * y6!=x9'), #-115319543476405350: ({}, nil=x9' * y2=x9' * y3=x9' * y4=x9' * y5=x9' * y6=x9' * y9=x9' * y7!=x9' * y8!=x9'), #-115333231347029767: ({}, nil=x9' * y2=x9' * y3=x9' * y4=x9' * y5=x9' * y7=x9' * y9=x9' * y6!=x9' * y8!=x9'), #-507738273372516732: ({}, nil=x9' * y3=x9' * y4=x9' * y6=x9' * y7=x9' * y8=x9' * y9=x9' * y2!=x9' * y5!=x9'), #2125060310415735431: ({}, nil=x9' * y8=x9' * y9=x9' * y2!=x9' * y3!=x9' * y4!=x9' * y5!=x9' * y6!=x9' * y7!=x9'), #3148347369317371794: ({}, nil=x9' * y1=x9' * y3=x9' * y5=x9' * y6=x9' * y7=x9' * y9=x9' * y2!=x9' * y4!=x9' * y8!=x9'), #3148298611091907630: ({}, nil=x7' * y2=x7' * y4=x7' * y7=x7' * y3!=x7' * y5!=x7' * y6!=x7' * y8!=x7' * y9!=x7'), #3122577233056695830: ({}, nil=x9' * y4=x9' * y5=x9' * y6=x9' * y8=x9' * y9=x9' * y2!=x9' * y3!=x9' * y7!=x9'), #-507708333039643694: ({}, nil=x9' * y3=x9' * y4=x9' * y5=x9' * y7=x9' * y8=x9' * y9=x9' * y2!=x9' * y6!=x9'), #3339108255411716808: ({}, nil=x9' * y1=x9' * y6=x9' * y7=x9' * y8=x9' * y9=x9' * y2!=x9' * y3!=x9' * y4!=x9' * y5!=x9'), #-1372700671891952761: ({}, nil=x8' * y1=x8' * y2=x8' * y3=x8' * y6=x8' * y7=x8' * y8=x8' * y4!=x8' * y5!=x8' * y9!=x8'), #-683474013617781835: ({}, nil=x5' * y1=x5' * y5=x5' * y2!=x5' * y3!=x5' * y4!=x5' * y6!=x5' * y7!=x5' * y8!=x5' * y9!=x5'), #1476385685054500331: ({}, nil=x2' * y2=x2' * y3!=x2' * y4!=x2' * y5!=x2' * y6!=x2' * y7!=x2' * y8!=x2' * y9!=x2'), #-115334158591011783: ({}, nil=x9' * y2=x9' * y3=x9' * y4=x9' * y5=x9' * y8=x9' * y9=x9' * y6!=x9' * y7!=x9'), #3654891457719541995: ({}, nil=x7' * y1=x7' * y4=x7' * y5=x7' * y7=x7' * y2!=x7' * y3!=x7' * y6!=x7' * y8!=x7' * y9!=x7'), #3321165855383058809: ({}, nil=x9' * y1=x9' * y2=x9' * y4=x9' * y5=x9' * y9=x9' * y3!=x9' * y6!=x9' * y7!=x9' * y8!=x9'), #-3126454649817433062: ({}, nil=x9' * y1=x9' * y3=x9' * y4=x9' * y5=x9' * y6=x9' * y7=x9' * y9=x9' * y2!=x9' * y8!=x9'), #3123058949149729065: ({}, nil=x8' * y1=x8' * y3=x8' * y4=x8' * y6=x8' * y8=x8' * y2!=x8' * y5!=x8' * y7!=x8' * y9!=x8'), #3043185734564369680: ({}, nil=x8' * y2=x8' * y3=x8' * y4=x8' * y6=x8' * y8=x8' * y5!=x8' * y7!=x8' * y9!=x8'), #-1344964905349738577: ({}, nil=x8' * y1=x8' * y3=x8' * y4=x8' * y5=x8' * y7=x8' * y8=x8' * y2!=x8' * y6!=x8' * y9!=x8'), #3655576183668199111: ({}, nil=x7' * y1=x7' * y5=x7' * y6=x7' * y7=x7' * y2!=x7' * y3!=x7' * y4!=x7' * y8!=x7' * y9!=x7'), #2795970637776332218: ({}, nil=x7' * y1=x7' * y5=x7' * y7=x7' * y2!=x7' * y3!=x7' * y4!=x7' * y6!=x7' * y8!=x7' * y9!=x7'), #1417892020066307230: ({}, nil=x6' * y4=x6' * y6=x6' * y2!=x6' * y3!=x6' * y5!=x6' * y7!=x6' * y8!=x6' * y9!=x6'), #204641510101192328: ({}, nil=x9' * y4=x9' * y6=x9' * y8=x9' * y9=x9' * y2!=x9' * y3!=x9' * y5!=x9' * y7!=x9'), #3034638123384488932: ({}, nil=x9' * y2=x9' * y5=x9' * y7=x9' * y8=x9' * y9=x9' * y3!=x9' * y4!=x9' * y6!=x9'), #3034629834729550534: ({}, nil=x9' * y2=x9' * y5=x9' * y6=x9' * y7=x9' * y9=x9' * y3!=x9' * y4!=x9' * y8!=x9'), #3031280554856438373: ({}, nil=x7' * y1=x7' * y2=x7' * y3=x7' * y7=x7' * y4!=x7' * y5!=x7' * y6!=x7' * y8!=x7' * y9!=x7'), #-3126450820525021739: ({}, nil=x9' * y1=x9' * y3=x9' * y4=x9' * y6=x9' * y7=x9' * y8=x9' * y9=x9' * y2!=x9' * y5!=x9'), #3052055199523916376: ({}, nil=x9' * y2=x9' * y3=x9' * y4=x9' * y8=x9' * y9=x9' * y5!=x9' * y6!=x9' * y7!=x9'), #4152268282915709924: ({}, nil=x6' * y3=x6' * y4=x6' * y6=x6' * y2!=x6' * y5!=x6' * y7!=x6' * y8!=x6' * y9!=x6'), #3051942270063451478: ({}, nil=x9' * y2=x9' * y3=x9' * y4=x9' * y5=x9' * y9=x9' * y6!=x9' * y7!=x9' * y8!=x9'), #3192786176099633305: ({}, nil=x9' * y1=x9' * y4=x9' * y5=x9' * y7=x9' * y9=x9' * y2!=x9' * y3!=x9' * y6!=x9' * y8!=x9'), #3230930871179264717: ({}, nil=x7' * y1=x7' * y2=x7' * y6=x7' * y7=x7' * y3!=x7' * y4!=x7' * y5!=x7' * y8!=x7' * y9!=x7'), #3108993386770748451: ({}, nil=x8' * y1=x8' * y2=x8' * y4=x8' * y5=x8' * y8=x8' * y3!=x8' * y6!=x8' * y7!=x8' * y9!=x8'), #3123792993378825325: ({}, nil=x7' * y1=x7' * y3=x7' * y5=x7' * y6=x7' * y7=x7' * y2!=x7' * y4!=x7' * y8!=x7' * y9!=x7'), #3336802765747772189: ({}, nil=x6' * y1=x6' * y2=x6' * y4=x6' * y5=x6' * y6=x6' * y3!=x6' * y7!=x6' * y8!=x6' * y9!=x6'), #206285409295836513: ({}, nil=x8' * y4=x8' * y5=x8' * y7=x8' * y8=x8' * y2!=x8' * y3!=x8' * y6!=x8' * y9!=x8'), #3254972657856868190: ({}, nil=x9' * y1=x9' * y3=x9' * y6=x9' * y8=x9' * y9=x9' * y2!=x9' * y4!=x9' * y5!=x9' * y7!=x9'), #2440020291748031943: ({}, nil=x5' * y1=x5' * y3=x5' * y5=x5' * y2!=x5' * y4!=x5' * y6!=x5' * y7!=x5' * y8!=x5' * y9!=x5'), #195963043331648789: ({}, nil=x8' * y2=x8' * y4=x8' * y5=x8' * y8=x8' * y3!=x8' * y6!=x8' * y7!=x8' * y9!=x8'), #189392586965160006: ({}, nil=x9' * y2=x9' * y4=x9' * y8=x9' * y9=x9' * y3!=x9' * y5!=x9' * y6!=x9' * y7!=x9'), #210457209876602997: ({}, nil=x7' * y3=x7' * y4=x7' * y5=x7' * y7=x7' * y2!=x7' * y6!=x7' * y8!=x7' * y9!=x7'), #3247141758639880169: ({}, nil=x9' * y2=x9' * y7=x9' * y9=x9' * y3!=x9' * y4!=x9' * y5!=x9' * y6!=x9' * y8!=x9'), #1113767609733882844: ({}, nil=x9' * y1=x9' * y2=x9' * y3=x9' * y4=x9' * y8=x9' * y9=x9' * y5!=x9' * y6!=x9' * y7!=x9'), #3034629654005366206: ({}, nil=x9' * y2=x9' * y5=x9' * y6=x9' * y8=x9' * y9=x9' * y3!=x9' * y4!=x9' * y7!=x9'), #3129900019287309678: ({}, nil=x8' * y1=x8' * y3=x8' * y4=x8' * y5=x8' * y8=x8' * y2!=x8' * y6!=x8' * y7!=x8' * y9!=x8'), #3148879311628368758: ({}, nil=x9' * y1=x9' * y3=x9' * y6=x9' * y7=x9' * y8=x9' * y9=x9' * y2!=x9' * y4!=x9' * y5!=x9'), #3023397642449456561: ({}, nil=x8' * y4=x8' * y5=x8' * y6=x8' * y7=x8' * y8=x8' * y2!=x8' * y3!=x8' * y9!=x8'), #3128669389719587195: ({}, nil=x7' * y1=x7' * y2=x7' * y3=x7' * y5=x7' * y7=x7' * y4!=x7' * y6!=x7' * y8!=x7' * y9!=x7'), #200886402209206011: ({}, nil=x9' * y2=x9' * y5=x9' * y8=x9' * y9=x9' * y3!=x9' * y4!=x9' * y6!=x9' * y7!=x9'), #3352416390895816158: ({}, nil=x9' * y1=x9' * y2=x9' * y3=x9' * y4=x9' * y9=x9' * y5!=x9' * y6!=x9' * y7!=x9' * y8!=x9'), #3231036942188247639: ({}, nil=x7' * y1=x7' * y2=x7' * y5=x7' * y7=x7' * y3!=x7' * y4!=x7' * y6!=x7' * y8!=x7' * y9!=x7'), #3271511125139456197: ({}, nil=x7' * y1=x7' * y2=x7' * y4=x7' * y7=x7' * y3!=x7' * y5!=x7' * y6!=x7' * y8!=x7' * y9!=x7'), #3107140553548584324: ({}, nil=x9' * y1=x9' * y2=x9' * y3=x9' * y9=x9' * y4!=x9' * y5!=x9' * y6!=x9' * y7!=x9' * y8!=x9'), #3486386521627720665: ({}, nil=x9' * y1=x9' * y4=x9' * y8=x9' * y9=x9' * y2!=x9' * y3!=x9' * y5!=x9' * y6!=x9' * y7!=x9'), #-1750866609193319268: ({}, nil=x7' * y1=x7' * y2=x7' * y3=x7' * y5=x7' * y6=x7' * y7=x7' * y4!=x7' * y8!=x7' * y9!=x7'), #2028648967710492337: ({}, nil=x8' * y1=x8' * y4=x8' * y8=x8' * y2!=x8' * y3!=x8' * y5!=x8' * y6!=x8' * y7!=x8' * y9!=x8'), #1310599950811342534: ({}, nil=x9' * y2=x9' * y3=x9' * y4=x9' * y5=x9' * y6=x9' * y7=x9' * y9=x9' * y8!=x9'), #3340642741422930706: ({}, nil=x9' * y1=x9' * y5=x9' * y6=x9' * y7=x9' * y9=x9' * y2!=x9' * y3!=x9' * y4!=x9' * y8!=x9'), #2113764884947069158: ({}, nil=x3' * y3=x3' * y2!=x3' * y4!=x3' * y5!=x3' * y6!=x3' * y7!=x3' * y8!=x3' * y9!=x3'), #1112541528052107835: ({}, nil=x9' * y1=x9' * y2=x9' * y3=x9' * y7=x9' * y8=x9' * y9=x9' * y4!=x9' * y5!=x9' * y6!=x9'), #3535780434430763955: ({}, nil=x9' * y4=x9' * y6=x9' * y9=x9' * y2!=x9' * y3!=x9' * y5!=x9' * y7!=x9' * y8!=x9'), #-115316753619235002: ({}, nil=x9' * y2=x9' * y3=x9' * y4=x9' * y6=x9' * y7=x9' * y9=x9' * y5!=x9' * y8!=x9'), #1115586876028788644: ({}, nil=x9' * y1=x9' * y2=x9' * y5=x9' * y6=x9' * y7=x9' * y9=x9' * y3!=x9' * y4!=x9' * y8!=x9'), #-354358665137531687: ({}, nil=x8' * y5=x8' * y8=x8' * y2!=x8' * y3!=x8' * y4!=x8' * y6!=x8' * y7!=x8' * y9!=x8'), #200087081945468345: ({}, nil=x9' * y3=x9' * y6=x9' * y7=x9' * y9=x9' * y2!=x9' * y4!=x9' * y5!=x9' * y8!=x9'), #-1396331693118558406: ({}, nil=x8' * y1=x8' * y4=x8' * y5=x8' * y6=x8' * y7=x8' * y8=x8' * y2!=x8' * y3!=x8' * y9!=x8'), #2125058708629820904: ({}, nil=x9' * y6=x9' * y9=x9' * y2!=x9' * y3!=x9' * y4!=x9' * y5!=x9' * y7!=x9' * y8!=x9'), #-4424938956736086990: ({}, nil=x8' * y1=x8' * y2=x8' * y4=x8' * y5=x8' * y6=x8' * y7=x8' * y8=x8' * y3!=x8' * y9!=x8'), #3486386558115116469: ({}, nil=x9' * y1=x9' * y4=x9' * y6=x9' * y9=x9' * y2!=x9' * y3!=x9' * y5!=x9' * y7!=x9' * y8!=x9'), #200286106726429400: ({}, nil=x6' * y2=x6' * y4=x6' * y5=x6' * y6=x6' * y3!=x6' * y7!=x6' * y8!=x6' * y9!=x6'), #-1812666958990916209: ({}, nil=x9' * y2=x9' * y5=x9' * y6=x9' * y7=x9' * y8=x9' * y9=x9' * y3!=x9' * y4!=x9'), #3468415184068178760: ({}, nil=x9' * y1=x9' * y3=x9' * y6=x9' * y9=x9' * y2!=x9' * y4!=x9' * y5!=x9' * y7!=x9' * y8!=x9'), #-507709519503144167: ({}, nil=x9' * y3=x9' * y4=x9' * y5=x9' * y6=x9' * y7=x9' * y9=x9' * y2!=x9' * y8!=x9'), #3216573838805253274: ({}, nil=x8' * y1=x8' * y2=x8' * y6=x8' * y8=x8' * y3!=x8' * y4!=x8' * y5!=x8' * y7!=x8' * y9!=x8'), #-2221591819111666363: ({}, nil=x9' * y1=x9' * y2=x9' * y3=x9' * y4=x9' * y5=x9' * y7=x9' * y8=x9' * y9=x9' * y6!=x9'), #3479891271567618105: ({}, nil=x8' * y1=x8' * y4=x8' * y5=x8' * y8=x8' * y2!=x8' * y3!=x8' * y6!=x8' * y7!=x8' * y9!=x8'), #214957980865401009: ({}, nil=x9' * y5=x9' * y6=x9' * y8=x9' * y9=x9' * y2!=x9' * y3!=x9' * y4!=x9' * y7!=x9'), #1112535978058804500: ({}, nil=x9' * y1=x9' * y2=x9' * y3=x9' * y5=x9' * y6=x9' * y9=x9' * y4!=x9' * y7!=x9' * y8!=x9'), #3138940196574903548: ({}, nil=x7' * y1=x7' * y4=x7' * y5=x7' * y6=x7' * y7=x7' * y2!=x7' * y3!=x7' * y8!=x7' * y9!=x7'), #-121530091199097449: ({}, nil=x9' * y1=x9' * y2=x9' * y4=x9' * y6=x9' * y7=x9' * y8=x9' * y9=x9' * y3!=x9' * y5!=x9'), #-4096982172536169306: ({}, nil=x7' * y1=x7' * y7=x7' * y2!=x7' * y3!=x7' * y4!=x7' * y5!=x7' * y6!=x7' * y8!=x7' * y9!=x7'), #-119725712340346621: ({}, nil=x9' * y2=x9' * y3=x9' * y6=x9' * y7=x9' * y8=x9' * y9=x9' * y4!=x9' * y5!=x9'), #3035305895645503516: ({}, nil=x8' * y3=x8' * y4=x8' * y5=x8' * y7=x8' * y8=x8' * y2!=x8' * y6!=x8' * y9!=x8'), #3050866148041470985: ({}, nil=x9' * y2=x9' * y3=x9' * y5=x9' * y8=x9' * y9=x9' * y4!=x9' * y6!=x9' * y7!=x9'), #-2942702752617573: ({}, nil=x9' * y1=x9' * y2=x9' * y3=x9' * y6=x9' * y7=x9' * y8=x9' * y9=x9' * y4!=x9' * y5!=x9'), #200893005825234564: ({}, nil=x9' * y2=x9' * y6=x9' * y7=x9' * y9=x9' * y3!=x9' * y4!=x9' * y5!=x9' * y8!=x9'), #3219941936284363779: ({}, nil=x9' * y1=x9' * y2=x9' * y7=x9' * y9=x9' * y3!=x9' * y4!=x9' * y5!=x9' * y6!=x9' * y8!=x9'), #2792535562961298575: ({}, nil=x7' * y6=x7' * y7=x7' * y2!=x7' * y3!=x7' * y4!=x7' * y5!=x7' * y8!=x7' * y9!=x7'), #2660964858777576206: ({}, nil=x5' * y1=x5' * y4=x5' * y5=x5' * y2!=x5' * y3!=x5' * y6!=x5' * y7!=x5' * y8!=x5' * y9!=x5'), #-115317178718746687: ({}, nil=x9' * y2=x9' * y3=x9' * y4=x9' * y7=x9' * y8=x9' * y9=x9' * y5!=x9' * y6!=x9'), #3105004107505565787: ({}, nil=x6' * y1=x6' * y2=x6' * y3=x6' * y6=x6' * y4!=x6' * y5!=x6' * y7!=x6' * y8!=x6' * y9!=x6'), #182018229744672726: ({}, nil=x7' * y2=x7' * y3=x7' * y6=x7' * y7=x7' * y4!=x7' * y5!=x7' * y8!=x7' * y9!=x7'), #3324807941676065627: ({}, nil=x9' * y1=x9' * y2=x9' * y5=x9' * y7=x9' * y9=x9' * y3!=x9' * y4!=x9' * y6!=x9' * y8!=x9'), #-2327224775116849: ({}, nil=x9' * y1=x9' * y2=x9' * y3=x9' * y4=x9' * y5=x9' * y8=x9' * y9=x9' * y6!=x9' * y7!=x9'), #3050867766881494177: ({}, nil=x9' * y2=x9' * y3=x9' * y7=x9' * y8=x9' * y9=x9' * y4!=x9' * y5!=x9' * y6!=x9'), #-2357314023616730588: ({}, nil=x9' * y4=x9' * y5=x9' * y6=x9' * y7=x9' * y8=x9' * y9=x9' * y2!=x9' * y3!=x9'), #-2221596834968641875: ({}, nil=x9' * y1=x9' * y2=x9' * y3=x9' * y4=x9' * y5=x9' * y6=x9' * y7=x9' * y9=x9' * y8!=x9'), #3042781665191956975: ({}, nil=x8' * y2=x8' * y3=x8' * y4=x8' * y5=x8' * y8=x8' * y6!=x8' * y7!=x8' * y9!=x8'), #2127669072521576816: ({}, nil=x9' * y1=x9' * y5=x9' * y9=x9' * y2!=x9' * y3!=x9' * y4!=x9' * y6!=x9' * y7!=x9' * y8!=x9'), #-2183005023871974: ({}, nil=x9' * y1=x9' * y2=x9' * y3=x9' * y4=x9' * y7=x9' * y8=x9' * y9=x9' * y5!=x9' * y6!=x9'), #3254965141420678909: ({}, nil=x9' * y1=x9' * y3=x9' * y7=x9' * y8=x9' * y9=x9' * y2!=x9' * y4!=x9' * y5!=x9' * y6!=x9'), #214951304848269966: ({}, nil=x9' * y5=x9' * y7=x9' * y8=x9' * y9=x9' * y2!=x9' * y3!=x9' * y4!=x9' * y6!=x9'), #181982876636853898: ({}, nil=x7' * y2=x7' * y3=x7' * y5=x7' * y7=x7' * y4!=x7' * y6!=x7' * y8!=x7' * y9!=x7'), #3245251445427772020: ({}, nil=x7' * y2=x7' * y5=x7' * y7=x7' * y3!=x7' * y4!=x7' * y6!=x7' * y8!=x7' * y9!=x7'), #-3749516670577584992: ({}, nil=x9' * y1=x9' * y4=x9' * y5=x9' * y6=x9' * y8=x9' * y9=x9' * y2!=x9' * y3!=x9' * y7!=x9'), #1712589756718382170: ({}, nil=x9' * y1=x9' * y2=x9' * y4=x9' * y5=x9' * y6=x9' * y7=x9' * y8=x9' * y9=x9' * y3!=x9'), #221880816177922354: ({}, nil=y5 * y1=y5 * y2=y5 * y3=y5 * y4=y5 * y5!=y6 * y5!=y7 * y5!=y8 * y5!=y9), #3741609855085603209: ({}, nil=x8' * y1=x8' * y3=x8' * y4=x8' * y8=x8' * y2!=x8' * y5!=x8' * y6!=x8' * y7!=x8' * y9!=x8'), #210980500065666128: ({}, nil=x9' * y6=x9' * y7=x9' * y8=x9' * y9=x9' * y2!=x9' * y3!=x9' * y4!=x9' * y5!=x9'), #199431926683384830: ({}, nil=x8' * y3=x8' * y5=x8' * y7=x8' * y8=x8' * y2!=x8' * y4!=x8' * y6!=x8' * y9!=x8'), #204641300555025072: ({}, nil=x9' * y4=x9' * y6=x9' * y7=x9' * y9=x9' * y2!=x9' * y3!=x9' * y5!=x9' * y8!=x9'), #-507709676059348300: ({}, nil=x9' * y3=x9' * y4=x9' * y5=x9' * y6=x9' * y8=x9' * y9=x9' * y2!=x9' * y7!=x9'), #3192828263479805731: ({}, nil=x9' * y1=x9' * y4=x9' * y6=x9' * y7=x9' * y9=x9' * y2!=x9' * y3!=x9' * y5!=x9' * y8!=x9'), #3755981563608497816: ({}, nil=x9' * y1=x9' * y3=x9' * y4=x9' * y9=x9' * y2!=x9' * y5!=x9' * y6!=x9' * y7!=x9' * y8!=x9'), #3655085930810958743: ({}, nil=x7' * y1=x7' * y4=x7' * y6=x7' * y7=x7' * y2!=x7' * y3!=x7' * y5!=x7' * y8!=x7' * y9!=x7'), #-98879797475612474: ({}, nil=x9' * y1=x9' * y2=x9' * y5=x9' * y6=x9' * y7=x9' * y8=x9' * y9=x9' * y3!=x9' * y4!=x9'), #3041803052596907363: ({}, nil=x8' * y2=x8' * y3=x8' * y6=x8' * y7=x8' * y8=x8' * y4!=x8' * y5!=x8' * y9!=x8'), #3127840613361333510: ({}, nil=x8' * y1=x8' * y4=x8' * y6=x8' * y7=x8' * y8=x8' * y2!=x8' * y3!=x8' * y5!=x8' * y9!=x8'), #-452427032935795683: ({}, nil=x9' * y3=x9' * y5=x9' * y6=x9' * y7=x9' * y8=x9' * y9=x9' * y2!=x9' * y4!=x9'), #3534993609190052708: ({}, nil=x9' * y4=x9' * y5=x9' * y9=x9' * y2!=x9' * y3!=x9' * y6!=x9' * y7!=x9' * y8!=x9'), #3392325736449003001: ({}, nil=x6' * y1=x6' * y2=x6' * y4=x6' * y6=x6' * y3!=x6' * y5!=x6' * y7!=x6' * y8!=x6' * y9!=x6'), #196675445910530144: ({}, nil=x9' * y2=x9' * y4=x9' * y5=x9' * y9=x9' * y3!=x9' * y6!=x9' * y7!=x9' * y8!=x9'), #-420904768856495671: ({}, nil=x8' * y2=x8' * y3=x8' * y4=x8' * y5=x8' * y6=x8' * y8=x8' * y7!=x8' * y9!=x8'), #3157503050722231512: ({}, nil=x9' * y1=x9' * y9=x9' * y2!=x9' * y3!=x9' * y4!=x9' * y5!=x9' * y6!=x9' * y7!=x9' * y8!=x9'), #-2313967412668842: ({}, nil=x9' * y1=x9' * y2=x9' * y3=x9' * y4=x9' * y5=x9' * y6=x9' * y9=x9' * y7!=x9' * y8!=x9'), #200886696330984294: ({}, nil=x9' * y2=x9' * y5=x9' * y6=x9' * y9=x9' * y3!=x9' * y4!=x9' * y7!=x9' * y8!=x9'), #3219942949066345904: ({}, nil=x9' * y1=x9' * y2=x9' * y8=x9' * y9=x9' * y3!=x9' * y4!=x9' * y5!=x9' * y6!=x9' * y7!=x9'), #3324880670793469409: ({}, nil=x9' * y1=x9' * y2=x9' * y6=x9' * y8=x9' * y9=x9' * y3!=x9' * y4!=x9' * y5!=x9' * y7!=x9'), #3050971519937484269: ({}, nil=x9' * y2=x9' * y4=x9' * y5=x9' * y6=x9' * y9=x9' * y3!=x9' * y7!=x9' * y8!=x9'), #-254101417031918709: ({}, nil=x4' * y1=x4' * y3=x4' * y4=x4' * y2!=x4' * y5!=x4' * y6!=x4' * y7!=x4' * y8!=x4' * y9!=x4'), #3560625968292162097: ({}, nil=x9' * y3=x9' * y8=x9' * y9=x9' * y2!=x9' * y4!=x9' * y5!=x9' * y6!=x9' * y7!=x9'), #-1372708434369088561: ({}, nil=x8' * y1=x8' * y2=x8' * y3=x8' * y5=x8' * y6=x8' * y8=x8' * y4!=x8' * y7!=x8' * y9!=x8'), #1309648113444986780: ({}, nil=x9' * y2=x9' * y3=x9' * y4=x9' * y6=x9' * y7=x9' * y8=x9' * y9=x9' * y5!=x9'), #1114033792143418996: ({}, nil=x9' * y1=x9' * y2=x9' * y4=x9' * y5=x9' * y8=x9' * y9=x9' * y3!=x9' * y6!=x9' * y7!=x9'), #-3555621238267808721: ({}, nil=x4' * y1=x4' * y4=x4' * y2!=x4' * y3!=x4' * y5!=x4' * y6!=x4' * y7!=x4' * y8!=x4' * y9!=x4'), #-120006788036057622: ({}, nil=x9' * y2=x9' * y4=x9' * y5=x9' * y6=x9' * y7=x9' * y9=x9' * y3!=x9' * y8!=x9'), #192244905251429555: ({}, nil=x8' * y2=x8' * y3=x8' * y5=x8' * y8=x8' * y4!=x8' * y6!=x8' * y7!=x8' * y9!=x8'), #3034883605420311680: ({}, nil=x6' * y6=x6' * y2!=x6' * y3!=x6' * y4!=x6' * y5!=x6' * y7!=x6' * y8!=x6' * y9!=x6'), #206282522101759162: ({}, nil=x8' * y4=x8' * y5=x8' * y6=x8' * y8=x8' * y2!=x8' * y3!=x8' * y7!=x8' * y9!=x8'), #3005881157282549628: ({}, nil=x6' * y2=x6' * y3=x6' * y6=x6' * y4!=x6' * y5!=x6' * y7!=x6' * y8!=x6' * y9!=x6'), #-17245778187256912: ({}, nil=x9' * y1=x9' * y2=x9' * y3=x9' * y5=x9' * y6=x9' * y8=x9' * y9=x9' * y4!=x9' * y7!=x9'), #1115587073778417126: ({}, nil=x9' * y1=x9' * y2=x9' * y5=x9' * y6=x9' * y8=x9' * y9=x9' * y3!=x9' * y4!=x9' * y7!=x9'), #-2321497284373614: ({}, nil=x9' * y1=x9' * y2=x9' * y3=x9' * y4=x9' * y6=x9' * y8=x9' * y9=x9' * y5!=x9' * y7!=x9'), #3340649936008546741: ({}, nil=x9' * y1=x9' * y5=x9' * y6=x9' * y8=x9' * y9=x9' * y2!=x9' * y3!=x9' * y4!=x9' * y7!=x9'), #3247179156052910682: ({}, nil=x9' * y2=x9' * y6=x9' * y9=x9' * y3!=x9' * y4!=x9' * y5!=x9' * y7!=x9' * y8!=x9'), #3147608648509436635: ({}, nil=x9' * y1=x9' * y3=x9' * y4=x9' * y6=x9' * y8=x9' * y9=x9' * y2!=x9' * y5!=x9' * y7!=x9'), #2166533988712767894: ({}, nil=x7' * y2=x7' * y7=x7' * y3!=x7' * y4!=x7' * y5!=x7' * y6!=x7' * y8!=x7' * y9!=x7'), #209618469044176644: ({}, nil=x8' * y5=x8' * y6=x8' * y7=x8' * y8=x8' * y2!=x8' * y3!=x8' * y4!=x8' * y9!=x8'), #-683669701708257817: ({}, nil=x5' * y5=x5' * y2!=x5' * y3!=x5' * y4!=x5' * y6!=x5' * y7!=x5' * y8!=x5' * y9!=x5'), #3534491148471359665: ({}, nil=x9' * y6=x9' * y7=x9' * y9=x9' * y2!=x9' * y3!=x9' * y4!=x9' * y5!=x9' * y8!=x9'), #3565851034633160637: ({}, nil=x8' * y3=x8' * y7=x8' * y8=x8' * y2!=x8' * y4!=x8' * y5!=x8' * y6!=x8' * y9!=x8'), #3148346916947958977: ({}, nil=x9' * y1=x9' * y3=x9' * y5=x9' * y6=x9' * y8=x9' * y9=x9' * y2!=x9' * y4!=x9' * y7!=x9'), #3130636741133480233: ({}, nil=x7' * y1=x7' * y2=x7' * y4=x7' * y6=x7' * y7=x7' * y3!=x7' * y5!=x7' * y8!=x7' * y9!=x7'), #3004552707571996821: ({}, nil=x7' * y2=x7' * y3=x7' * y5=x7' * y6=x7' * y7=x7' * y4!=x7' * y8!=x7' * y9!=x7'), #3230932363151358586: ({}, nil=x5' * y1=x5' * y2=x5' * y4=x5' * y5=x5' * y3!=x5' * y6!=x5' * y7!=x5' * y8!=x5' * y9!=x5'), #1630337528042082284: ({}, nil=x7' * y2=x7' * y3=x7' * y4=x7' * y5=x7' * y6=x7' * y7=x7' * y8!=x7' * y9!=x7'), #3340628003256375253: ({}, nil=x9' * y1=x9' * y5=x9' * y7=x9' * y8=x9' * y9=x9' * y2!=x9' * y3!=x9' * y4!=x9' * y6!=x9'), #-3749516921275820707: ({}, nil=x9' * y1=x9' * y4=x9' * y5=x9' * y6=x9' * y7=x9' * y9=x9' * y2!=x9' * y3!=x9' * y8!=x9'), #-120007136016032108: ({}, nil=x9' * y2=x9' * y4=x9' * y5=x9' * y6=x9' * y8=x9' * y9=x9' * y3!=x9' * y7!=x9'), #3535775441315309602: ({}, nil=x9' * y4=x9' * y7=x9' * y9=x9' * y2!=x9' * y3!=x9' * y5!=x9' * y6!=x9' * y8!=x9'), #3321674058438702537: ({}, nil=x9' * y1=x9' * y2=x9' * y3=x9' * y8=x9' * y9=x9' * y4!=x9' * y5!=x9' * y6!=x9' * y7!=x9'), #-287505098843275396: ({}, nil=x4' * y3=x4' * y4=x4' * y2!=x4' * y5!=x4' * y6!=x4' * y7!=x4' * y8!=x4' * y9!=x4'), #3203095573456626472: ({}, nil=x6' * y2=x6' * y4=x6' * y6=x6' * y3!=x6' * y5!=x6' * y7!=x6' * y8!=x6' * y9!=x6'), #-1285857899400592090: ({}, nil=x5' * y2=x5' * y5=x5' * y3!=x5' * y4!=x5' * y6!=x5' * y7!=x5' * y8!=x5' * y9!=x5'), #3254972794790666588: ({}, nil=x9' * y1=x9' * y3=x9' * y5=x9' * y8=x9' * y9=x9' * y2!=x9' * y4!=x9' * y6!=x9' * y7!=x9'), #3245145347068642216: ({}, nil=x7' * y2=x7' * y6=x7' * y7=x7' * y3!=x7' * y4!=x7' * y5!=x7' * y8!=x7' * y9!=x7'), #3479775569547801258: ({}, nil=x7' * y3=x7' * y5=x7' * y7=x7' * y2!=x7' * y4!=x7' * y6!=x7' * y8!=x7' * y9!=x7'), #2655931823164619433: ({}, nil=x5' * y4=x5' * y5=x5' * y2!=x5' * y3!=x5' * y6!=x5' * y7!=x5' * y8!=x5' * y9!=x5'), #201054794363170138: ({}, nil=x8' * y2=x8' * y5=x8' * y6=x8' * y8=x8' * y3!=x8' * y4!=x8' * y7!=x8' * y9!=x8'), #1114033093492844861: ({}, nil=x9' * y1=x9' * y2=x9' * y4=x9' * y5=x9' * y6=x9' * y9=x9' * y3!=x9' * y7!=x9' * y8!=x9'), #3254973122300833775: ({}, nil=x9' * y1=x9' * y3=x9' * y6=x9' * y7=x9' * y9=x9' * y2!=x9' * y4!=x9' * y5!=x9' * y8!=x9'), #199431975891040559: ({}, nil=x8' * y3=x8' * y5=x8' * y6=x8' * y8=x8' * y2!=x8' * y4!=x8' * y7!=x8' * y9!=x8'), #3119112607759088008: ({}, nil=x5' * y1=x5' * y2=x5' * y3=x5' * y5=x5' * y4!=x5' * y6!=x5' * y7!=x5' * y8!=x5' * y9!=x5'), #190943353921839536: ({}, nil=x7' * y2=x7' * y5=x7' * y6=x7' * y7=x7' * y3!=x7' * y4!=x7' * y8!=x7' * y9!=x7'), #3005253567298653048: ({}, nil=x7' * y2=x7' * y3=x7' * y4=x7' * y6=x7' * y7=x7' * y5!=x7' * y8!=x7' * y9!=x7'), #3534508837423427934: ({}, nil=x9' * y5=x9' * y7=x9' * y9=x9' * y2!=x9' * y3!=x9' * y4!=x9' * y6!=x9' * y8!=x9'), #3258236402991848156: ({}, nil=x9' * y1=x9' * y3=x9' * y4=x9' * y5=x9' * y9=x9' * y2!=x9' * y6!=x9' * y7!=x9' * y8!=x9'), #-1550305363519036093: ({}, nil=x8' * y2=x8' * y8=x8' * y3!=x8' * y4!=x8' * y5!=x8' * y6!=x8' * y7!=x8' * y9!=x8'), #240059224233546331: ({}, nil=x8' * y2=x8' * y3=x8' * y4=x8' * y8=x8' * y5!=x8' * y6!=x8' * y7!=x8' * y9!=x8'), #-1750069687242433445: ({}, nil=x7' * y1=x7' * y2=x7' * y3=x7' * y4=x7' * y5=x7' * y7=x7' * y6!=x7' * y8!=x7' * y9!=x7'), #3050913767920949486: ({}, nil=x9' * y2=x9' * y4=x9' * y6=x9' * y8=x9' * y9=x9' * y3!=x9' * y5!=x9' * y7!=x9'), #3247142648189839694: ({}, nil=x9' * y2=x9' * y8=x9' * y9=x9' * y3!=x9' * y4!=x9' * y5!=x9' * y6!=x9' * y7!=x9'), #-1801887611963077248: ({}, nil=x8' * y3=x8' * y4=x8' * y5=x8' * y6=x8' * y7=x8' * y8=x8' * y2!=x8' * y9!=x8'), #3536222029827177378: ({}, nil=x8' * y4=x8' * y6=x8' * y8=x8' * y2!=x8' * y3!=x8' * y5!=x8' * y7!=x8' * y9!=x8'), #2796336121069346702: ({}, nil=x7' * y1=x7' * y6=x7' * y7=x7' * y2!=x7' * y3!=x7' * y4!=x7' * y5!=x7' * y8!=x7' * y9!=x7'), #3488772696718858142: ({}, nil=x9' * y1=x9' * y5=x9' * y8=x9' * y9=x9' * y2!=x9' * y3!=x9' * y4!=x9' * y6!=x9' * y7!=x9'), #3035552051770967150: ({}, nil=x8' * y3=x8' * y4=x8' * y6=x8' * y7=x8' * y8=x8' * y2!=x8' * y5!=x8' * y9!=x8'), #-1800153781375609394: ({}, nil!=y1 * nil!=y2 * nil!=y3 * nil!=y4 * nil!=y5 * nil!=y6 * nil!=y7 * nil!=y8 * nil!=y9), #3042435981832673210: ({}, nil=x8' * y2=x8' * y3=x8' * y5=x8' * y7=x8' * y8=x8' * y4!=x8' * y6!=x8' * y9!=x8'), #193497383067684537: ({}, nil=x9' * y2=x9' * y3=x9' * y6=x9' * y9=x9' * y4!=x9' * y5!=x9' * y7!=x9' * y8!=x9'), #3534511521267284504: ({}, nil=x9' * y7=x9' * y8=x9' * y9=x9' * y2!=x9' * y3!=x9' * y4!=x9' * y5!=x9' * y6!=x9'), #2125060344557621874: ({}, nil=x9' * y7=x9' * y9=x9' * y2!=x9' * y3!=x9' * y4!=x9' * y5!=x9' * y6!=x9' * y8!=x9'), #3050864984584845208: ({}, nil=x9' * y2=x9' * y3=x9' * y5=x9' * y7=x9' * y9=x9' * y4!=x9' * y6!=x9' * y8!=x9'), #3035329434409475047: ({}, nil=x6' * y1=x6' * y6=x6' * y2!=x6' * y3!=x6' * y4!=x6' * y5!=x6' * y7!=x6' * y8!=x6' * y9!=x6'), #1571802063773985099: ({}, nil=x9' * y2=x9' * y3=x9' * y5=x9' * y6=x9' * y7=x9' * y8=x9' * y9=x9' * y4!=x9'), #208506881069394101: ({}, nil=x9' * y3=x9' * y4=x9' * y7=x9' * y9=x9' * y2!=x9' * y5!=x9' * y6!=x9' * y8!=x9'), #214958074895142250: ({}, nil=x9' * y5=x9' * y6=x9' * y7=x9' * y9=x9' * y2!=x9' * y3!=x9' * y4!=x9' * y8!=x9'), #-1344671807572264362: ({}, nil=x8' * y1=x8' * y3=x8' * y5=x8' * y6=x8' * y7=x8' * y8=x8' * y2!=x8' * y4!=x8' * y9!=x8'), #3127857416696144701: ({}, nil=x8' * y1=x8' * y4=x8' * y5=x8' * y6=x8' * y8=x8' * y2!=x8' * y3!=x8' * y7!=x8' * y9!=x8'), #3488080617363073684: ({}, nil=x7' * y5=x7' * y6=x7' * y7=x7' * y2!=x7' * y3!=x7' * y4!=x7' * y8!=x7' * y9!=x7'), #-1371538525961014745: ({}, nil=x8' * y1=x8' * y2=x8' * y3=x8' * y4=x8' * y5=x8' * y8=x8' * y6!=x8' * y7!=x8' * y9!=x8'), #3565988146844910240: ({}, nil=x8' * y3=x8' * y5=x8' * y8=x8' * y2!=x8' * y4!=x8' * y6!=x8' * y7!=x8' * y9!=x8'), #3866752967282847683: ({}, nil=x9' * y3=x9' * y4=x9' * y9=x9' * y2!=x9' * y5!=x9' * y6!=x9' * y7!=x9' * y8!=x9'), #3327722539888814707: ({}, nil=x6' * y1=x6' * y2=x6' * y3=x6' * y5=x6' * y6=x6' * y4!=x6' * y7!=x6' * y8!=x6' * y9!=x6'), #3486386485815001832: ({}, nil=x9' * y1=x9' * y4=x9' * y7=x9' * y9=x9' * y2!=x9' * y3!=x9' * y5!=x9' * y6!=x9' * y8!=x9'), #3219985383622718278: ({}, nil=x9' * y1=x9' * y2=x9' * y6=x9' * y9=x9' * y3!=x9' * y4!=x9' * y5!=x9' * y7!=x9' * y8!=x9'), #3042080436066367543: ({}, nil=x8' * y2=x8' * y4=x8' * y6=x8' * y7=x8' * y8=x8' * y3!=x8' * y5!=x8' * y9!=x8'), #-3126454861898603097: ({}, nil=x9' * y1=x9' * y3=x9' * y4=x9' * y5=x9' * y6=x9' * y8=x9' * y9=x9' * y2!=x9' * y7!=x9'), #-2327979363923783: ({}, nil=x9' * y1=x9' * y2=x9' * y3=x9' * y4=x9' * y5=x9' * y7=x9' * y9=x9' * y6!=x9' * y8!=x9'), #3157332307847555055: ({}, nil=x9' * y9=x9' * y2!=x9' * y3!=x9' * y4!=x9' * y5!=x9' * y6!=x9' * y7!=x9' * y8!=x9'), #193201258475677487: ({}, nil=x7' * y2=x7' * y4=x7' * y5=x7' * y7=x7' * y3!=x7' * y6!=x7' * y8!=x7' * y9!=x7'), #1112407422309240980: ({}, nil=x9' * y1=x9' * y2=x9' * y3=x9' * y6=x9' * y7=x9' * y9=x9' * y4!=x9' * y5!=x9' * y8!=x9'), #200087513281962169: ({}, nil=x9' * y3=x9' * y6=x9' * y8=x9' * y9=x9' * y2!=x9' * y4!=x9' * y5!=x9' * y7!=x9'), #204634839920352657: ({}, nil=x9' * y4=x9' * y5=x9' * y7=x9' * y9=x9' * y2!=x9' * y3!=x9' * y6!=x9' * y8!=x9'), #3117401445124277462: ({}, nil=x8' * y1=x8' * y3=x8' * y5=x8' * y6=x8' * y8=x8' * y2!=x8' * y4!=x8' * y7!=x8' * y9!=x8'), #-4610878628712876997: ({}, nil=x4' * y2=x4' * y3=x4' * y4=x4' * y5!=x4' * y6!=x4' * y7!=x4' * y8!=x4' * y9!=x4'), #208938748118582782: ({}, nil=x8' * y3=x8' * y4=x8' * y5=x8' * y8=x8' * y2!=x8' * y6!=x8' * y7!=x8' * y9!=x8'), #210454359343898390: ({}, nil=x7' * y3=x7' * y4=x7' * y6=x7' * y7=x7' * y2!=x7' * y5!=x7' * y8!=x7' * y9!=x7'), #3479823900861328013: ({}, nil=x7' * y3=x7' * y6=x7' * y7=x7' * y2!=x7' * y4!=x7' * y5!=x7' * y8!=x7' * y9!=x7'), #2127631990110340065: ({}, nil=x9' * y1=x9' * y7=x9' * y9=x9' * y2!=x9' * y3!=x9' * y4!=x9' * y5!=x9' * y6!=x9' * y8!=x9'), #3159118914562611881: ({}, nil=x8' * y1=x8' * y2=x8' * y3=x8' * y4=x8' * y8=x8' * y5!=x8' * y6!=x8' * y7!=x8' * y9!=x8'), #-17234745813657586: ({}, nil=x9' * y1=x9' * y2=x9' * y3=x9' * y5=x9' * y6=x9' * y7=x9' * y9=x9' * y4!=x9' * y8!=x9'), #3324807842578894866: ({}, nil=x9' * y1=x9' * y2=x9' * y5=x9' * y8=x9' * y9=x9' * y3!=x9' * y4!=x9' * y6!=x9' * y7!=x9'), #-3749553817238012387: ({}, nil=x9' * y1=x9' * y4=x9' * y6=x9' * y7=x9' * y8=x9' * y9=x9' * y2!=x9' * y3!=x9' * y5!=x9'), #-116979390232906485: ({}, nil=x9' * y2=x9' * y3=x9' * y5=x9' * y6=x9' * y7=x9' * y9=x9' * y4!=x9' * y8!=x9'), #2026927599855118580: ({}, nil=x9' * y4=x9' * y9=x9' * y2!=x9' * y3!=x9' * y5!=x9' * y6!=x9' * y7!=x9' * y8!=x9'), #-4096787794081191577: ({}, nil=x7' * y7=x7' * y2!=x7' * y3!=x7' * y4!=x7' * y5!=x7' * y6!=x7' * y8!=x7' * y9!=x7'), #3147619671775178766: ({}, nil=x9' * y1=x9' * y3=x9' * y4=x9' * y5=x9' * y7=x9' * y9=x9' * y2!=x9' * y6!=x9' * y8!=x9'), #-420918783113965970: ({}, nil=x8' * y2=x8' * y3=x8' * y4=x8' * y5=x8' * y7=x8' * y8=x8' * y6!=x8' * y9!=x8'), #3419543112974634731: ({}, nil=x6' * y1=x6' * y2=x6' * y5=x6' * y6=x6' * y3!=x6' * y4!=x6' * y7!=x6' * y8!=x6' * y9!=x6'), #-3126442023550763823: ({}, nil=x9' * y1=x9' * y3=x9' * y4=x9' * y5=x9' * y7=x9' * y8=x9' * y9=x9' * y2!=x9' * y6!=x9'), #2794424254476218691: ({}, nil=x7' * y5=x7' * y7=x7' * y2!=x7' * y3!=x7' * y4!=x7' * y6!=x7' * y8!=x7' * y9!=x7'), #3677956501837557143: ({}, nil=x6' * y1=x6' * y4=x6' * y5=x6' * y6=x6' * y2!=x6' * y3!=x6' * y7!=x6' * y8!=x6' * y9!=x6'), #3254972524905313576: ({}, nil=x9' * y1=x9' * y3=x9' * y5=x9' * y6=x9' * y9=x9' * y2!=x9' * y4!=x9' * y7!=x9' * y8!=x9'), #828985249419415829: ({}, nil=x9' * y3=x9' * y9=x9' * y2!=x9' * y4!=x9' * y5!=x9' * y6!=x9' * y7!=x9' * y8!=x9'), #-115320957289090091: ({}, nil=x9' * y2=x9' * y3=x9' * y4=x9' * y6=x9' * y8=x9' * y9=x9' * y5!=x9' * y7!=x9'), #3486710703793492345: ({}, nil=x9' * y1=x9' * y4=x9' * y5=x9' * y9=x9' * y2!=x9' * y3!=x9' * y6!=x9' * y7!=x9' * y8!=x9'), #3119307285050291486: ({}, nil=x8' * y1=x8' * y2=x8' * y5=x8' * y7=x8' * y8=x8' * y3!=x8' * y4!=x8' * y6!=x8' * y9!=x8'), #3071960997251701657: ({}, nil=x7' * y3=x7' * y4=x7' * y5=x7' * y6=x7' * y7=x7' * y2!=x7' * y8!=x7' * y9!=x7'), #3602418025649523185: ({}, nil=x8' * y5=x8' * y6=x8' * y8=x8' * y2!=x8' * y3!=x8' * y4!=x8' * y7!=x8' * y9!=x8'), #2739977833476593512: ({}, nil=x7' * y1=x7' * y4=x7' * y7=x7' * y2!=x7' * y3!=x7' * y5!=x7' * y6!=x7' * y8!=x7' * y9!=x7'), #3489774741098839811: ({}, nil=x7' * y4=x7' * y5=x7' * y7=x7' * y2!=x7' * y3!=x7' * y6!=x7' * y8!=x7' * y9!=x7'), #-270184079982002660: ({}, nil=x9' * y1=x9' * y3=x9' * y4=x9' * y5=x9' * y6=x9' * y7=x9' * y8=x9' * y9=x9' * y2!=x9'), #3128703686545257683: ({}, nil=x7' * y1=x7' * y2=x7' * y3=x7' * y6=x7' * y7=x7' * y4!=x7' * y5!=x7' * y8!=x7' * y9!=x7'), #3602588972449335435: ({}, nil=x8' * y6=x8' * y7=x8' * y8=x8' * y2!=x8' * y3!=x8' * y4!=x8' * y5!=x8' * y9!=x8'), #1112542020181769952: ({}, nil=x9' * y1=x9' * y2=x9' * y3=x9' * y5=x9' * y8=x9' * y9=x9' * y4!=x9' * y6!=x9' * y7!=x9'), #3112744786613599518: ({}, nil=y7 * y1=y7 * y2=y7 * y3=y7 * y4=y7 * y5=y7 * y6=y7 * y7!=y8 * y7!=y9), #3122542102279416655: ({}, nil=x9' * y4=x9' * y6=x9' * y7=x9' * y8=x9' * y9=x9' * y2!=x9' * y3!=x9' * y5!=x9'), #-1437172182576753742: ({}, nil=x6' * y2=x6' * y6=x6' * y3!=x6' * y4!=x6' * y5!=x6' * y7!=x6' * y8!=x6' * y9!=x6'), #-354288525930184380: ({}, nil=x8' * y7=x8' * y8=x8' * y2!=x8' * y3!=x8' * y4!=x8' * y5!=x8' * y6!=x8' * y9!=x8'), #-121482814022247570: ({}, nil=x9' * y1=x9' * y2=x9' * y4=x9' * y5=x9' * y6=x9' * y8=x9' * y9=x9' * y3!=x9' * y7!=x9'), #3479927617546504047: ({}, nil=x8' * y1=x8' * y3=x8' * y5=x8' * y8=x8' * y2!=x8' * y4!=x8' * y6!=x8' * y7!=x8' * y9!=x8'), #3488772575772758435: ({}, nil=x9' * y1=x9' * y5=x9' * y6=x9' * y9=x9' * y2!=x9' * y3!=x9' * y4!=x9' * y7!=x9' * y8!=x9'), #3129213456030434506: ({}, nil=x7' * y1=x7' * y3=x7' * y4=x7' * y5=x7' * y7=x7' * y2!=x7' * y6!=x7' * y8!=x7' * y9!=x7'), #3441791840583201508: ({}, nil=x6' * y5=x6' * y6=x6' * y2!=x6' * y3!=x6' * y4!=x6' * y7!=x6' * y8!=x6' * y9!=x6'), #3147814121811900233: ({}, nil=x9' * y1=x9' * y3=x9' * y4=x9' * y5=x9' * y6=x9' * y9=x9' * y2!=x9' * y7!=x9' * y8!=x9'), #1112407508298101808: ({}, nil=x9' * y1=x9' * y2=x9' * y3=x9' * y6=x9' * y8=x9' * y9=x9' * y4!=x9' * y5!=x9' * y7!=x9'), #-1408337477857843034: ({}, nil=x6' * y1=x6' * y2=x6' * y6=x6' * y3!=x6' * y4!=x6' * y5!=x6' * y7!=x6' * y8!=x6' * y9!=x6'), #3117312376907388816: ({}, nil=x7' * y2=x7' * y3=x7' * y7=x7' * y4!=x7' * y5!=x7' * y6!=x7' * y8!=x7' * y9!=x7'), #3482425558872003922: ({}, nil=x5' * y1=x5' * y3=x5' * y4=x5' * y5=x5' * y2!=x5' * y6!=x5' * y7!=x5' * y8!=x5' * y9!=x5'), #3192787836502796418: ({}, nil=x9' * y1=x9' * y4=x9' * y5=x9' * y8=x9' * y9=x9' * y2!=x9' * y3!=x9' * y6!=x9' * y7!=x9'), #-3555855047701744639: ({}, nil=x4' * y4=x4' * y2!=x4' * y3!=x4' * y5!=x4' * y6!=x4' * y7!=x4' * y8!=x4' * y9!=x4'), #3043190202820433860: ({}, nil=x8' * y2=x8' * y3=x8' * y4=x8' * y7=x8' * y8=x8' * y5!=x8' * y6!=x8' * y9!=x8'), #-1284126638570389385: ({}, nil=x5' * y1=x5' * y2=x5' * y5=x5' * y3!=x5' * y4!=x5' * y6!=x5' * y7!=x5' * y8!=x5' * y9!=x5'), #3258284332693060544: ({}, nil=x9' * y1=x9' * y3=x9' * y4=x9' * y7=x9' * y9=x9' * y2!=x9' * y5!=x9' * y6!=x9' * y8!=x9'), #-1372519331187866198: ({}, nil=x8' * y1=x8' * y2=x8' * y3=x8' * y5=x8' * y7=x8' * y8=x8' * y4!=x8' * y6!=x8' * y9!=x8'), #-116983075355206201: ({}, nil=x9' * y2=x9' * y3=x9' * y5=x9' * y7=x9' * y8=x9' * y9=x9' * y4!=x9' * y6!=x9'), #3308580296107705477: ({}, nil=x8' * y2=x8' * y6=x8' * y8=x8' * y3!=x8' * y4!=x8' * y5!=x8' * y7!=x8' * y9!=x8'), #3050913950988017125: ({}, nil=x9' * y2=x9' * y4=x9' * y7=x9' * y8=x9' * y9=x9' * y3!=x9' * y5!=x9' * y6!=x9'), #1310599951842351184: ({}, nil=x9' * y2=x9' * y3=x9' * y4=x9' * y5=x9' * y6=x9' * y8=x9' * y9=x9' * y7!=x9'), #3252485358096464248: ({}, nil=x6' * y2=x6' * y3=x6' * y4=x6' * y5=x6' * y6=x6' * y7!=x6' * y8!=x6' * y9!=x6'), #3119309568022858647: ({}, nil=x8' * y1=x8' * y2=x8' * y6=x8' * y7=x8' * y8=x8' * y3!=x8' * y4!=x8' * y5!=x8' * y9!=x8'), #3232565894887970120: ({}, nil=x9' * y5=x9' * y6=x9' * y7=x9' * y8=x9' * y9=x9' * y2!=x9' * y3!=x9' * y4!=x9'), #3506785061813816486: ({}, nil=x6' * y4=x6' * y5=x6' * y6=x6' * y2!=x6' * y3!=x6' * y7!=x6' * y8!=x6' * y9!=x6'), #1114027032562423689: ({}, nil=x9' * y1=x9' * y2=x9' * y4=x9' * y6=x9' * y7=x9' * y9=x9' * y3!=x9' * y5!=x9' * y8!=x9'), #3048120987248322436: ({}, nil=x9' * y3=x9' * y4=x9' * y6=x9' * y8=x9' * y9=x9' * y2!=x9' * y5!=x9' * y7!=x9'), #1113766126815567064: ({}, nil=x9' * y1=x9' * y2=x9' * y3=x9' * y4=x9' * y6=x9' * y9=x9' * y5!=x9' * y7!=x9' * y8!=x9'), #3479243522378936266: ({}, nil=x8' * y1=x8' * y4=x8' * y7=x8' * y8=x8' * y2!=x8' * y3!=x8' * y5!=x8' * y6!=x8' * y9!=x8'), #3152703295582415310: ({}, nil=x7' * y1=x7' * y2=x7' * y3=x7' * y4=x7' * y7=x7' * y5!=x7' * y6!=x7' * y8!=x7' * y9!=x7'), #213320786731078344: ({}, nil=x7' * y2=x7' * y3=x7' * y4=x7' * y7=x7' * y5!=x7' * y6!=x7' * y8!=x7' * y9!=x7'), #-1395652851612826782: ({}, nil=x8' * y1=x8' * y2=x8' * y4=x8' * y6=x8' * y7=x8' * y8=x8' * y3!=x8' * y5!=x8' * y9!=x8'), #-2221591149522593914: ({}, nil=x9' * y1=x9' * y2=x9' * y3=x9' * y4=x9' * y5=x9' * y6=x9' * y8=x9' * y9=x9' * y7!=x9'), #1138195928924165775: ({}, nil=x9' * y1=x9' * y5=x9' * y6=x9' * y7=x9' * y8=x9' * y9=x9' * y2!=x9' * y3!=x9' * y4!=x9'), #3536305504489771192: ({}, nil=x8' * y4=x8' * y5=x8' * y8=x8' * y2!=x8' * y3!=x8' * y6!=x8' * y7!=x8' * y9!=x8'), #3479245105125708562: ({}, nil=x8' * y1=x8' * y4=x8' * y6=x8' * y8=x8' * y2!=x8' * y3!=x8' * y5!=x8' * y7!=x8' * y9!=x8'), #3122577042766925069: ({}, nil=x9' * y4=x9' * y5=x9' * y6=x9' * y7=x9' * y9=x9' * y2!=x9' * y3!=x9' * y8!=x9'), #3534510668883967670: ({}, nil=x9' * y5=x9' * y8=x9' * y9=x9' * y2!=x9' * y3!=x9' * y4!=x9' * y6!=x9' * y7!=x9'), #-3116858207965207554: ({}, nil=x8' * y1=x8' * y2=x8' * y3=x8' * y4=x8' * y5=x8' * y6=x8' * y8=x8' * y7!=x8' * y9!=x8'), #2113639540435321209: ({}, nil=x3' * y1=x3' * y3=x3' * y2!=x3' * y4!=x3' * y5!=x3' * y6!=x3' * y7!=x3' * y8!=x3' * y9!=x3'), #-1344962504874946264: ({}, nil=x8' * y1=x8' * y3=x8' * y4=x8' * y6=x8' * y7=x8' * y8=x8' * y2!=x8' * y5!=x8' * y9!=x8'), #3488772741910962599: ({}, nil=x9' * y1=x9' * y5=x9' * y7=x9' * y9=x9' * y2!=x9' * y3!=x9' * y4!=x9' * y6!=x9' * y8!=x9'), #3052037528665860975: ({}, nil=x9' * y2=x9' * y3=x9' * y4=x9' * y7=x9' * y9=x9' * y5!=x9' * y6!=x9' * y8!=x9'), #3478100636532183675: ({}, nil=x8' * y1=x8' * y3=x8' * y7=x8' * y8=x8' * y2!=x8' * y4!=x8' * y5!=x8' * y6!=x8' * y9!=x8'), #-17234214203064675: ({}, nil=x9' * y1=x9' * y2=x9' * y3=x9' * y5=x9' * y7=x9' * y8=x9' * y9=x9' * y4!=x9' * y6!=x9'), #-2221973880569579768: ({}, nil=x9' * y1=x9' * y2=x9' * y3=x9' * y4=x9' * y6=x9' * y7=x9' * y8=x9' * y9=x9' * y5!=x9'), #191732100296314806: ({}, nil=x7' * y2=x7' * y4=x7' * y6=x7' * y7=x7' * y3!=x7' * y5!=x7' * y8!=x7' * y9!=x7'), #3147613885755236422: ({}, nil=x9' * y1=x9' * y3=x9' * y4=x9' * y7=x9' * y8=x9' * y9=x9' * y2!=x9' * y5!=x9' * y6!=x9'), #200886766713568602: ({}, nil=x9' * y2=x9' * y5=x9' * y7=x9' * y9=x9' * y3!=x9' * y4!=x9' * y6!=x9' * y8!=x9'), #221978968640877685: ({}, nil=x9' * y2=x9' * y3=x9' * y4=x9' * y9=x9' * y5!=x9' * y6!=x9' * y7!=x9' * y8!=x9')
zero(y1) * zero(y2) * zero(y3) * zero(y4) * zero(y5) * zero(y6) * zero(y7) * zero(y8) * zero(y9) => Q(y1,y2,y3,y4,y5,y6,y7,y8,y9) has base #2367008602884106433: ({}, nil=y9 * y1=y9 * y2=y9 * y3=y9 * y4=y9 * y5=y9 * y6=y9 * y7=y9 * y8=y9)
nil!=x => one(x) has base #88126586233761: ({}, nil!=x)
nil=x => zero(x) has base #89862935931918: ({}, nil=x)
x2=y2 * one(y1) * zero(x1) => succ2rec(x1,x2,y1,y2) has base #95376218137122: ({}, nil=x1 * x2=y2 * x1!=y1)
x2=y2 * x3=y3 * one(y1) * zero(x1) => succ3rec(x1,x2,x3,y1,y2,y3) has base #179484244811094: ({}, nil=x1 * x2=y2 * x3=y3 * x1!=y1)
x2=y2 * x3=y3 * x4=y4 * one(y1) * zero(x1) => succ4rec(x1,x2,x3,x4,y1,y2,y3,y4) has base #3011035819388766: ({}, nil=x1 * x2=y2 * x3=y3 * x4=y4 * x1!=y1)
x2=y2 * x3=y3 * x4=y4 * x5=y5 * one(y1) * zero(x1) => succ5rec(x1,x2,x3,x4,x5,y1,y2,y3,y4,y5) has base #91321959016608694: ({}, nil=x1 * x2=y2 * x3=y3 * x4=y4 * x5=y5 * x1!=y1)
x2=y2 * x3=y3 * x4=y4 * x5=y5 * x6=y6 * one(y1) * zero(x1) => succ6rec(x1,x2,x3,x4,x5,x6,y1,y2,y3,y4,y5,y6) has base #2995326598647189018: ({}, nil=x1 * x2=y2 * x3=y3 * x4=y4 * x5=y5 * x6=y6 * x1!=y1)
x2=y2 * x3=y3 * x4=y4 * x5=y5 * x6=y6 * x7=y7 * one(y1) * zero(x1) => succ7rec(x1,x2,x3,x4,x5,x6,x7,y1,y2,y3,y4,y5,y6,y7) has base #1520694955970153557: ({}, nil=x1 * x2=y2 * x3=y3 * x4=y4 * x5=y5 * x6=y6 * x7=y7 * x1!=y1)
x2=y2 * x3=y3 * x4=y4 * x5=y5 * x6=y6 * x7=y7 * x8=y8 * one(y1) * zero(x1) => succ8rec(x1,x2,x3,x4,x5,x6,x7,x8,y1,y2,y3,y4,y5,y6,y7,y8) has base #4437617073566065953: ({}, nil=x1 * x2=y2 * x3=y3 * x4=y4 * x5=y5 * x6=y6 * x7=y7 * x8=y8 * x1!=y1)
x2=y2 * x3=y3 * x4=y4 * x5=y5 * x6=y6 * x7=y7 * x8=y8 * x9=y9 * one(y1) * zero(x1) => succ9rec(x1,x2,x3,x4,x5,x6,x7,x8,x9,y1,y2,y3,y4,y5,y6,y7,y8,y9) has base #-28254461154122765: ({}, nil=x1 * x2=y2 * x3=y3 * x4=y4 * x5=y5 * x6=y6 * x7=y7 * x8=y8 * x9=y9 * x1!=y1)
SAT: All predicates have a non-empty base.

