=== cyclist-sl-01.1
$ cyclist sl prove -S 'x->y * RList(y,z) |- RList(x,z)' -p -t 60
exit: 0
0:
nil!=x * x->y * RList[0](y, z) |- RList[0'](x, z) (RList R.Unf.) [1 <
                                                                  {(0, 0)}/
                                                                  {}>]
  1:
  nil!=x * x->y * RList[0](y, z) |-
  [1' < 0'] : nil!=w' * w'->z * RList[1'](x, w') (UBound Intro) [2 <{(0, 0)}/
                                                                 {}>]
    2:
    nil!=x * x->y * RList[0](y, z) |- nil!=w' * w'->z * RList[1'](x, w') (RList L.Unf./LHS Inst.,LHS Inst.) [
    3 <{(0, 0)}/{(0, 1)}>, 4 <{(0, 0)}/{(0, 1)}>]
      3:
      [1 < 0] : nil!=y * nil!=x * y!=x * y->z * x->y |-
      nil!=w' * w'->z * RList[1'](x, w') (RList R.Unf./Simplify) [5 <
                                                                  {(1, 1),
                                                                  (0, 0)}/
                                                                  {}>]
        5:
        [1 < 0] : nil!=y * nil!=x * y!=x * y->z * x->y |-
        nil!=w' * x!=w' * x->w' * w'->z (Id)
      4:
      [1 < 0] : nil!=x * nil!=w * x!=w * x->y * w->z * RList[1](y, w) |-
      nil!=w' * w'->z * RList[1'](x, w') (Lemma.App) [6 <{(1, 1), (0, 0)}/{}>,
      7 <{(1, 1), (0, 0)}/{(0, 1)}>]
        6:
        [1 < 0] : nil!=x * nil!=w * x!=w * x->y * RList[1](y, w) |-
        RList[0'](x, w) (Weaken) [8 <{(1, 1)}/{}>]
          8:
          nil!=x * x->y * RList[1](y, w) |- RList[0'](x, w) (Subst) [
          9 <{(1, 0)}/{}>]
            9:
            nil!=x * x->y * RList[0](y, z) |- RList[0'](x, z) (Backl) [0] <pre=
            {(0, 0)}>
        7:
        [1 < 0] : nil!=x * nil!=w * x!=w * w->z * RList[0'](x, w) |-
        nil!=w' * w'->z * RList[1'](x, w') (Id)

=== cyclist-sl-01.2
$ cyclist sl prove -S 'x->y * RList[a](y,z) |- [a] < [b'"'"'] : RList[b'"'"'](x,z)' -p -t 60
exit: 0
0:
nil!=x * x->y * RList[a](y, z) |- [a < b'] : RList[b'](x, z) (RList R.Unf.) [
1 <{(a, a)}/{}>]
  1:
  nil!=x * x->y * RList[a](y, z) |-
  [0' < b'; a < b'] : nil!=w' * w'->z * RList[0'](x, w') (UBound Intro) [
  2 <{(a, a)}/{}>]
    2:
    nil!=x * x->y * RList[a](y, z) |- nil!=w' * w'->z * RList[0'](x, w') (RList L.Unf./LHS Inst.,LHS Inst.) [
    3 <{(a, a)}/{(a, 0)}>, 4 <{(a, a)}/{(a, 0)}>]
      3:
      [0 < a] : nil!=y * nil!=x * y!=x * y->z * x->y |-
      nil!=w' * w'->z * RList[0'](x, w') (RList R.Unf./Simplify) [5 <
                                                                  {(0, 0),
                                                                  (a, a)}/
                                                                  {}>]
        5:
        [0 < a] : nil!=y * nil!=x * y!=x * y->z * x->y |-
        nil!=w' * x!=w' * x->w' * w'->z (Id)
      4:
      [0 < a] : nil!=x * nil!=w * x!=w * x->y * w->z * RList[0](y, w) |-
      nil!=w' * w'->z * RList[0'](x, w') (Lemma.App) [6 <{(0, 0), (a, a)}/{}>,
      7 <{(0, 0), (a, a)}/{(a, 0)}>]
        6:
        [0 < a] : nil!=x * nil!=w * x!=w * x->y * RList[0](y, w) |-
        [0 < b'] : RList[b'](x, w) (Weaken) [8 <{(0, 0)}/{}>]
          8:
          nil!=x * x->y * RList[0](y, w) |- [0 < b'] : RList[b'](x, w) (Subst) [
          9 <{(0, a)}/{}>]
            9:
            nil!=x * x->y * RList[a](y, z) |- [a < b'] : RList[b'](x, z) (Backl) [0] <pre=
            {(a, a)}>
        7:
        [0 < a; 0 < b'] : nil!=x * nil!=w * x!=w * w->z * RList[b'](x, w) |-
        nil!=w' * w'->z * RList[0'](x, w') (Id)

=== cyclist-sl-01.3
$ cyclist sl prove -S '[a] < [b] : x->y * RList[a](y,z) |- RList[b](x,z)' -p -t 60
exit: 0
0:
[a < b] : nil!=x * x->y * RList[a](y, z) |- RList[b](x, z) (RList R.Unf.) [
1 <{(a, a), (b, b)}/{}>]
  1:
  [a < b] : nil!=x * x->y * RList[a](y, z) |-
  [0' < b] : nil!=w' * w'->z * RList[0'](x, w') (Inst.Tag (Match)/Simplify) [
  2 <{(a, a), (b, b)}/{}>]
    2:
    [a < b] : nil!=x * x->y * RList[a](y, z) |-
    nil!=w' * w'->z * RList[a](x, w') (RList L.Unf./LHS Inst.,LHS Inst.) [
    3 <{(a, a), (b, b)}/{(a, 0), (b, 0), (b, a)}>,
    4 <{(a, a), (b, b)}/{(a, 0), (b, 0), (b, a)}>]
      3:
      [0 < a; a < b] : nil!=y * nil!=x * y!=x * y->z * x->y |-
      nil!=w' * w'->z * RList[a](x, w') (RList R.Unf./Simplify) [5 <{
                                                                    (0, 0),
                                                                    (a, a),
                                                                    (b, b)}/
                                                                 {}>]
        5:
        [0 < a; a < b] : nil!=y * nil!=x * y!=x * y->z * x->y |-
        nil!=w' * x!=w' * x->w' * w'->z (Id)
      4:
      [0 < a; a < b] : nil!=x * nil!=w * x!=w * x->y * w->z * RList[0](y, w) |-
      nil!=w' * w'->z * RList[a](x, w') (Lemma.App) [6 <{(0, 0), (a, a),
                                                        (b, b)}/{}>,
      7 <{(0, 0), (a, a), (b, b)}/{(a, 0), (b, 0), (b, a)}>]
        6:
        [0 < a; a < b] : nil!=x * nil!=w * x!=w * x->y * RList[0](y, w) |-
        RList[a](x, w) (Weaken) [8 <{(0, 0), (a, a)}/{}>]
          8:
          [0 < a] : nil!=x * x->y * RList[0](y, w) |- RList[a](x, w) (Subst) [
          9 <{(0, a), (a, b)}/{}>]
            9:
            [a < b] : nil!=x * x->y * RList[a](y, z) |- RList[b](x, z) (Backl) [0] <pre=
            {(a, a), (b, b)}>
        7:
        [0 < a; a < b] : nil!=x * nil!=w * x!=w * w->z * RList[a](x, w) |-
        nil!=w' * w'->z * RList[a](x, w') (Id)

=== cyclist-sl-02.1
$ cyclist sl prove -S 'RList(x,y) * RList(y,z) |- RList(x,z)' -p -t 60
exit: 0
0:
RList[1](y, z) * RList[0](x, y) |- RList[0'](x, z) (RList R.Unf.) [1 <
                                                                   {(1, 1),
                                                                   (0, 0)}/
                                                                   {}>]
  1:
  RList[1](y, z) * RList[0](x, y) |-
  [1' < 0'] : nil!=w' * w'->z * RList[1'](x, w') (UBound Intro) [2 <{
                                                                    (1, 1),
                                                                    (0, 0)}/
                                                                 {}>]
    2:
    RList[1](y, z) * RList[0](x, y) |- nil!=w' * w'->z * RList[1'](x, w') (RList L.Unf./LHS Inst.,LHS Inst.) [
    3 <{(1, 1), (0, 0)}/{(1, 2)}>, 4 <{(1, 1), (0, 0)}/{(1, 2)}>]
      3:
      [2 < 1] : nil!=y * y->z * RList[0](x, y) |-
      nil!=w' * w'->z * RList[1'](x, w') (Id)
      4:
      [2 < 1] : nil!=w * w->z * RList[2](y, w) * RList[0](x, y) |-
      nil!=w' * w'->z * RList[1'](x, w') (Lemma.App) [5 <{(2, 2), (1, 1),
                                                         (0, 0)}/{}>,
      6 <{(2, 2), (1, 1)}/{(1, 2)}>]
        5:
        [2 < 1] : nil!=w * RList[2](y, w) * RList[0](x, y) |- RList[0'](x, w) (Weaken) [
        7 <{(2, 2), (0, 0)}/{}>]
          7:
          RList[2](y, w) * RList[0](x, y) |- RList[0'](x, w) (Subst) [
          8 <{(2, 1), (0, 0)}/{}>]
            8:
            RList[1](y, z) * RList[0](x, y) |- RList[0'](x, z) (Backl) [0] <pre=
            {(1, 1), (0, 0)}>
        6:
        [2 < 1] : nil!=w * w->z * RList[0'](x, w) |-
        nil!=w' * w'->z * RList[1'](x, w') (Id)

=== cyclist-sl-02.2
$ cyclist sl prove -S 'RList[a](x,y) * RList[b](y,z) |- [a] < [c'"'"'], [b] < [c'"'"'] : RList[c'"'"'](x,z)' -p -t 60
exit: 0
0:
RList[a](x, y) * RList[b](y, z) |- [a < c'; b < c'] : RList[c'](x, z) (RList R.Unf.) [
1 <{(a, a), (b, b)}/{}>]
  1:
  RList[a](x, y) * RList[b](y, z) |-
  [0' < c'; a < c'; b < c'] : nil!=w' * w'->z * RList[0'](x, w') (UBound Intro) [
  2 <{(a, a), (b, b)}/{}>]
    2:
    RList[a](x, y) * RList[b](y, z) |- nil!=w' * w'->z * RList[0'](x, w') (RList L.Unf./LHS Inst.,LHS Inst.) [
    3 <{(a, a), (b, b)}/{(b, 0)}>, 4 <{(a, a), (b, b)}/{(b, 0)}>]
      3:
      [0 < b] : nil!=y * y->z * RList[a](x, y) |-
      nil!=w' * w'->z * RList[0'](x, w') (Id)
      4:
      [0 < b] : nil!=w * w->z * RList[0](y, w) * RList[a](x, y) |-
      nil!=w' * w'->z * RList[0'](x, w') (Lemma.App) [5 <{(0, 0), (a, a),
                                                         (b, b)}/{}>,
      6 <{(0, 0), (a, a), (b, b)}/{(b, 0)}>]
        5:
        [0 < b] : nil!=w * RList[0](y, w) * RList[a](x, y) |-
        [0 < c'; a < c'] : RList[c'](x, w) (Weaken) [7 <{(0, 0), (a, a)}/{}>]
          7:
          RList[0](y, w) * RList[a](x, y) |-
          [0 < c'; a < c'] : RList[c'](x, w) (Subst) [8 <{(0, b), (a, a)}/{}>]
            8:
            RList[a](x, y) * RList[b](y, z) |-
            [a < c'; b < c'] : RList[c'](x, z) (Backl) [0] <pre={(a, a),
                                                                (b, b)}>
        6:
        [0 < b; 0 < c'; a < c'] : nil!=w * w->z * RList[c'](x, w) |-
        nil!=w' * w'->z * RList[0'](x, w') (Id)

=== cyclist-sl-03.1
$ cyclist sl prove -S 'List(x,y) * y->z |- List(x,z)' -p -t 60
exit: 0
0:
nil!=y * y->z * List[0](x, y) |- List[0'](x, z) (List R.Unf.) [1 <{(0, 0)}/
                                                               {}>]
  1:
  nil!=y * y->z * List[0](x, y) |-
  [1' < 0'] : nil!=x * x->w' * List[1'](w', z) (UBound Intro) [2 <{(0, 0)}/
                                                               {}>]
    2:
    nil!=y * y->z * List[0](x, y) |- nil!=x * x->w' * List[1'](w', z) (List L.Unf./LHS Inst.,LHS Inst./Simplify,Simplify) [
    3 <{(0, 0)}/{(0, 1)}>, 4 <{(0, 0)}/{(0, 1)}>]
      3:
      [1 < 0] : nil!=y * nil!=x * y!=x * y->z * x->y |-
      x->w' * List[1'](w', z) (List R.Unf./Simplify) [5 <{(1, 1), (0, 0)}/{}>]
        5:
        [1 < 0] : nil!=y * nil!=x * y!=x * y->z * x->y |-
        nil!=w' * x!=w' * x->w' * w'->z (Id)
      4:
      [1 < 0] : nil!=y * nil!=x * y!=x * y->z * x->w * List[1](w, y) |-
      x->w' * List[1'](w', z) (Lemma.App) [6 <{(1, 1), (0, 0)}/{}>,
      7 <{(1, 1), (0, 0)}/{(0, 1)}>]
        6:
        [1 < 0] : nil!=y * nil!=x * y!=x * y->z * List[1](w, y) |-
        List[0'](w, z) (Weaken) [8 <{(1, 1)}/{}>]
          8:
          nil!=y * y->z * List[1](w, y) |- List[0'](w, z) (Subst) [9 <
                                                                   {(1, 0)}/
                                                                   {}>]
            9:
            nil!=y * y->z * List[0](x, y) |- List[0'](x, z) (Backl) [0] <pre=
            {(0, 0)}>
        7:
        [1 < 0] : nil!=y * nil!=x * y!=x * x->w * List[0'](w, z) |-
        x->w' * List[1'](w', z) (Id)

=== cyclist-sl-03.2
$ cyclist sl prove -S '[a] < [b] : List[a](x,y) * y->z |- List[b](x,z)' -p -t 60
exit: 0
0:
[a < b] : nil!=y * y->z * List[a](x, y) |- List[b](x, z) (List R.Unf.) [
1 <{(a, a), (b, b)}/{}>]
  1:
  [a < b] : nil!=y * y->z * List[a](x, y) |-
  [0' < b] : nil!=x * x->w' * List[0'](w', z) (Inst.Tag (Match)/Simplify) [
  2 <{(a, a), (b, b)}/{}>]
    2:
    [a < b] : nil!=y * y->z * List[a](x, y) |-
    nil!=x * x->w' * List[a](w', z) (List L.Unf./LHS Inst.,LHS Inst./Simplify,Simplify) [
    3 <{(a, a), (b, b)}/{(a, 0), (b, 0), (b, a)}>,
    4 <{(a, a), (b, b)}/{(a, 0), (b, 0), (b, a)}>]
      3:
      [0 < a; a < b] : nil!=y * nil!=x * y!=x * y->z * x->y |-
      x->w' * List[a](w', z) (List R.Unf./Simplify) [5 <{(0, 0), (a, a),
                                                        (b, b)}/{}>]
        5:
        [0 < a; a < b] : nil!=y * nil!=x * y!=x * y->z * x->y |-
        nil!=w' * x!=w' * x->w' * w'->z (Id)
      4:
      [0 < a; a < b] : nil!=y * nil!=x * y!=x * y->z * x->w * List[0](w, y) |-
      x->w' * List[a](w', z) (Lemma.App) [6 <{(0, 0), (a, a), (b, b)}/{}>,
      7 <{(0, 0), (a, a), (b, b)}/{(a, 0), (b, 0), (b, a)}>]
        6:
        [0 < a; a < b] : nil!=y * nil!=x * y!=x * y->z * List[0](w, y) |-
        List[a](w, z) (Weaken) [8 <{(0, 0), (a, a)}/{}>]
          8:
          [0 < a] : nil!=y * y->z * List[0](w, y) |- List[a](w, z) (Subst) [
          9 <{(0, a), (a, b)}/{}>]
            9:
            [a < b] : nil!=y * y->z * List[a](x, y) |- List[b](x, z) (Backl) [0] <pre=
            {(a, a), (b, b)}>
        7:
        [0 < a; a < b] : nil!=y * nil!=x * y!=x * x->w * List[a](w, z) |-
        x->w' * List[a](w', z) (Id)

=== cyclist-sl-03.3
$ cyclist sl prove -S 'List[a](x,y) * y->z |- [a] < [b'"'"'] : List[b'"'"'](x,z)' -p -t 60
exit: 0
0:
nil!=y * y->z * List[a](x, y) |- [a < b'] : List[b'](x, z) (List R.Unf.) [
1 <{(a, a)}/{}>]
  1:
  nil!=y * y->z * List[a](x, y) |-
  [0' < b'; a < b'] : nil!=x * x->w' * List[0'](w', z) (UBound Intro) [
  2 <{(a, a)}/{}>]
    2:
    nil!=y * y->z * List[a](x, y) |- nil!=x * x->w' * List[0'](w', z) (List L.Unf./LHS Inst.,LHS Inst./Simplify,Simplify) [
    3 <{(a, a)}/{(a, 0)}>, 4 <{(a, a)}/{(a, 0)}>]
      3:
      [0 < a] : nil!=y * nil!=x * y!=x * y->z * x->y |-
      x->w' * List[0'](w', z) (List R.Unf./Simplify) [5 <{(0, 0), (a, a)}/{}>]
        5:
        [0 < a] : nil!=y * nil!=x * y!=x * y->z * x->y |-
        nil!=w' * x!=w' * x->w' * w'->z (Id)
      4:
      [0 < a] : nil!=y * nil!=x * y!=x * y->z * x->w * List[0](w, y) |-
      x->w' * List[0'](w', z) (Lemma.App) [6 <{(0, 0), (a, a)}/{}>,
      7 <{(0, 0), (a, a)}/{(a, 0)}>]
        6:
        [0 < a] : nil!=y * nil!=x * y!=x * y->z * List[0](w, y) |-
        [0 < b'] : List[b'](w, z) (Weaken) [8 <{(0, 0)}/{}>]
          8:
          nil!=y * y->z * List[0](w, y) |- [0 < b'] : List[b'](w, z) (Subst) [
          9 <{(0, a)}/{}>]
            9:
            nil!=y * y->z * List[a](x, y) |- [a < b'] : List[b'](x, z) (Backl) [0] <pre=
            {(a, a)}>
        7:
        [0 < a; 0 < b'] : nil!=y * nil!=x * y!=x * x->w * List[b'](w, z) |-
        x->w' * List[0'](w', z) (Id)

=== cyclist-sl-04.1
$ cyclist sl prove -S 'List(x,y) * List(y,z) |- List(x,z)' -p -t 60
exit: 0
0:
List[1](y, z) * List[0](x, y) |- List[0'](x, z) (List R.Unf.) [1 <{(1, 1),
                                                                  (0, 0)}/
                                                               {}>]
  1:
  List[1](y, z) * List[0](x, y) |-
  [1' < 0'] : nil!=x * x->w' * List[1'](w', z) (UBound Intro) [2 <{(1, 1),
                                                                  (0, 0)}/
                                                               {}>]
    2:
    List[1](y, z) * List[0](x, y) |- nil!=x * x->w' * List[1'](w', z) (List L.Unf./LHS Inst.,LHS Inst./Simplify,Simplify) [
    3 <{(1, 1), (0, 0)}/{(0, 2)}>, 4 <{(1, 1), (0, 0)}/{(0, 2)}>]
      3:
      [2 < 0] : nil!=x * x->y * List[1](y, z) |- x->w' * List[1'](w', z) (Id)
      4:
      [2 < 0] : nil!=x * x->w * List[2](w, y) * List[1](y, z) |-
      x->w' * List[1'](w', z) (Lemma.App) [5 <{(2, 2), (1, 1), (0, 0)}/{}>,
      6 <{(2, 2), (0, 0)}/{(0, 2)}>]
        5:
        [2 < 0] : nil!=x * List[2](w, y) * List[1](y, z) |- List[0'](w, z) (Weaken) [
        7 <{(2, 2), (1, 1)}/{}>]
          7:
          List[2](w, y) * List[1](y, z) |- List[0'](w, z) (Subst) [8 <
                                                                   {(2, 0),
                                                                   (1, 1)}/
                                                                   {}>]
            8:
            List[1](y, z) * List[0](x, y) |- List[0'](x, z) (Backl) [0] <pre=
            {(1, 1), (0, 0)}>
        6:
        [2 < 0] : nil!=x * x->w * List[0'](w, z) |- x->w' * List[1'](w', z) (Id)

=== cyclist-sl-04.2
$ cyclist sl prove -S 'List[a](x,y) * List[b](y,z) |- [a] < [c'"'"'], [b] < [c'"'"'] : List[c'"'"'](x,z)' -p -t 60
exit: 0
0:
List[a](x, y) * List[b](y, z) |- [a < c'; b < c'] : List[c'](x, z) (List R.Unf.) [
1 <{(a, a), (b, b)}/{}>]
  1:
  List[a](x, y) * List[b](y, z) |-
  [0' < c'; a < c'; b < c'] : nil!=x * x->w' * List[0'](w', z) (UBound Intro) [
  2 <{(a, a), (b, b)}/{}>]
    2:
    List[a](x, y) * List[b](y, z) |- nil!=x * x->w' * List[0'](w', z) (List L.Unf./LHS Inst.,LHS Inst./Simplify,Simplify) [
    3 <{(a, a), (b, b)}/{(a, 0)}>, 4 <{(a, a), (b, b)}/{(a, 0)}>]
      3:
      [0 < a] : nil!=x * x->y * List[b](y, z) |- x->w' * List[0'](w', z) (Id)
      4:
      [0 < a] : nil!=x * x->w * List[0](w, y) * List[b](y, z) |-
      x->w' * List[0'](w', z) (Lemma.App) [5 <{(0, 0), (a, a), (b, b)}/{}>,
      6 <{(0, 0), (a, a), (b, b)}/{(a, 0)}>]
        5:
        [0 < a] : nil!=x * List[0](w, y) * List[b](y, z) |-
        [0 < c'; b < c'] : List[c'](w, z) (Weaken) [7 <{(0, 0), (b, b)}/{}>]
          7:
          List[0](w, y) * List[b](y, z) |- [0 < c'; b < c'] : List[c'](w, z) (Subst) [
          8 <{(0, a), (b, b)}/{}>]
            8:
            List[a](x, y) * List[b](y, z) |-
            [a < c'; b < c'] : List[c'](x, z) (Backl) [0] <pre={(a, a),
                                                               (b, b)}>
        6:
        [0 < a; 0 < c'; b < c'] : nil!=x * x->w * List[c'](w, z) |-
        x->w' * List[0'](w', z) (Id)

=== cyclist-sl-05.1
$ cyclist sl prove -S 'PeList(x,y) * y->z |- PeList(x,z)' -p -t 60
exit: 0
0:
nil!=y * y->z * PeList[0](x, y) |- PeList[0'](x, z) (PeList R.Unf.) [
1 <{(0, 0)}/{}>]
  1:
  nil!=y * y->z * PeList[0](x, y) |-
  [1' < 0'] : nil!=x * x->w' * PeList[1'](w', z) (UBound Intro) [2 <{(0, 0)}/
                                                                 {}>]
    2:
    nil!=y * y->z * PeList[0](x, y) |- nil!=x * x->w' * PeList[1'](w', z) (PeList L.Unf./LHS Inst.,LHS Inst./Simplify,Simplify) [
    3 <{(0, 0)}/{(0, 1)}>, 4 <{(0, 0)}/{(0, 1)}>]
      3:
      [1 < 0] : nil!=x * x->z |- x->w' * PeList[1'](w', z) (PeList R.Unf./Simplify) [
      5 <{(1, 1), (0, 0)}/{}>]
        5: [1 < 0] : nil!=x * x->z |- x->z (Id)
      4:
      [1 < 0] : nil!=y * nil!=x * y!=x * y->z * x->w * PeList[1](w, y) |-
      x->w' * PeList[1'](w', z) (Lemma.App) [6 <{(1, 1), (0, 0)}/{}>,
      7 <{(1, 1), (0, 0)}/{(0, 1)}>]
        6:
        [1 < 0] : nil!=y * nil!=x * y!=x * y->z * PeList[1](w, y) |-
        PeList[0'](w, z) (Weaken) [8 <{(1, 1)}/{}>]
          8:
          nil!=y * y->z * PeList[1](w, y) |- PeList[0'](w, z) (Subst) [
          9 <{(1, 0)}/{}>]
            9:
            nil!=y * y->z * PeList[0](x, y) |- PeList[0'](x, z) (Backl) [0] <pre=
            {(0, 0)}>
        7:
        [1 < 0] : nil!=y * nil!=x * y!=x * x->w * PeList[0'](w, z) |-
        x->w' * PeList[1'](w', z) (Id)

=== cyclist-sl-05.2
$ cyclist sl prove -S '[a] < [b] : PeList[a](x,y) * y->z |- PeList[b](x,z)' -p -t 60
exit: 0
0:
[a < b] : nil!=y * y->z * PeList[a](x, y) |- PeList[b](x, z) (PeList R.Unf.) [
1 <{(a, a), (b, b)}/{}>]
  1:
  [a < b] : nil!=y * y->z * PeList[a](x, y) |-
  [0' < b] : nil!=x * x->w' * PeList[0'](w', z) (Inst.Tag (Match)/Simplify) [
  2 <{(a, a), (b, b)}/{}>]
    2:
    [a < b] : nil!=y * y->z * PeList[a](x, y) |-
    nil!=x * x->w' * PeList[a](w', z) (PeList L.Unf./LHS Inst.,LHS Inst./Simplify,Simplify) [
    3 <{(a, a), (b, b)}/{(a, 0), (b, 0), (b, a)}>,
    4 <{(a, a), (b, b)}/{(a, 0), (b, 0), (b, a)}>]
      3:
      [0 < a; a < b] : nil!=x * x->z |- x->w' * PeList[a](w', z) (PeList R.Unf./Simplify) [
      5 <{(0, 0), (a, a), (b, b)}/{}>]
        5: [0 < a; a < b] : nil!=x * x->z |- x->z (Id)
      4:
      [0 < a; a < b] : nil!=y * nil!=x * y!=x * y->z * x->w * PeList[0](w, y) |-
      x->w' * PeList[a](w', z) (Lemma.App) [6 <{(0, 0), (a, a), (b, b)}/{}>,
      7 <{(0, 0), (a, a), (b, b)}/{(a, 0), (b, 0), (b, a)}>]
        6:
        [0 < a; a < b] : nil!=y * nil!=x * y!=x * y->z * PeList[0](w, y) |-
        PeList[a](w, z) (Weaken) [8 <{(0, 0), (a, a)}/{}>]
          8:
          [0 < a] : nil!=y * y->z * PeList[0](w, y) |- PeList[a](w, z) (Subst) [
          9 <{(0, a), (a, b)}/{}>]
            9:
            [a < b] : nil!=y * y->z * PeList[a](x, y) |- PeList[b](x, z) (Backl) [0] <pre=
            {(a, a), (b, b)}>
        7:
        [0 < a; a < b] : nil!=y * nil!=x * y!=x * x->w * PeList[a](w, z) |-
        x->w' * PeList[a](w', z) (Id)

=== cyclist-sl-05.3
$ cyclist sl prove -S 'PeList[a](x,y) * y->z |- [a] < [b'"'"'] : PeList[b'"'"'](x,z)' -p -t 60
exit: 0
0:
nil!=y * y->z * PeList[a](x, y) |- [a < b'] : PeList[b'](x, z) (PeList R.Unf.) [
1 <{(a, a)}/{}>]
  1:
  nil!=y * y->z * PeList[a](x, y) |-
  [0' < b'; a < b'] : nil!=x * x->w' * PeList[0'](w', z) (UBound Intro) [
  2 <{(a, a)}/{}>]
    2:
    nil!=y * y->z * PeList[a](x, y) |- nil!=x * x->w' * PeList[0'](w', z) (PeList L.Unf./LHS Inst.,LHS Inst./Simplify,Simplify) [
    3 <{(a, a)}/{(a, 0)}>, 4 <{(a, a)}/{(a, 0)}>]
      3:
      [0 < a] : nil!=x * x->z |- x->w' * PeList[0'](w', z) (PeList R.Unf./Simplify) [
      5 <{(0, 0), (a, a)}/{}>]
        5: [0 < a] : nil!=x * x->z |- x->z (Id)
      4:
      [0 < a] : nil!=y * nil!=x * y!=x * y->z * x->w * PeList[0](w, y) |-
      x->w' * PeList[0'](w', z) (Lemma.App) [6 <{(0, 0), (a, a)}/{}>,
      7 <{(0, 0), (a, a)}/{(a, 0)}>]
        6:
        [0 < a] : nil!=y * nil!=x * y!=x * y->z * PeList[0](w, y) |-
        [0 < b'] : PeList[b'](w, z) (Weaken) [8 <{(0, 0)}/{}>]
          8:
          nil!=y * y->z * PeList[0](w, y) |- [0 < b'] : PeList[b'](w, z) (Subst) [
          9 <{(0, a)}/{}>]
            9:
            nil!=y * y->z * PeList[a](x, y) |- [a < b'] : PeList[b'](x, z) (Backl) [0] <pre=
            {(a, a)}>
        7:
        [0 < a; 0 < b'] : nil!=y * nil!=x * y!=x * x->w * PeList[b'](w, z) |-
        x->w' * PeList[0'](w', z) (Id)

=== cyclist-sl-06.1
$ cyclist sl prove -S 'PeList(x,y) * PeList(y,z) |- PeList(x,z)' -p -t 60
exit: 0
0:
PeList[1](y, z) * PeList[0](x, y) |- PeList[0'](x, z) (PeList L.Unf./LHS Inst.,LHS Inst./Simplify) [
1 <{(1, 1), (0, 0)}/{(0, 2)}>, 2 <{(1, 1), (0, 0)}/{(0, 2)}>]
  1: [2 < 0] : PeList[1](x, z) |- PeList[0'](x, z) (Id)
  2:
  [2 < 0] : nil!=x * x->w * PeList[2](w, y) * PeList[1](y, z) |-
  PeList[0'](x, z) (PeList R.Unf./Simplify) [3 <{(2, 2), (1, 1), (0, 0)}/{}>]
    3:
    [2 < 0] : nil!=x * x->w * PeList[2](w, y) * PeList[1](y, z) |-
    [1' < 0'] : x->w' * PeList[1'](w', z) (UBound Intro) [4 <{(2, 2),
                                                             (1, 1),
                                                             (0, 0)}/
                                                          {}>]
      4:
      [2 < 0] : nil!=x * x->w * PeList[2](w, y) * PeList[1](y, z) |-
      x->w' * PeList[1'](w', z) (Lemma.App) [5 <{(2, 2), (1, 1), (0, 0)}/{}>,
      6 <{(2, 2), (0, 0)}/{(0, 2)}>]
        5:
        [2 < 0] : nil!=x * PeList[2](w, y) * PeList[1](y, z) |-
        PeList[0'](w, z) (Weaken) [7 <{(2, 2), (1, 1)}/{}>]
          7:
          PeList[2](w, y) * PeList[1](y, z) |- PeList[0'](w, z) (Subst) [
          8 <{(2, 0), (1, 1)}/{}>]
            8:
            PeList[1](y, z) * PeList[0](x, y) |- PeList[0'](x, z) (Backl) [0] <pre=
            {(1, 1), (0, 0)}>
        6:
        [2 < 0] : nil!=x * x->w * PeList[0'](w, z) |-
        x->w' * PeList[1'](w', z) (Id)

=== cyclist-sl-06.2
$ cyclist sl prove -S 'PeList[a](x,y) * PeList[b](y,z) |- [a] < [c'"'"'], [b] < [c'"'"'] : PeList[c'"'"'](x,z)' -p -t 60
exit: 0
0:
PeList[a](x, y) * PeList[b](y, z) |- [a < c'; b < c'] : PeList[c'](x, z) (PeList L.Unf./LHS Inst.,LHS Inst./Simplify) [
1 <{(a, a), (b, b)}/{(a, 0)}>, 2 <{(a, a), (b, b)}/{(a, 0)}>]
  1:
  [0 < a] : PeList[b](x, z) |- [a < c'; b < c'] : PeList[c'](x, z) (PeList L.Unf./LHS Inst.,LHS Inst./Simplify) [
  3 <{(0, 0), (a, a), (b, b)}/{(a, 0), (b, 1)}>,
  4 <{(0, 0), (a, a), (b, b)}/{(a, 0), (b, 1)}>]
    3:
    [1 < b; 0 < a] : emp |- [a < c'; b < c'] : PeList[c'](x, x) (PeList R.Unf.) [
    5 <{(1, 1), (0, 0), (a, a), (b, b)}/{}>]
      5:
      [1 < b; 0 < a] : emp |- [a < c'; b < c'] : emp (UBound Intro) [
      6 <{(1, 1), (0, 0), (a, a), (b, b)}/{}>]
        6: [1 < b; 0 < a] : emp |- emp (Id)
    4:
    [1 < b; 0 < a] : nil!=x * x->w * PeList[1](w, z) |-
    [a < c'; b < c'] : PeList[c'](x, z) (PeList R.Unf./Simplify) [7 <
                                                                  {(1, 1),
                                                                  (0, 0),
                                                                  (a, a),
                                                                  (b, b)}/
                                                                  {}>]
      7:
      [1 < b; 0 < a] : nil!=x * x->w * PeList[1](w, z) |-
      [0' < c'; a < c'; b < c'] : x->w' * PeList[0'](w', z) (UBound Intro) [
      8 <{(1, 1), (0, 0), (a, a), (b, b)}/{}>]
        8:
        [1 < b; 0 < a] : nil!=x * x->w * PeList[1](w, z) |-
        x->w' * PeList[0'](w', z) (Id)
  2:
  [0 < a] : nil!=x * x->w * PeList[0](w, y) * PeList[b](y, z) |-
  [a < c'; b < c'] : PeList[c'](x, z) (PeList R.Unf./Simplify) [9 <{(0, 0),
                                                                   (a, a),
                                                                   (b, b)}/
                                                                {}>]
    9:
    [0 < a] : nil!=x * x->w * PeList[0](w, y) * PeList[b](y, z) |-
    [0' < c'; a < c'; b < c'] : x->w' * PeList[0'](w', z) (UBound Intro) [
    10 <{(0, 0), (a, a), (b, b)}/{}>]
      10:
      [0 < a] : nil!=x * x->w * PeList[0](w, y) * PeList[b](y, z) |-
      x->w' * PeList[0'](w', z) (Lemma.App) [11 <{(0, 0), (a, a), (b, b)}/{}>,
      12 <{(0, 0), (a, a), (b, b)}/{(a, 0)}>]
        11:
        [0 < a] : nil!=x * PeList[0](w, y) * PeList[b](y, z) |-
        [0 < c'; b < c'] : PeList[c'](w, z) (Weaken) [13 <{(0, 0), (b, b)}/
                                                      {}>]
          13:
          PeList[0](w, y) * PeList[b](y, z) |-
          [0 < c'; b < c'] : PeList[c'](w, z) (Subst) [14 <{(0, a), (b, b)}/
                                                       {}>]
            14:
            PeList[a](x, y) * PeList[b](y, z) |-
            [a < c'; b < c'] : PeList[c'](x, z) (Backl) [0] <pre={(a, a),
                                                                 (b, b)}>
        12:
        [0 < a; 0 < c'; b < c'] : nil!=x * x->w * PeList[c'](w, z) |-
        x->w' * PeList[0'](w', z) (Id)

=== cyclist-sl-07.1
$ cyclist sl prove -S 'DLL(x,y,z,w) |- SLL(x,y)' -p -t 60
exit: 0
0:
DLL[0](x, y, z, w) |- SLL[0'](x, y) (DLL L.Unf./LHS Inst.,LHS Inst./Simplify) [
1 <{(0, 0)}/{(0, 1)}>, 2 <{(0, 0)}/{(0, 1)}>]
  1: [1 < 0] : emp |- SLL[0'](x, x) (SLL R.Unf.) [3 <{(1, 1), (0, 0)}/{}>]
    3: [1 < 0] : emp |- emp (Id)
  2:
  [1 < 0] : nil!=x * x->a, w * DLL[1](a, y, z, x) |- SLL[0'](x, y) (SLL R.Unf./Simplify) [
  4 <{(1, 1), (0, 0)}/{}>]
    4:
    [1 < 0] : nil!=x * x->a, w * DLL[1](a, y, z, x) |-
    [1' < 0'] : x->z', w' * SLL[1'](z', y) (UBound Intro) [5 <{(1, 1),
                                                              (0, 0)}/
                                                           {}>]
      5:
      [1 < 0] : nil!=x * x->a, w * DLL[1](a, y, z, x) |-
      x->z', w' * SLL[1'](z', y) (Lemma.App) [6 <{(1, 1), (0, 0)}/{}>,
      7 <{(1, 1), (0, 0)}/{(0, 1)}>]
        6:
        [1 < 0] : nil!=x * DLL[1](a, y, z, x) |- SLL[0'](a, y) (Weaken) [
        8 <{(1, 1)}/{}>]
          8: DLL[1](a, y, z, x) |- SLL[0'](a, y) (Subst) [9 <{(1, 0)}/{}>]
            9: DLL[0](x, y, z, w) |- SLL[0'](x, y) (Backl) [0] <pre={(0, 0)}>
        7:
        [1 < 0] : nil!=x * x->a, w * SLL[0'](a, y) |-
        x->z', w' * SLL[1'](z', y) (Id)

=== cyclist-sl-07.2
$ cyclist sl prove -S 'DLL[a](x,y,z,w) |- SLL[a](x,y)' -p -t 60
exit: 0
0:
DLL[a](x, y, z, w) |- SLL[a](x, y) (DLL L.Unf./LHS Inst.,LHS Inst./Simplify) [
1 <{(a, a)}/{(a, 0)}>, 2 <{(a, a)}/{(a, 0)}>]
  1: [0 < a] : emp |- SLL[a](x, x) (SLL R.Unf.) [3 <{(0, 0), (a, a)}/{}>]
    3: [0 < a] : emp |- emp (Id)
  2:
  [0 < a] : nil!=x * x->a, w * DLL[0](a, y, z, x) |- SLL[a](x, y) (Lemma.App) [
  4 <{(0, 0), (a, a)}/{}>, 5 <{(0, 0), (a, a)}/{(a, 0)}>]
    4:
    [0 < a] : nil!=x * DLL[0](a, y, z, x) |- SLL[0](a, y) (Weaken) [6 <
                                                                    {
                                                                    (0, 0)}/
                                                                    {}>]
      6: DLL[0](a, y, z, x) |- SLL[0](a, y) (Subst) [7 <{(0, a)}/{}>]
        7: DLL[a](x, y, z, w) |- SLL[a](x, y) (Backl) [0] <pre={(a, a)}>
    5:
    [0 < a] : nil!=x * x->a, w * SLL[0](a, y) |- SLL[a](x, y) (SLL R.Unf./Simplify) [
    8 <{(0, 0), (a, a)}/{}>]
      8:
      [0 < a] : nil!=x * x->a, w * SLL[0](a, y) |-
      [0' < a] : x->z', w' * SLL[0'](z', y) (Id)

=== cyclist-sl-07.3
$ cyclist sl prove -S 'DLL[a](x,y,z,w) |- [a] < [b'"'"'] : SLL[b'"'"'](x,y)' -p -t 60
exit: 0
0:
DLL[a](x, y, z, w) |- [a < b'] : SLL[b'](x, y) (DLL L.Unf./LHS Inst.,LHS Inst./Simplify) [
1 <{(a, a)}/{(a, 0)}>, 2 <{(a, a)}/{(a, 0)}>]
  1:
  [0 < a] : emp |- [a < b'] : SLL[b'](x, x) (SLL R.Unf.) [3 <{(0, 0), (a, a)}/
                                                          {}>]
    3:
    [0 < a] : emp |- [a < b'] : emp (UBound Intro) [4 <{(0, 0), (a, a)}/{}>]
      4: [0 < a] : emp |- emp (Id)
  2:
  [0 < a] : nil!=x * x->a, w * DLL[0](a, y, z, x) |- [a < b'] : SLL[b'](x, y) (SLL R.Unf./Simplify) [
  5 <{(0, 0), (a, a)}/{}>]
    5:
    [0 < a] : nil!=x * x->a, w * DLL[0](a, y, z, x) |-
    [0' < b'; a < b'] : x->z', w' * SLL[0'](z', y) (UBound Intro) [6 <
                                                                   {(0, 0),
                                                                   (a, a)}/
                                                                   {}>]
      6:
      [0 < a] : nil!=x * x->a, w * DLL[0](a, y, z, x) |-
      x->z', w' * SLL[0'](z', y) (Lemma.App) [7 <{(0, 0), (a, a)}/{}>,
      8 <{(0, 0), (a, a)}/{(a, 0)}>]
        7:
        [0 < a] : nil!=x * DLL[0](a, y, z, x) |- [0 < b'] : SLL[b'](a, y) (Weaken) [
        9 <{(0, 0)}/{}>]
          9:
          DLL[0](a, y, z, x) |- [0 < b'] : SLL[b'](a, y) (Subst) [10 <
                                                                  {(0, a)}/
                                                                  {}>]
            10:
            DLL[a](x, y, z, w) |- [a < b'] : SLL[b'](x, y) (Backl) [0] <pre=
            {(a, a)}>
        8:
        [0 < a; 0 < b'] : nil!=x * x->a, w * SLL[b'](a, y) |-
        x->z', w' * SLL[0'](z', y) (Id)

=== cyclist-sl-07.4
$ cyclist sl prove -S 'DLL[a](x,y,z,w) |- [b'"'"'] <= [a] : SLL[b'"'"'](x,y)' -p -t 60
exit: 0
0:
DLL[a](x, y, z, w) |- [b' <= a] : SLL[b'](x, y) (Inst.Tag (Sel.UBound)/Simplify) [
1 <{(a, a)}/{}>]
  1:
  DLL[a](x, y, z, w) |- SLL[a](x, y) (DLL L.Unf./LHS Inst.,LHS Inst./Simplify) [
  2 <{(a, a)}/{(a, 0)}>, 3 <{(a, a)}/{(a, 0)}>]
    2: [0 < a] : emp |- SLL[a](x, x) (SLL R.Unf.) [4 <{(0, 0), (a, a)}/{}>]
      4: [0 < a] : emp |- emp (Id)
    3:
    [0 < a] : nil!=x * x->a, w * DLL[0](a, y, z, x) |- SLL[a](x, y) (Lemma.App) [
    5 <{(0, 0), (a, a)}/{}>, 6 <{(0, 0), (0, b'), (a, a)}/{(a, 0), (a, b')}>]
      5:
      [0 < a] : nil!=x * DLL[0](a, y, z, x) |- [b' <= 0] : SLL[b'](a, y) (Weaken) [
      7 <{(0, 0)}/{}>]
        7:
        DLL[0](a, y, z, x) |- [b' <= 0] : SLL[b'](a, y) (Subst) [8 <{(0, a)}/
                                                                 {}>]
          8:
          DLL[a](x, y, z, w) |- [b' <= a] : SLL[b'](x, y) (Backl) [0] <pre=
          {(a, a)}>
      6:
      [0 < a; b' <= 0] : nil!=x * x->a, w * SLL[b'](a, y) |- SLL[a](x, y) (LHS Inst.) [
      9 <{(0, 0), (a, a), (b', 1)}/{}>]
        9:
        [0 < a; 1 <= 0] : nil!=x * x->a, w * SLL[1](a, y) |- SLL[a](x, y) (SLL R.Unf./Simplify) [
        10 <{(1, 1), (0, 0), (a, a)}/{}>]
          10:
          [0 < a; 1 <= 0] : nil!=x * x->a, w * SLL[1](a, y) |-
          [0' < a] : x->z', w' * SLL[0'](z', y) (Id)

=== cyclist-sl-08.1
$ cyclist sl prove -S 'DLL(x,y,z,w) |- BSLL(z,w)' -p -t 60
exit: 0
0:
DLL[0](x, y, z, w) |- BSLL[0'](z, w) (DLL L.Unf./LHS Inst.,LHS Inst./Simplify) [
1 <{(0, 0)}/{(0, 1)}>, 2 <{(0, 0)}/{(0, 1)}>]
  1: [1 < 0] : emp |- BSLL[0'](w, w) (BSLL R.Unf.) [3 <{(1, 1), (0, 0)}/{}>]
    3: [1 < 0] : emp |- emp (Id)
  2:
  [1 < 0] : nil!=x * x->a, w * DLL[1](a, y, z, x) |- BSLL[0'](z, w) (BSLL R.Unf.) [
  4 <{(1, 1), (0, 0)}/{}>]
    4:
    [1 < 0] : nil!=x * x->a, w * DLL[1](a, y, z, x) |-
    [1' < 0'] : nil!=z' * z'->w', w * BSLL[1'](z, z') (UBound Intro) [
    5 <{(1, 1), (0, 0)}/{}>]
      5:
      [1 < 0] : nil!=x * x->a, w * DLL[1](a, y, z, x) |-
      nil!=z' * z'->w', w * BSLL[1'](z, z') (Lemma.App) [6 <{(1, 1), (0, 0)}/
                                                         {}>,
      7 <{(1, 1), (0, 0)}/{(0, 1)}>]
        6:
        [1 < 0] : nil!=x * DLL[1](a, y, z, x) |- BSLL[0'](z, x) (Weaken) [
        8 <{(1, 1)}/{}>]
          8: DLL[1](a, y, z, x) |- BSLL[0'](z, x) (Subst) [9 <{(1, 0)}/{}>]
            9:
            DLL[0](x, y, z, w) |- BSLL[0'](z, w) (Backl) [0] <pre={(0, 0)}>
        7:
        [1 < 0] : nil!=x * x->a, w * BSLL[0'](z, x) |-
        nil!=z' * z'->w', w * BSLL[1'](z, z') (Id)

=== cyclist-sl-08.2
$ cyclist sl prove -S 'DLL[a](x,y,z,w) |- BSLL[a](z,w)' -p -t 60
exit: 0
0:
DLL[a](x, y, z, w) |- BSLL[a](z, w) (DLL L.Unf./LHS Inst.,LHS Inst./Simplify) [
1 <{(a, a)}/{(a, 0)}>, 2 <{(a, a)}/{(a, 0)}>]
  1: [0 < a] : emp |- BSLL[a](w, w) (BSLL R.Unf.) [3 <{(0, 0), (a, a)}/{}>]
    3: [0 < a] : emp |- emp (Id)
  2:
  [0 < a] : nil!=x * x->a, w * DLL[0](a, y, z, x) |- BSLL[a](z, w) (Lemma.App) [
  4 <{(0, 0), (a, a)}/{}>, 5 <{(0, 0), (a, a)}/{(a, 0)}>]
    4:
    [0 < a] : nil!=x * DLL[0](a, y, z, x) |- BSLL[0](z, x) (Weaken) [
    6 <{(0, 0)}/{}>]
      6: DLL[0](a, y, z, x) |- BSLL[0](z, x) (Subst) [7 <{(0, a)}/{}>]
        7: DLL[a](x, y, z, w) |- BSLL[a](z, w) (Backl) [0] <pre={(a, a)}>
    5:
    [0 < a] : nil!=x * x->a, w * BSLL[0](z, x) |- BSLL[a](z, w) (BSLL R.Unf.) [
    8 <{(0, 0), (a, a)}/{}>]
      8:
      [0 < a] : nil!=x * x->a, w * BSLL[0](z, x) |-
      [0' < a] : nil!=z' * z'->w', w * BSLL[0'](z, z') (Id)

=== cyclist-sl-08.3
$ cyclist sl prove -S 'DLL[a](x,y,z,w) |- [a] < [b'"'"'] : BSLL[b'"'"'](z,w)' -p -t 60
exit: 0
0:
DLL[a](x, y, z, w) |- [a < b'] : BSLL[b'](z, w) (DLL L.Unf./LHS Inst.,LHS Inst./Simplify) [
1 <{(a, a)}/{(a, 0)}>, 2 <{(a, a)}/{(a, 0)}>]
  1:
  [0 < a] : emp |- [a < b'] : BSLL[b'](w, w) (BSLL R.Unf.) [3 <{(0, 0),
                                                               (a, a)}/
                                                            {}>]
    3:
    [0 < a] : emp |- [a < b'] : emp (UBound Intro) [4 <{(0, 0), (a, a)}/{}>]
      4: [0 < a] : emp |- emp (Id)
  2:
  [0 < a] : nil!=x * x->a, w * DLL[0](a, y, z, x) |-
  [a < b'] : BSLL[b'](z, w) (BSLL R.Unf.) [5 <{(0, 0), (a, a)}/{}>]
    5:
    [0 < a] : nil!=x * x->a, w * DLL[0](a, y, z, x) |-
    [0' < b'; a < b'] : nil!=z' * z'->w', w * BSLL[0'](z, z') (UBound Intro) [
    6 <{(0, 0), (a, a)}/{}>]
      6:
      [0 < a] : nil!=x * x->a, w * DLL[0](a, y, z, x) |-
      nil!=z' * z'->w', w * BSLL[0'](z, z') (Lemma.App) [7 <{(0, 0), (a, a)}/
                                                         {}>,
      8 <{(0, 0), (a, a)}/{(a, 0)}>]
        7:
        [0 < a] : nil!=x * DLL[0](a, y, z, x) |- [0 < b'] : BSLL[b'](z, x) (Weaken) [
        9 <{(0, 0)}/{}>]
          9:
          DLL[0](a, y, z, x) |- [0 < b'] : BSLL[b'](z, x) (Subst) [10 <
                                                                   {(0, a)}/
                                                                   {}>]
            10:
            DLL[a](x, y, z, w) |- [a < b'] : BSLL[b'](z, w) (Backl) [0] <pre=
            {(a, a)}>
        8:
        [0 < a; 0 < b'] : nil!=x * x->a, w * BSLL[b'](z, x) |-
        nil!=z' * z'->w', w * BSLL[0'](z, z') (Id)

=== cyclist-sl-08.4
$ cyclist sl prove -S 'DLL[a](x,y,z,w) |- [b'"'"'] <= [a] : BSLL[b'"'"'](z,w)' -p -t 60
exit: 0
0:
DLL[a](x, y, z, w) |- [b' <= a] : BSLL[b'](z, w) (Inst.Tag (Sel.UBound)/Simplify) [
1 <{(a, a)}/{}>]
  1:
  DLL[a](x, y, z, w) |- BSLL[a](z, w) (DLL L.Unf./LHS Inst.,LHS Inst./Simplify) [
  2 <{(a, a)}/{(a, 0)}>, 3 <{(a, a)}/{(a, 0)}>]
    2: [0 < a] : emp |- BSLL[a](w, w) (BSLL R.Unf.) [4 <{(0, 0), (a, a)}/{}>]
      4: [0 < a] : emp |- emp (Id)
    3:
    [0 < a] : nil!=x * x->a, w * DLL[0](a, y, z, x) |- BSLL[a](z, w) (Lemma.App) [
    5 <{(0, 0), (a, a)}/{}>, 6 <{(0, 0), (0, b'), (a, a)}/{(a, 0), (a, b')}>]
      5:
      [0 < a] : nil!=x * DLL[0](a, y, z, x) |- [b' <= 0] : BSLL[b'](z, x) (Weaken) [
      7 <{(0, 0)}/{}>]
        7:
        DLL[0](a, y, z, x) |- [b' <= 0] : BSLL[b'](z, x) (Subst) [8 <
                                                                  {(0, a)}/
                                                                  {}>]
          8:
          DLL[a](x, y, z, w) |- [b' <= a] : BSLL[b'](z, w) (Backl) [0] <pre=
          {(a, a)}>
      6:
      [0 < a; b' <= 0] : nil!=x * x->a, w * BSLL[b'](z, x) |- BSLL[a](z, w) (LHS Inst.) [
      9 <{(0, 0), (a, a), (b', 1)}/{}>]
        9:
        [0 < a; 1 <= 0] : nil!=x * x->a, w * BSLL[1](z, x) |- BSLL[a](z, w) (BSLL R.Unf.) [
        10 <{(1, 1), (0, 0), (a, a)}/{}>]
          10:
          [0 < a; 1 <= 0] : nil!=x * x->a, w * BSLL[1](z, x) |-
          [0' < a] : nil!=z' * z'->w', w * BSLL[0'](z, z') (Id)

=== cyclist-sl-09.1
$ cyclist sl prove -S 'DLL(x,y,z,w) * DLL(a,x,w,b) |- DLL(a,y,z,b)' -p -t 60
exit: 0
0:
DLL[1](a, x, w, b) * DLL[0](x, y, z, w) |- DLL[0'](a, y, z, b) (DLL L.Unf./LHS Inst.,LHS Inst./Simplify) [
1 <{(1, 1), (0, 0)}/{(1, 2)}>, 2 <{(1, 1), (0, 0)}/{(1, 2)}>]
  1: [2 < 1] : DLL[0](x, y, z, w) |- DLL[0'](x, y, z, w) (Id)
  2:
  [2 < 1] : nil!=a * a->c, b * DLL[2](c, x, w, a) * DLL[0](x, y, z, w) |-
  DLL[0'](a, y, z, b) (DLL R.Unf./Simplify) [3 <{(2, 2), (1, 1), (0, 0)}/{}>]
    3:
    [2 < 1] : nil!=a * a->c, b * DLL[2](c, x, w, a) * DLL[0](x, y, z, w) |-
    [1' < 0'] : a->w', b * DLL[1'](w', y, z, a) (UBound Intro) [4 <{(2, 2),
                                                                   (1, 1),
                                                                   (0, 0)}/
                                                                {}>]
      4:
      [2 < 1] : nil!=a * a->c, b * DLL[2](c, x, w, a) * DLL[0](x, y, z, w) |-
      a->w', b * DLL[1'](w', y, z, a) (Lemma.App) [5 <{(2, 2), (1, 1),
                                                      (0, 0)}/{}>,
      6 <{(2, 2), (1, 1)}/{(1, 2)}>]
        5:
        [2 < 1] : nil!=a * DLL[2](c, x, w, a) * DLL[0](x, y, z, w) |-
        DLL[0'](c, y, z, a) (Weaken) [7 <{(2, 2), (0, 0)}/{}>]
          7:
          DLL[2](c, x, w, a) * DLL[0](x, y, z, w) |- DLL[0'](c, y, z, a) (Subst) [
          8 <{(2, 1), (0, 0)}/{}>]
            8:
            DLL[1](a, x, w, b) * DLL[0](x, y, z, w) |- DLL[0'](a, y, z, b) (Backl) [0] <pre=
            {(1, 1), (0, 0)}>
        6:
        [2 < 1] : nil!=a * a->c, b * DLL[0'](c, y, z, a) |-
        a->w', b * DLL[1'](w', y, z, a) (Id)

=== cyclist-sl-09.2
$ cyclist sl prove -S 'DLL[a](x,y,z,w) * DLL[b](a,x,w,b) |- [a] < [c'"'"'], [b] < [c'"'"'] : DLL[c'"'"'](a,y,z,b)' -p -t 60
exit: 0
0:
DLL[a](x, y, z, w) * DLL[b](a, x, w, b) |-
[a < c'; b < c'] : DLL[c'](a, y, z, b) (DLL L.Unf./LHS Inst.,LHS Inst./Simplify) [
1 <{(a, a), (b, b)}/{(b, 0)}>, 2 <{(a, a), (b, b)}/{(b, 0)}>]
  1:
  [0 < b] : DLL[a](x, y, z, w) |- [a < c'; b < c'] : DLL[c'](x, y, z, w) (DLL L.Unf./LHS Inst.,LHS Inst./Simplify) [
  3 <{(0, 0), (a, a), (b, b)}/{(a, 1), (b, 0)}>,
  4 <{(0, 0), (a, a), (b, b)}/{(a, 1), (b, 0)}>]
    3:
    [1 < a; 0 < b] : emp |- [a < c'; b < c'] : DLL[c'](x, x, w, w) (DLL R.Unf.) [
    5 <{(1, 1), (0, 0), (a, a), (b, b)}/{}>]
      5:
      [1 < a; 0 < b] : emp |- [a < c'; b < c'] : emp (UBound Intro) [
      6 <{(1, 1), (0, 0), (a, a), (b, b)}/{}>]
        6: [1 < a; 0 < b] : emp |- emp (Id)
    4:
    [1 < a; 0 < b] : nil!=x * x->a, w * DLL[1](a, y, z, x) |-
    [a < c'; b < c'] : DLL[c'](x, y, z, w) (DLL R.Unf./Simplify) [7 <
                                                                  {(1, 1),
                                                                  (0, 0),
                                                                  (a, a),
                                                                  (b, b)}/
                                                                  {}>]
      7:
      [1 < a; 0 < b] : nil!=x * x->a, w * DLL[1](a, y, z, x) |-
      [0' < c'; a < c'; b < c'] : x->w', w * DLL[0'](w', y, z, x) (UBound Intro) [
      8 <{(1, 1), (0, 0), (a, a), (b, b)}/{}>]
        8:
        [1 < a; 0 < b] : nil!=x * x->a, w * DLL[1](a, y, z, x) |-
        x->w', w * DLL[0'](w', y, z, x) (Id)
  2:
  [0 < b] : nil!=a * a->c, b * DLL[0](c, x, w, a) * DLL[a](x, y, z, w) |-
  [a < c'; b < c'] : DLL[c'](a, y, z, b) (DLL R.Unf./Simplify) [9 <{(0, 0),
                                                                   (a, a),
                                                                   (b, b)}/
                                                                {}>]
    9:
    [0 < b] : nil!=a * a->c, b * DLL[0](c, x, w, a) * DLL[a](x, y, z, w) |-
    [0' < c'; a < c'; b < c'] : a->w', b * DLL[0'](w', y, z, a) (UBound Intro) [
    10 <{(0, 0), (a, a), (b, b)}/{}>]
      10:
      [0 < b] : nil!=a * a->c, b * DLL[0](c, x, w, a) * DLL[a](x, y, z, w) |-
      a->w', b * DLL[0'](w', y, z, a) (Lemma.App) [11 <{(0, 0), (a, a),
                                                       (b, b)}/{}>,
      12 <{(0, 0), (a, a), (b, b)}/{(b, 0)}>]
        11:
        [0 < b] : nil!=a * DLL[0](c, x, w, a) * DLL[a](x, y, z, w) |-
        [0 < c'; a < c'] : DLL[c'](c, y, z, a) (Weaken) [13 <{(0, 0), (a, a)}/
                                                         {}>]
          13:
          DLL[0](c, x, w, a) * DLL[a](x, y, z, w) |-
          [0 < c'; a < c'] : DLL[c'](c, y, z, a) (Subst) [14 <{(0, b),
                                                              (a, a)}/
                                                          {}>]
            14:
            DLL[a](x, y, z, w) * DLL[b](a, x, w, b) |-
            [a < c'; b < c'] : DLL[c'](a, y, z, b) (Backl) [0] <pre={
                                                                    (a, a),
                                                                    (b, b)}>
        12:
        [0 < b; 0 < c'; a < c'] : nil!=a * a->c, b * DLL[c'](c, y, z, a) |-
        a->w', b * DLL[0'](w', y, z, a) (Id)

=== cyclist-sl-10.1
$ cyclist sl prove -S 'ListO(x,y) * ListO(y,z) |- ListE(x,z)' -p -t 60
exit: 0
0:
ListO[1](y, z) * ListO[0](x, y) |- ListE[0'](x, z) (ListE R.Unf.) [1 <
                                                                   {(1, 1),
                                                                   (0, 0)}/
                                                                   {}>]
  1:
  ListO[1](y, z) * ListO[0](x, y) |-
  [1' < 0'] : nil!=x * x->w' * ListO[1'](w', z) (UBound Intro) [2 <{(1, 1),
                                                                   (0, 0)}/
                                                                {}>]
    2:
    ListO[1](y, z) * ListO[0](x, y) |- nil!=x * x->w' * ListO[1'](w', z) (ListO L.Unf./LHS Inst.,LHS Inst./Simplify,Simplify) [
    3 <{(1, 1), (0, 0)}/{(0, 2)}>, 4 <{(1, 1), (0, 0)}/{(0, 2)}>]
      3:
      [2 < 0] : nil!=x * x->y * ListO[1](y, z) |- x->w' * ListO[1'](w', z) (Id)
      4:
      [2 < 0] : nil!=x * x->w * ListE[2](w, y) * ListO[1](y, z) |-
      x->w' * ListO[1'](w', z) (ListO R.Unf./Simplify) [5 <{(2, 2), (1, 1),
                                                           (0, 0)}/{}>]
        5:
        [2 < 0] : nil!=x * x->w * ListE[2](w, y) * ListO[1](y, z) |-
        [0' < 1'] : nil!=w' * x!=w' * x->w' * w'->y' * ListE[0'](y', z) (UBound Intro) [
        6 <{(2, 2), (1, 1), (0, 0)}/{}>]
          6:
          [2 < 0] : nil!=x * x->w * ListE[2](w, y) * ListO[1](y, z) |-
          nil!=w' * x!=w' * x->w' * w'->y' * ListE[0'](y', z) (ListE L.Unf./LHS Inst.) [
          7 <{(2, 2), (1, 1), (0, 0)}/{(2, 3), (0, 3), (0, 2)}>]
            7:
            [3 < 2; 2 < 0] : nil!=x * nil!=w * x!=w * x->w * w->a *
                             ListO[3](a, y) * ListO[1](y, z) |-
            nil!=w' * x!=w' * x->w' * w'->y' * ListE[0'](y', z) (Lemma.App) [
            8 <{(3, 3), (2, 2), (1, 1), (0, 0)}/{}>,
            9 <{(3, 3), (2, 2), (0, 0)}/{(2, 3), (0, 3), (0, 2)}>]
              8:
              [3 < 2; 2 < 0] : nil!=x * nil!=w * x!=w * ListO[3](a, y) *
                               ListO[1](y, z) |-
              ListE[1'](a, z) (R.Trans.Ex) [10 <{(3, 3), (2, 2), (1, 1),
                                                (0, 0)}/{}>]
                10:
                [3 < 2; 2 < 0] : nil!=x * nil!=w * x!=w * ListO[3](a, y) *
                                 ListO[1](y, z) |-
                ListE[0'](a, z) (Weaken) [11 <{(3, 3), (1, 1)}/{}>]
                  11:
                  ListO[3](a, y) * ListO[1](y, z) |- ListE[0'](a, z) (Subst) [
                  12 <{(3, 0), (1, 1)}/{}>]
                    12:
                    ListO[1](y, z) * ListO[0](x, y) |- ListE[0'](x, z) (Backl) [0] <pre=
                    {(1, 1), (0, 0)}>
              9:
              [3 < 2; 2 < 0] : nil!=x * nil!=w * x!=w * x->w * w->a *
                               ListE[1'](a, z) |-
              nil!=w' * x!=w' * x->w' * w'->y' * ListE[0'](y', z) (Id)

=== cyclist-sl-10.2
$ cyclist sl prove -S 'ListO[a](x,y) * ListO[b](y,z) |- [a] < [c'"'"'], [b] < [c'"'"'] : ListE[c'"'"'](x,z)' -p -t 60
exit: 0
0:
ListO[a](x, y) * ListO[b](y, z) |- [a < c'; b < c'] : ListE[c'](x, z) (ListE R.Unf.) [
1 <{(a, a), (b, b)}/{}>]
  1:
  ListO[a](x, y) * ListO[b](y, z) |-
  [0' < c'; a < c'; b < c'] : nil!=x * x->w' * ListO[0'](w', z) (UBound Intro) [
  2 <{(a, a), (b, b)}/{}>]
    2:
    ListO[a](x, y) * ListO[b](y, z) |- nil!=x * x->w' * ListO[0'](w', z) (ListO L.Unf./LHS Inst.,LHS Inst./Simplify,Simplify) [
    3 <{(a, a), (b, b)}/{(a, 0)}>, 4 <{(a, a), (b, b)}/{(a, 0)}>]
      3:
      [0 < a] : nil!=x * x->y * ListO[b](y, z) |- x->w' * ListO[0'](w', z) (Id)
      4:
      [0 < a] : nil!=x * x->w * ListE[0](w, y) * ListO[b](y, z) |-
      x->w' * ListO[0'](w', z) (ListO R.Unf./Simplify) [5 <{(0, 0), (a, a),
                                                           (b, b)}/{}>]
        5:
        [0 < a] : nil!=x * x->w * ListE[0](w, y) * ListO[b](y, z) |-
        [1' < 0'] : nil!=w' * x!=w' * x->w' * w'->y' * ListE[1'](y', z) (UBound Intro) [
        6 <{(0, 0), (a, a), (b, b)}/{}>]
          6:
          [0 < a] : nil!=x * x->w * ListE[0](w, y) * ListO[b](y, z) |-
          nil!=w' * x!=w' * x->w' * w'->y' * ListE[1'](y', z) (ListE L.Unf./LHS Inst.) [
          7 <{(0, 0), (a, a), (b, b)}/{(0, 1), (a, 1), (a, 0)}>]
            7:
            [1 < 0; 0 < a] : nil!=x * nil!=w * x!=w * x->w * w->a *
                             ListO[1](a, y) * ListO[b](y, z) |-
            nil!=w' * x!=w' * x->w' * w'->y' * ListE[1'](y', z) (Lemma.App) [
            8 <{(1, 1), (0, 0), (a, a), (b, b)}/{}>,
            9 <{(1, 1), (0, 0), (a, a), (b, b)}/{(0, 1), (a, 1), (a, 0)}>]
              8:
              [1 < 0; 0 < a] : nil!=x * nil!=w * x!=w * ListO[1](a, y) *
                               ListO[b](y, z) |-
              [1 < c'; b < c'] : ListE[c'](a, z) (Weaken) [10 <{(1, 1),
                                                               (b, b)}/
                                                           {}>]
                10:
                ListO[1](a, y) * ListO[b](y, z) |-
                [1 < c'; b < c'] : ListE[c'](a, z) (Subst) [11 <{(1, a),
                                                                (b, b)}/
                                                            {}>]
                  11:
                  ListO[a](x, y) * ListO[b](y, z) |-
                  [a < c'; b < c'] : ListE[c'](x, z) (Backl) [0] <pre=
                  {(a, a), (b, b)}>
              9:
              [1 < 0; 1 < c'; 0 < a; b < c'] : nil!=x * nil!=w * x!=w *
                                               x->w * w->a * ListE[c'](a, z) |-
              nil!=w' * x!=w' * x->w' * w'->y' * ListE[1'](y', z) (Id)

=== cyclist-sl-11.1
$ cyclist sl prove -S 'ListE(x,y) * ListE(y,z) |- ListE(x,z)' -p -t 60
exit: 0
0:
ListE[1](y, z) * ListE[0](x, y) |- ListE[0'](x, z) (ListE L.Unf./LHS Inst.) [
1 <{(1, 1), (0, 0)}/{(0, 2)}>]
  1:
  [2 < 0] : nil!=x * x->w * ListO[2](w, y) * ListE[1](y, z) |-
  ListE[0'](x, z) (ListO L.Unf./LHS Inst.,LHS Inst.) [2 <{(2, 2), (1, 1),
                                                         (0, 0)}/{(2, 3),
                                                                 (0, 3),
                                                                 (0, 2)}>,
  3 <{(2, 2), (1, 1), (0, 0)}/{(2, 3), (0, 3), (0, 2)}>]
    2:
    [3 < 2; 2 < 0] : nil!=x * nil!=w * x!=w * x->w * w->y * ListE[1](y, z) |-
    ListE[0'](x, z) (ListE R.Unf./Simplify) [4 <{(3, 3), (2, 2), (1, 1),
                                                (0, 0)}/{}>]
      4:
      [3 < 2; 2 < 0] : nil!=x * nil!=w * x!=w * x->w * w->y * ListE[1](y, z) |-
      [1' < 0'] : x->w' * ListO[1'](w', z) (UBound Intro) [5 <{(3, 3),
                                                              (2, 2),
                                                              (1, 1),
                                                              (0, 0)}/
                                                           {}>]
        5:
        [3 < 2; 2 < 0] : nil!=x * nil!=w * x!=w * x->w * w->y *
                         ListE[1](y, z) |-
        x->w' * ListO[1'](w', z) (ListO R.Unf./Simplify) [6 <{(3, 3),
                                                             (2, 2),
                                                             (1, 1),
                                                             (0, 0)}/
                                                          {}>]
          6:
          [3 < 2; 2 < 0] : nil!=x * nil!=w * x!=w * x->w * w->y *
                           ListE[1](y, z) |-
          [0' < 1'] : nil!=w' * x!=w' * x->w' * w'->y' * ListE[0'](y', z) (UBound Intro) [
          7 <{(3, 3), (2, 2), (1, 1), (0, 0)}/{}>]
            7:
            [3 < 2; 2 < 0] : nil!=x * nil!=w * x!=w * x->w * w->y *
                             ListE[1](y, z) |-
            nil!=w' * x!=w' * x->w' * w'->y' * ListE[0'](y', z) (Id)
    3:
    [3 < 2; 2 < 0] : nil!=x * nil!=w * x!=w * x->w * w->a * ListE[3](a, y) *
                     ListE[1](y, z) |-
    ListE[0'](x, z) (Lemma.App) [8 <{(3, 3), (2, 2), (1, 1), (0, 0)}/{}>,
    9 <{(3, 3), (2, 2), (0, 0)}/{(2, 3), (0, 3), (0, 2)}>]
      8:
      [3 < 2; 2 < 0] : nil!=x * nil!=w * x!=w * ListE[3](a, y) *
                       ListE[1](y, z) |-
      ListE[1'](a, z) (R.Trans.Ex) [10 <{(3, 3), (2, 2), (1, 1), (0, 0)}/{}>]
        10:
        [3 < 2; 2 < 0] : nil!=x * nil!=w * x!=w * ListE[3](a, y) *
                         ListE[1](y, z) |-
        ListE[0'](a, z) (Weaken) [11 <{(3, 3), (1, 1)}/{}>]
          11:
          ListE[3](a, y) * ListE[1](y, z) |- ListE[0'](a, z) (Subst) [
          12 <{(3, 0), (1, 1)}/{}>]
            12:
            ListE[1](y, z) * ListE[0](x, y) |- ListE[0'](x, z) (Backl) [0] <pre=
            {(1, 1), (0, 0)}>
      9:
      [3 < 2; 2 < 0] : nil!=x * nil!=w * x!=w * x->w * w->a * ListE[1'](a, z) |-
      ListE[0'](x, z) (LHS Inst.) [13 <{(3, 3), (2, 2), (1', 1), (0, 0)}/{}>]
        13:
        [3 < 2; 2 < 0] : nil!=x * nil!=w * x!=w * x->w * w->a *
                         ListE[1](a, z) |-
        ListE[0'](x, z) (Subst) [14 <{(3, 3), (2, 2), (1, 1), (0, 0)}/{}>]
          14:
          [3 < 2; 2 < 0] : nil!=x * nil!=w * x!=w * x->w * w->y *
                           ListE[1](y, z) |-
          ListE[0'](x, z) (Backl) [2] <pre={(3, 3), (2, 2), (1, 1), (0, 0)}>

=== cyclist-sl-11.2
$ cyclist sl prove -S 'ListE[a](x,y) * ListE[b](y,z) |- [a] < [c'"'"'], [b] < [c'"'"'] : ListE[c'"'"'](x,z)' -p -t 60
exit: 0
0:
ListE[a](x, y) * ListE[b](y, z) |- [a < c'; b < c'] : ListE[c'](x, z) (ListE R.Unf.) [
1 <{(a, a), (b, b)}/{}>]
  1:
  ListE[a](x, y) * ListE[b](y, z) |-
  [0' < c'; a < c'; b < c'] : nil!=x * x->w' * ListO[0'](w', z) (UBound Intro) [
  2 <{(a, a), (b, b)}/{}>]
    2:
    ListE[a](x, y) * ListE[b](y, z) |- nil!=x * x->w' * ListO[0'](w', z) (ListO R.Unf.) [
    3 <{(a, a), (b, b)}/{}>]
      3:
      ListE[a](x, y) * ListE[b](y, z) |-
      [1' < 0'] : nil!=x * nil!=w' * x!=w' * x->w' * w'->y' *
                  ListE[1'](y', z) (UBound Intro) [4 <{(a, a), (b, b)}/{}>]
        4:
        ListE[a](x, y) * ListE[b](y, z) |-
        nil!=x * nil!=w' * x!=w' * x->w' * w'->y' * ListE[1'](y', z) (ListE L.Unf./LHS Inst./Simplify) [
        5 <{(a, a), (b, b)}/{(a, 0)}>]
          5:
          [0 < a] : nil!=x * x->w * ListO[0](w, y) * ListE[b](y, z) |-
          nil!=w' * x!=w' * x->w' * w'->y' * ListE[1'](y', z) (ListO L.Unf./LHS Inst.,LHS Inst.) [
          6 <{(0, 0), (a, a), (b, b)}/{(0, 1), (a, 1), (a, 0)}>,
          7 <{(0, 0), (a, a), (b, b)}/{(0, 1), (a, 1), (a, 0)}>]
            6:
            [1 < 0; 0 < a] : nil!=x * nil!=w * x!=w * x->w * w->y *
                             ListE[b](y, z) |-
            nil!=w' * x!=w' * x->w' * w'->y' * ListE[1'](y', z) (Id)
            7:
            [1 < 0; 0 < a] : nil!=x * nil!=w * x!=w * x->w * w->a *
                             ListE[1](a, y) * ListE[b](y, z) |-
            nil!=w' * x!=w' * x->w' * w'->y' * ListE[1'](y', z) (Lemma.App) [
            8 <{(1, 1), (0, 0), (a, a), (b, b)}/{}>,
            9 <{(1, 1), (0, 0), (a, a), (b, b)}/{(0, 1), (a, 1), (a, 0)}>]
              8:
              [1 < 0; 0 < a] : nil!=x * nil!=w * x!=w * ListE[1](a, y) *
                               ListE[b](y, z) |-
              [1 < c'; b < c'] : ListE[c'](a, z) (Weaken) [10 <{(1, 1),
                                                               (b, b)}/
                                                           {}>]
                10:
                ListE[1](a, y) * ListE[b](y, z) |-
                [1 < c'; b < c'] : ListE[c'](a, z) (Subst) [11 <{(1, a),
                                                                (b, b)}/
                                                            {}>]
                  11:
                  ListE[a](x, y) * ListE[b](y, z) |-
                  [a < c'; b < c'] : ListE[c'](x, z) (Backl) [0] <pre=
                  {(a, a), (b, b)}>
              9:
              [1 < 0; 1 < c'; 0 < a; b < c'] : nil!=x * nil!=w * x!=w *
                                               x->w * w->a * ListE[c'](a, z) |-
              nil!=w' * x!=w' * x->w' * w'->y' * ListE[1'](y', z) (Id)

=== cyclist-sl-12.1
$ cyclist sl prove -S 'ListE(x,y) * ListO(y,z) |- ListO(x,z)' -p -t 60
exit: 0
0:
ListO[1](y, z) * ListE[0](x, y) |- ListO[0'](x, z) (ListE L.Unf./LHS Inst.) [
1 <{(1, 1), (0, 0)}/{(0, 2)}>]
  1:
  [2 < 0] : nil!=x * x->w * ListO[2](w, y) * ListO[1](y, z) |-
  ListO[0'](x, z) (ListO L.Unf./LHS Inst.,LHS Inst.) [2 <{(2, 2), (1, 1),
                                                         (0, 0)}/{(2, 3),
                                                                 (0, 3),
                                                                 (0, 2)}>,
  3 <{(2, 2), (1, 1), (0, 0)}/{(2, 3), (0, 3), (0, 2)}>]
    2:
    [3 < 2; 2 < 0] : nil!=x * nil!=w * x!=w * x->w * w->y * ListO[1](y, z) |-
    ListO[0'](x, z) (ListO R.Unf./Simplify) [4 <{(3, 3), (2, 2), (1, 1),
                                                (0, 0)}/{}>]
      4:
      [3 < 2; 2 < 0] : nil!=x * nil!=w * x!=w * x->w * w->y * ListO[1](y, z) |-
      [1' < 0'] : x->w' * ListE[1'](w', z) (UBound Intro) [5 <{(3, 3),
                                                              (2, 2),
                                                              (1, 1),
                                                              (0, 0)}/
                                                           {}>]
        5:
        [3 < 2; 2 < 0] : nil!=x * nil!=w * x!=w * x->w * w->y *
                         ListO[1](y, z) |-
        x->w' * ListE[1'](w', z) (ListE R.Unf./Simplify) [6 <{(3, 3),
                                                             (2, 2),
                                                             (1, 1),
                                                             (0, 0)}/
                                                          {}>]
          6:
          [3 < 2; 2 < 0] : nil!=x * nil!=w * x!=w * x->w * w->y *
                           ListO[1](y, z) |-
          [0' < 1'] : nil!=w' * x!=w' * x->w' * w'->y' * ListO[0'](y', z) (UBound Intro) [
          7 <{(3, 3), (2, 2), (1, 1), (0, 0)}/{}>]
            7:
            [3 < 2; 2 < 0] : nil!=x * nil!=w * x!=w * x->w * w->y *
                             ListO[1](y, z) |-
            nil!=w' * x!=w' * x->w' * w'->y' * ListO[0'](y', z) (Id)
    3:
    [3 < 2; 2 < 0] : nil!=x * nil!=w * x!=w * x->w * w->a * ListE[3](a, y) *
                     ListO[1](y, z) |-
    ListO[0'](x, z) (Lemma.App) [8 <{(3, 3), (2, 2), (1, 1), (0, 0)}/{}>,
    9 <{(3, 3), (2, 2), (0, 0)}/{(2, 3), (0, 3), (0, 2)}>]
      8:
      [3 < 2; 2 < 0] : nil!=x * nil!=w * x!=w * ListE[3](a, y) *
                       ListO[1](y, z) |-
      ListO[1'](a, z) (R.Trans.Ex) [10 <{(3, 3), (2, 2), (1, 1), (0, 0)}/{}>]
        10:
        [3 < 2; 2 < 0] : nil!=x * nil!=w * x!=w * ListE[3](a, y) *
                         ListO[1](y, z) |-
        ListO[0'](a, z) (Weaken) [11 <{(3, 3), (1, 1)}/{}>]
          11:
          ListE[3](a, y) * ListO[1](y, z) |- ListO[0'](a, z) (Subst) [
          12 <{(3, 0), (1, 1)}/{}>]
            12:
            ListO[1](y, z) * ListE[0](x, y) |- ListO[0'](x, z) (Backl) [0] <pre=
            {(1, 1), (0, 0)}>
      9:
      [3 < 2; 2 < 0] : nil!=x * nil!=w * x!=w * x->w * w->a * ListO[1'](a, z) |-
      ListO[0'](x, z) (LHS Inst.) [13 <{(3, 3), (2, 2), (1', 1), (0, 0)}/{}>]
        13:
        [3 < 2; 2 < 0] : nil!=x * nil!=w * x!=w * x->w * w->a *
                         ListO[1](a, z) |-
        ListO[0'](x, z) (Subst) [14 <{(3, 3), (2, 2), (1, 1), (0, 0)}/{}>]
          14:
          [3 < 2; 2 < 0] : nil!=x * nil!=w * x!=w * x->w * w->y *
                           ListO[1](y, z) |-
          ListO[0'](x, z) (Backl) [2] <pre={(3, 3), (2, 2), (1, 1), (0, 0)}>

=== cyclist-sl-12.2
$ cyclist sl prove -S 'ListE[a](x,y) * ListO[b](y,z) |- [a] < [c'"'"'], [b] < [c'"'"'] : ListO[c'"'"'](x,z)' -p -t 60
exit: 0
0:
ListE[a](x, y) * ListO[b](y, z) |- [a < c'; b < c'] : ListO[c'](x, z) (ListO R.Unf.) [
1 <{(a, a), (b, b)}/{}>]
  1:
  ListE[a](x, y) * ListO[b](y, z) |-
  [0' < c'; a < c'; b < c'] : nil!=x * x->w' * ListE[0'](w', z) (UBound Intro) [
  2 <{(a, a), (b, b)}/{}>]
    2:
    ListE[a](x, y) * ListO[b](y, z) |- nil!=x * x->w' * ListE[0'](w', z) (ListE R.Unf.) [
    3 <{(a, a), (b, b)}/{}>]
      3:
      ListE[a](x, y) * ListO[b](y, z) |-
      [1' < 0'] : nil!=x * nil!=w' * x!=w' * x->w' * w'->y' *
                  ListO[1'](y', z) (UBound Intro) [4 <{(a, a), (b, b)}/{}>]
        4:
        ListE[a](x, y) * ListO[b](y, z) |-
        nil!=x * nil!=w' * x!=w' * x->w' * w'->y' * ListO[1'](y', z) (ListE L.Unf./LHS Inst./Simplify) [
        5 <{(a, a), (b, b)}/{(a, 0)}>]
          5:
          [0 < a] : nil!=x * x->w * ListO[0](w, y) * ListO[b](y, z) |-
          nil!=w' * x!=w' * x->w' * w'->y' * ListO[1'](y', z) (ListO L.Unf./LHS Inst.,LHS Inst.) [
          6 <{(0, 0), (a, a), (b, b)}/{(0, 1), (a, 1), (a, 0)}>,
          7 <{(0, 0), (a, a), (b, b)}/{(0, 1), (a, 1), (a, 0)}>]
            6:
            [1 < 0; 0 < a] : nil!=x * nil!=w * x!=w * x->w * w->y *
                             ListO[b](y, z) |-
            nil!=w' * x!=w' * x->w' * w'->y' * ListO[1'](y', z) (Id)
            7:
            [1 < 0; 0 < a] : nil!=x * nil!=w * x!=w * x->w * w->a *
                             ListE[1](a, y) * ListO[b](y, z) |-
            nil!=w' * x!=w' * x->w' * w'->y' * ListO[1'](y', z) (Lemma.App) [
            8 <{(1, 1), (0, 0), (a, a), (b, b)}/{}>,
            9 <{(1, 1), (0, 0), (a, a), (b, b)}/{(0, 1), (a, 1), (a, 0)}>]
              8:
              [1 < 0; 0 < a] : nil!=x * nil!=w * x!=w * ListE[1](a, y) *
                               ListO[b](y, z) |-
              [1 < c'; b < c'] : ListO[c'](a, z) (Weaken) [10 <{(1, 1),
                                                               (b, b)}/
                                                           {}>]
                10:
                ListE[1](a, y) * ListO[b](y, z) |-
                [1 < c'; b < c'] : ListO[c'](a, z) (Subst) [11 <{(1, a),
                                                                (b, b)}/
                                                            {}>]
                  11:
                  ListE[a](x, y) * ListO[b](y, z) |-
                  [a < c'; b < c'] : ListO[c'](x, z) (Backl) [0] <pre=
                  {(a, a), (b, b)}>
              9:
              [1 < 0; 1 < c'; 0 < a; b < c'] : nil!=x * nil!=w * x!=w *
                                               x->w * w->a * ListO[c'](a, z) |-
              nil!=w' * x!=w' * x->w' * w'->y' * ListO[1'](y', z) (Id)

=== cyclist-sl-13.1
$ cyclist sl prove -S 'BinListFirst(x) |- BinTree(x)' -p -t 60
exit: 0
0:
BinListFirst[0](x) |- BinTree[0'](x) (BinListFirst L.Unf./LHS Inst.,LHS Inst.) [
1 <{(0, 0)}/{(0, 1)}>, 2 <{(0, 0)}/{(0, 1)}>]
  1:
  [1 < 0] : emp |- BinTree[0'](x) (BinTree R.Unf.) [3 <{(1, 1), (0, 0)}/{}>]
    3: [1 < 0] : emp |- emp (Id)
  2:
  [1 < 0] : nil!=x * x->y, w * BinListFirst[1](y) |- BinTree[0'](x) (BinTree R.Unf./Simplify) [
  4 <{(1, 1), (0, 0)}/{}>]
    4:
    [1 < 0] : nil!=x * x->y, w * BinListFirst[1](y) |-
    [2' < 0'; 1' < 0'] : x->w', z' * BinTree[2'](w') * BinTree[1'](z') (UBound Intro) [
    5 <{(1, 1), (0, 0)}/{}>]
      5:
      [1 < 0] : nil!=x * x->y, w * BinListFirst[1](y) |-
      x->w', z' * BinTree[2'](w') * BinTree[1'](z') (BinTree R.Unf./Simplify) [
      6 <{(1, 1), (0, 0)}/{}>]
        6:
        [1 < 0] : nil!=x * x->y, w * BinListFirst[1](y) |-
        x->w', z' * BinTree[2'](w') (Lemma.App) [7 <{(1, 1), (0, 0)}/{}>,
        8 <{(1, 1), (0, 0)}/{(0, 1)}>]
          7:
          [1 < 0] : nil!=x * BinListFirst[1](y) |- BinTree[0'](y) (Weaken) [
          9 <{(1, 1)}/{}>]
            9:
            BinListFirst[1](y) |- BinTree[0'](y) (Subst) [10 <{(1, 0)}/{}>]
              10:
              BinListFirst[0](x) |- BinTree[0'](x) (Backl) [0] <pre={(0, 0)}>
          8:
          [1 < 0] : nil!=x * x->y, w * BinTree[0'](y) |-
          x->w', z' * BinTree[2'](w') (Id)

=== cyclist-sl-13.2
$ cyclist sl prove -S 'BinListFirst[a](x) |- BinTree[a](x)' -p -t 60
exit: 0
0:
BinListFirst[a](x) |- BinTree[a](x) (BinListFirst L.Unf./LHS Inst.,LHS Inst.) [
1 <{(a, a)}/{(a, 0)}>, 2 <{(a, a)}/{(a, 0)}>]
  1:
  [0 < a] : emp |- BinTree[a](x) (BinTree R.Unf.) [3 <{(0, 0), (a, a)}/{}>]
    3: [0 < a] : emp |- emp (Id)
  2:
  [0 < a] : nil!=x * x->y, w * BinListFirst[0](y) |- BinTree[a](x) (Lemma.App) [
  4 <{(0, 0), (a, a)}/{}>, 5 <{(0, 0), (a, a)}/{(a, 0)}>]
    4:
    [0 < a] : nil!=x * BinListFirst[0](y) |- BinTree[0](y) (Weaken) [
    6 <{(0, 0)}/{}>]
      6: BinListFirst[0](y) |- BinTree[0](y) (Subst) [7 <{(0, a)}/{}>]
        7: BinListFirst[a](x) |- BinTree[a](x) (Backl) [0] <pre={(a, a)}>
    5:
    [0 < a] : nil!=x * x->y, w * BinTree[0](y) |- BinTree[a](x) (BinTree R.Unf./Simplify) [
    8 <{(0, 0), (a, a)}/{}>]
      8:
      [0 < a] : nil!=x * x->y, w * BinTree[0](y) |-
      [1' < a; 0' < a] : x->w', z' * BinTree[1'](w') * BinTree[0'](z') (Inst.Tag (Match)/Simplify) [
      9 <{(0, 0), (a, a)}/{}>]
        9:
        [0 < a] : nil!=x * x->y, w * BinTree[0](y) |-
        [0' < a] : x->w', z' * BinTree[0'](z') * BinTree[0](w') (Inst.Tag (Match)/Simplify) [
        10 <{(0, 0), (a, a)}/{}>]
          10:
          [0 < a] : nil!=x * x->y, w * BinTree[0](y) |-
          x->w', z' * BinTree[0](z') * BinTree[0](w') (BinTree R.Unf./Simplify) [
          11 <{(0, 0), (a, a)}/{}>]
            11:
            [0 < a] : nil!=x * x->y, w * BinTree[0](y) |-
            x->w', z' * BinTree[0](w') (Id)

=== cyclist-sl-13.3
$ cyclist sl prove -S 'BinListFirst[a](x) |- [a] < [b'"'"'] : BinTree[b'"'"'](x)' -p -t 60
exit: 0
0:
BinListFirst[a](x) |- [a < b'] : BinTree[b'](x) (BinListFirst L.Unf./LHS Inst.,LHS Inst.) [
1 <{(a, a)}/{(a, 0)}>, 2 <{(a, a)}/{(a, 0)}>]
  1:
  [0 < a] : emp |- [a < b'] : BinTree[b'](x) (BinTree R.Unf.) [3 <{(0, 0),
                                                                  (a, a)}/
                                                               {}>]
    3:
    [0 < a] : emp |- [a < b'] : emp (UBound Intro) [4 <{(0, 0), (a, a)}/{}>]
      4: [0 < a] : emp |- emp (Id)
  2:
  [0 < a] : nil!=x * x->y, w * BinListFirst[0](y) |-
  [a < b'] : BinTree[b'](x) (BinTree R.Unf./Simplify) [5 <{(0, 0), (a, a)}/
                                                       {}>]
    5:
    [0 < a] : nil!=x * x->y, w * BinListFirst[0](y) |-
    [1' < b'; 0' < b'; a < b'] : x->w', z' * BinTree[1'](w') *
                                 BinTree[0'](z') (UBound Intro) [6 <{
                                                                    (0, 0),
                                                                    (a, a)}/
                                                                 {}>]
      6:
      [0 < a] : nil!=x * x->y, w * BinListFirst[0](y) |-
      x->w', z' * BinTree[1'](w') * BinTree[0'](z') (BinTree R.Unf./Simplify) [
      7 <{(0, 0), (a, a)}/{}>]
        7:
        [0 < a] : nil!=x * x->y, w * BinListFirst[0](y) |-
        x->w', z' * BinTree[1'](w') (Lemma.App) [8 <{(0, 0), (a, a)}/{}>,
        9 <{(0, 0), (a, a)}/{(a, 0)}>]
          8:
          [0 < a] : nil!=x * BinListFirst[0](y) |- [0 < b'] : BinTree[b'](y) (Weaken) [
          10 <{(0, 0)}/{}>]
            10:
            BinListFirst[0](y) |- [0 < b'] : BinTree[b'](y) (Subst) [
            11 <{(0, a)}/{}>]
              11:
              BinListFirst[a](x) |- [a < b'] : BinTree[b'](x) (Backl) [0] <pre=
              {(a, a)}>
          9:
          [0 < a; 0 < b'] : nil!=x * x->y, w * BinTree[b'](y) |-
          x->w', z' * BinTree[1'](w') (Id)

=== cyclist-sl-13.4
$ cyclist sl prove -S 'BinListFirst[a](x) |- [b'"'"'] <= [a] : BinTree[b'"'"'](x)' -p -t 60
exit: 0
0:
BinListFirst[a](x) |- [b' <= a] : BinTree[b'](x) (Inst.Tag (Sel.UBound)/Simplify) [
1 <{(a, a)}/{}>]
  1:
  BinListFirst[a](x) |- BinTree[a](x) (BinListFirst L.Unf./LHS Inst.,LHS Inst.) [
  2 <{(a, a)}/{(a, 0)}>, 3 <{(a, a)}/{(a, 0)}>]
    2:
    [0 < a] : emp |- BinTree[a](x) (BinTree R.Unf.) [4 <{(0, 0), (a, a)}/{}>]
      4: [0 < a] : emp |- emp (Id)
    3:
    [0 < a] : nil!=x * x->y, w * BinListFirst[0](y) |- BinTree[a](x) (BinTree R.Unf./Simplify) [
    5 <{(0, 0), (a, a)}/{}>]
      5:
      [0 < a] : nil!=x * x->y, w * BinListFirst[0](y) |-
      [1' < a; 0' < a] : x->w', z' * BinTree[1'](w') * BinTree[0'](z') (Inst.Tag (Match)/Simplify) [
      6 <{(0, 0), (a, a)}/{}>]
        6:
        [0 < a] : nil!=x * x->y, w * BinListFirst[0](y) |-
        [0' < a] : x->w', z' * BinTree[0'](z') * BinTree[0](w') (Inst.Tag (Match)/Simplify) [
        7 <{(0, 0), (a, a)}/{}>]
          7:
          [0 < a] : nil!=x * x->y, w * BinListFirst[0](y) |-
          x->w', z' * BinTree[0](z') * BinTree[0](w') (Pto Intro/Simplify) [
          8 <{(0, 0)}/{}>]
            8:
            [0 < a] : nil!=x * BinListFirst[0](y) |-
            BinTree[0](y) * BinTree[0](w) (BinTree R.Unf.) [9 <{(0, 0),
                                                               (a, a)}/
                                                            {}>]
              9:
              [0 < a] : nil!=x * BinListFirst[0](y) |- BinTree[0](y) (Weaken) [
              10 <{(0, 0)}/{}>]
                10:
                BinListFirst[0](y) |- BinTree[0](y) (Subst) [11 <{(0, a)}/{}>]
                  11:
                  BinListFirst[a](x) |- BinTree[a](x) (Backl) [1] <pre=
                  {(a, a)}>

=== cyclist-sl-14.1
$ cyclist sl prove -S 'BinListSecond(x) |- BinTree(x)' -p -t 60
exit: 0
0:
BinListSecond[0](x) |- BinTree[0'](x) (BinListSecond L.Unf./LHS Inst.,LHS Inst.) [
1 <{(0, 0)}/{(0, 1)}>, 2 <{(0, 0)}/{(0, 1)}>]
  1:
  [1 < 0] : emp |- BinTree[0'](x) (BinTree R.Unf.) [3 <{(1, 1), (0, 0)}/{}>]
    3: [1 < 0] : emp |- emp (Id)
  2:
  [1 < 0] : nil!=x * x->y, w * BinListSecond[1](w) |- BinTree[0'](x) (BinTree R.Unf./Simplify) [
  4 <{(1, 1), (0, 0)}/{}>]
    4:
    [1 < 0] : nil!=x * x->y, w * BinListSecond[1](w) |-
    [2' < 0'; 1' < 0'] : x->w', z' * BinTree[2'](w') * BinTree[1'](z') (UBound Intro) [
    5 <{(1, 1), (0, 0)}/{}>]
      5:
      [1 < 0] : nil!=x * x->y, w * BinListSecond[1](w) |-
      x->w', z' * BinTree[2'](w') * BinTree[1'](z') (BinTree R.Unf./Simplify) [
      6 <{(1, 1), (0, 0)}/{}>]
        6:
        [1 < 0] : nil!=x * x->y, w * BinListSecond[1](w) |-
        x->w', z' * BinTree[1'](z') (Lemma.App) [7 <{(1, 1), (0, 0)}/{}>,
        8 <{(1, 1), (0, 0)}/{(0, 1)}>]
          7:
          [1 < 0] : nil!=x * BinListSecond[1](w) |- BinTree[0'](w) (Weaken) [
          9 <{(1, 1)}/{}>]
            9:
            BinListSecond[1](w) |- BinTree[0'](w) (Subst) [10 <{(1, 0)}/{}>]
              10:
              BinListSecond[0](x) |- BinTree[0'](x) (Backl) [0] <pre=
              {(0, 0)}>
          8:
          [1 < 0] : nil!=x * x->y, w * BinTree[0'](w) |-
          x->w', z' * BinTree[1'](z') (Id)

=== cyclist-sl-14.2
$ cyclist sl prove -S 'BinListSecond[a](x) |- BinTree[a](x)' -p -t 60
exit: 0
0:
BinListSecond[a](x) |- BinTree[a](x) (BinListSecond L.Unf./LHS Inst.,LHS Inst.) [
1 <{(a, a)}/{(a, 0)}>, 2 <{(a, a)}/{(a, 0)}>]
  1:
  [0 < a] : emp |- BinTree[a](x) (BinTree R.Unf.) [3 <{(0, 0), (a, a)}/{}>]
    3: [0 < a] : emp |- emp (Id)
  2:
  [0 < a] : nil!=x * x->y, w * BinListSecond[0](w) |- BinTree[a](x) (Lemma.App) [
  4 <{(0, 0), (a, a)}/{}>, 5 <{(0, 0), (a, a)}/{(a, 0)}>]
    4:
    [0 < a] : nil!=x * BinListSecond[0](w) |- BinTree[0](w) (Weaken) [
    6 <{(0, 0)}/{}>]
      6: BinListSecond[0](w) |- BinTree[0](w) (Subst) [7 <{(0, a)}/{}>]
        7: BinListSecond[a](x) |- BinTree[a](x) (Backl) [0] <pre={(a, a)}>
    5:
    [0 < a] : nil!=x * x->y, w * BinTree[0](w) |- BinTree[a](x) (BinTree R.Unf./Simplify) [
    8 <{(0, 0), (a, a)}/{}>]
      8:
      [0 < a] : nil!=x * x->y, w * BinTree[0](w) |-
      [1' < a; 0' < a] : x->w', z' * BinTree[1'](w') * BinTree[0'](z') (Inst.Tag (Match)/Simplify) [
      9 <{(0, 0), (a, a)}/{}>]
        9:
        [0 < a] : nil!=x * x->y, w * BinTree[0](w) |-
        [0' < a] : x->w', z' * BinTree[0'](z') * BinTree[0](w') (Inst.Tag (Match)/Simplify) [
        10 <{(0, 0), (a, a)}/{}>]
          10:
          [0 < a] : nil!=x * x->y, w * BinTree[0](w) |-
          x->w', z' * BinTree[0](z') * BinTree[0](w') (BinTree R.Unf./Simplify) [
          11 <{(0, 0), (a, a)}/{}>]
            11:
            [0 < a] : nil!=x * x->y, w * BinTree[0](w) |-
            x->w', z' * BinTree[0](z') (Id)

=== cyclist-sl-14.3
$ cyclist sl prove -S 'BinListSecond[a](x) |- [a] < [b'"'"'] : BinTree[b'"'"'](x)' -p -t 60
exit: 0
0:
BinListSecond[a](x) |- [a < b'] : BinTree[b'](x) (BinListSecond L.Unf./LHS Inst.,LHS Inst.) [
1 <{(a, a)}/{(a, 0)}>, 2 <{(a, a)}/{(a, 0)}>]
  1:
  [0 < a] : emp |- [a < b'] : BinTree[b'](x) (BinTree R.Unf.) [3 <{(0, 0),
                                                                  (a, a)}/
                                                               {}>]
    3:
    [0 < a] : emp |- [a < b'] : emp (UBound Intro) [4 <{(0, 0), (a, a)}/{}>]
      4: [0 < a] : emp |- emp (Id)
  2:
  [0 < a] : nil!=x * x->y, w * BinListSecond[0](w) |-
  [a < b'] : BinTree[b'](x) (BinTree R.Unf./Simplify) [5 <{(0, 0), (a, a)}/
                                                       {}>]
    5:
    [0 < a] : nil!=x * x->y, w * BinListSecond[0](w) |-
    [1' < b'; 0' < b'; a < b'] : x->w', z' * BinTree[1'](w') *
                                 BinTree[0'](z') (UBound Intro) [6 <{
                                                                    (0, 0),
                                                                    (a, a)}/
                                                                 {}>]
      6:
      [0 < a] : nil!=x * x->y, w * BinListSecond[0](w) |-
      x->w', z' * BinTree[1'](w') * BinTree[0'](z') (BinTree R.Unf./Simplify) [
      7 <{(0, 0), (a, a)}/{}>]
        7:
        [0 < a] : nil!=x * x->y, w * BinListSecond[0](w) |-
        x->w', z' * BinTree[0'](z') (Lemma.App) [8 <{(0, 0), (a, a)}/{}>,
        9 <{(0, 0), (a, a)}/{(a, 0)}>]
          8:
          [0 < a] : nil!=x * BinListSecond[0](w) |- [0 < b'] : BinTree[b'](w) (Weaken) [
          10 <{(0, 0)}/{}>]
            10:
            BinListSecond[0](w) |- [0 < b'] : BinTree[b'](w) (Subst) [
            11 <{(0, a)}/{}>]
              11:
              BinListSecond[a](x) |- [a < b'] : BinTree[b'](x) (Backl) [0] <pre=
              {(a, a)}>
          9:
          [0 < a; 0 < b'] : nil!=x * x->y, w * BinTree[b'](w) |-
          x->w', z' * BinTree[0'](z') (Id)

=== cyclist-sl-14.4
$ cyclist sl prove -S 'BinListSecond[a](x) |- [b'"'"'] <= [a] : BinTree[b'"'"'](x)' -p -t 60
exit: 0
0:
BinListSecond[a](x) |- [b' <= a] : BinTree[b'](x) (Inst.Tag (Sel.UBound)/Simplify) [
1 <{(a, a)}/{}>]
  1:
  BinListSecond[a](x) |- BinTree[a](x) (BinListSecond L.Unf./LHS Inst.,LHS Inst.) [
  2 <{(a, a)}/{(a, 0)}>, 3 <{(a, a)}/{(a, 0)}>]
    2:
    [0 < a] : emp |- BinTree[a](x) (BinTree R.Unf.) [4 <{(0, 0), (a, a)}/{}>]
      4: [0 < a] : emp |- emp (Id)
    3:
    [0 < a] : nil!=x * x->y, w * BinListSecond[0](w) |- BinTree[a](x) (BinTree R.Unf./Simplify) [
    5 <{(0, 0), (a, a)}/{}>]
      5:
      [0 < a] : nil!=x * x->y, w * BinListSecond[0](w) |-
      [1' < a; 0' < a] : x->w', z' * BinTree[1'](w') * BinTree[0'](z') (Inst.Tag (Match)/Simplify) [
      6 <{(0, 0), (a, a)}/{}>]
        6:
        [0 < a] : nil!=x * x->y, w * BinListSecond[0](w) |-
        [0' < a] : x->w', z' * BinTree[0'](z') * BinTree[0](w') (Inst.Tag (Match)/Simplify) [
        7 <{(0, 0), (a, a)}/{}>]
          7:
          [0 < a] : nil!=x * x->y, w * BinListSecond[0](w) |-
          x->w', z' * BinTree[0](z') * BinTree[0](w') (Pto Intro/Simplify) [
          8 <{(0, 0)}/{}>]
            8:
            [0 < a] : nil!=x * BinListSecond[0](w) |-
            BinTree[0](y) * BinTree[0](w) (BinTree R.Unf.) [9 <{(0, 0),
                                                               (a, a)}/
                                                            {}>]
              9:
              [0 < a] : nil!=x * BinListSecond[0](w) |- BinTree[0](w) (Weaken) [
              10 <{(0, 0)}/{}>]
                10:
                BinListSecond[0](w) |- BinTree[0](w) (Subst) [11 <{(0, a)}/
                                                              {}>]
                  11:
                  BinListSecond[a](x) |- BinTree[a](x) (Backl) [1] <pre=
                  {(a, a)}>

=== cyclist-sl-15.1
$ cyclist sl prove -S 'BinPath(x,z) * BinPath(z,y) |- BinPath(x,y)' -p -t 60
exit: 0
0:
BinPath[1](z, y) * BinPath[0](x, z) |- BinPath[0'](x, y) (BinPath L.Unf./LHS Inst.,LHS Inst.,LHS Inst./Simplify) [
1 <{(1, 1), (0, 0)}/{(0, 2)}>, 2 <{(1, 1), (0, 0)}/{(0, 2)}>,
3 <{(1, 1), (0, 0)}/{(0, 2)}>]
  1: [2 < 0] : BinPath[1](x, y) |- BinPath[0'](x, y) (Id)
  2:
  [2 < 0] : nil!=x * x->w, a * BinPath[2](w, z) * BinPath[1](z, y) |-
  BinPath[0'](x, y) (BinPath R.Unf./Simplify) [4 <{(2, 2), (1, 1), (0, 0)}/
                                               {}>]
    4:
    [2 < 0] : nil!=x * x->w, a * BinPath[2](w, z) * BinPath[1](z, y) |-
    [1' < 0'] : x->z', w' * BinPath[1'](z', y) (UBound Intro) [5 <{(2, 2),
                                                                  (1, 1),
                                                                  (0, 0)}/
                                                               {}>]
      5:
      [2 < 0] : nil!=x * x->w, a * BinPath[2](w, z) * BinPath[1](z, y) |-
      x->z', w' * BinPath[1'](z', y) (Lemma.App) [6 <{(2, 2), (1, 1), (0, 0)}/
                                                  {}>,
      7 <{(2, 2), (0, 0)}/{(0, 2)}>]
        6:
        [2 < 0] : nil!=x * BinPath[2](w, z) * BinPath[1](z, y) |-
        BinPath[0'](w, y) (Weaken) [8 <{(2, 2), (1, 1)}/{}>]
          8:
          BinPath[2](w, z) * BinPath[1](z, y) |- BinPath[0'](w, y) (Subst) [
          9 <{(2, 0), (1, 1)}/{}>]
            9:
            BinPath[1](z, y) * BinPath[0](x, z) |- BinPath[0'](x, y) (Backl) [0] <pre=
            {(1, 1), (0, 0)}>
        7:
        [2 < 0] : nil!=x * x->w, a * BinPath[0'](w, y) |-
        x->z', w' * BinPath[1'](z', y) (Id)
  3:
  [2 < 0] : nil!=x * x->w, a * BinPath[2](a, z) * BinPath[1](z, y) |-
  BinPath[0'](x, y) (BinPath R.Unf./Simplify) [10 <{(2, 2), (1, 1), (0, 0)}/
                                               {}>]
    10:
    [2 < 0] : nil!=x * x->w, a * BinPath[2](a, z) * BinPath[1](z, y) |-
    [1' < 0'] : x->z', w' * BinPath[1'](w', y) (UBound Intro) [11 <{(2, 2),
                                                                   (1, 1),
                                                                   (0, 0)}/
                                                               {}>]
      11:
      [2 < 0] : nil!=x * x->w, a * BinPath[2](a, z) * BinPath[1](z, y) |-
      x->z', w' * BinPath[1'](w', y) (Lemma.App) [12 <{(2, 2), (1, 1),
                                                      (0, 0)}/{}>,
      13 <{(2, 2), (0, 0)}/{(0, 2)}>]
        12:
        [2 < 0] : nil!=x * BinPath[2](a, z) * BinPath[1](z, y) |-
        BinPath[0'](a, y) (Weaken) [14 <{(2, 2), (1, 1)}/{}>]
          14:
          BinPath[2](a, z) * BinPath[1](z, y) |- BinPath[0'](a, y) (Subst) [
          15 <{(2, 0), (1, 1)}/{}>]
            15:
            BinPath[1](z, y) * BinPath[0](x, z) |- BinPath[0'](x, y) (Backl) [0] <pre=
            {(1, 1), (0, 0)}>
        13:
        [2 < 0] : nil!=x * x->w, a * BinPath[0'](a, y) |-
        x->z', w' * BinPath[1'](w', y) (Id)

=== cyclist-sl-15.2
$ cyclist sl prove -S 'BinPath[a](x,z) * BinPath[b](z,y) |- [a] < [c'"'"'], [b] < [c'"'"'] : BinPath[c'"'"'](x,y)' -p -t 60
exit: 0
0:
BinPath[a](x, z) * BinPath[b](z, y) |- [a < c'; b < c'] : BinPath[c'](x, y) (BinPath L.Unf./LHS Inst.,LHS Inst.,LHS Inst./Simplify) [
1 <{(a, a), (b, b)}/{(a, 0)}>, 2 <{(a, a), (b, b)}/{(a, 0)}>,
3 <{(a, a), (b, b)}/{(a, 0)}>]
  1:
  [0 < a] : BinPath[b](x, y) |- [a < c'; b < c'] : BinPath[c'](x, y) (BinPath L.Unf./LHS Inst.,LHS Inst.,LHS Inst./Simplify) [
  4 <{(0, 0), (a, a), (b, b)}/{(a, 0), (b, 1)}>,
  5 <{(0, 0), (a, a), (b, b)}/{(a, 0), (b, 1)}>,
  6 <{(0, 0), (a, a), (b, b)}/{(a, 0), (b, 1)}>]
    4:
    [1 < b; 0 < a] : emp |- [a < c'; b < c'] : BinPath[c'](x, x) (BinPath R.Unf.) [
    7 <{(1, 1), (0, 0), (a, a), (b, b)}/{}>]
      7:
      [1 < b; 0 < a] : emp |- [a < c'; b < c'] : emp (UBound Intro) [
      8 <{(1, 1), (0, 0), (a, a), (b, b)}/{}>]
        8: [1 < b; 0 < a] : emp |- emp (Id)
    5:
    [1 < b; 0 < a] : nil!=x * x->w, z * BinPath[1](w, y) |-
    [a < c'; b < c'] : BinPath[c'](x, y) (BinPath R.Unf./Simplify) [9 <
                                                                    {
                                                                    (1, 1),
                                                                    (0, 0),
                                                                    (a, a),
                                                                    (b, b)}/
                                                                    {}>]
      9:
      [1 < b; 0 < a] : nil!=x * x->w, z * BinPath[1](w, y) |-
      [0' < c'; a < c'; b < c'] : x->z', w' * BinPath[0'](z', y) (UBound Intro) [
      10 <{(1, 1), (0, 0), (a, a), (b, b)}/{}>]
        10:
        [1 < b; 0 < a] : nil!=x * x->w, z * BinPath[1](w, y) |-
        x->z', w' * BinPath[0'](z', y) (Id)
    6:
    [1 < b; 0 < a] : nil!=x * x->w, z * BinPath[1](z, y) |-
    [a < c'; b < c'] : BinPath[c'](x, y) (BinPath R.Unf./Simplify) [11 <
                                                                    {
                                                                    (1, 1),
                                                                    (0, 0),
                                                                    (a, a),
                                                                    (b, b)}/
                                                                    {}>]
      11:
      [1 < b; 0 < a] : nil!=x * x->w, z * BinPath[1](z, y) |-
      [0' < c'; a < c'; b < c'] : x->z', w' * BinPath[0'](w', y) (UBound Intro) [
      12 <{(1, 1), (0, 0), (a, a), (b, b)}/{}>]
        12:
        [1 < b; 0 < a] : nil!=x * x->w, z * BinPath[1](z, y) |-
        x->z', w' * BinPath[0'](w', y) (Id)
  2:
  [0 < a] : nil!=x * x->w, a * BinPath[0](w, z) * BinPath[b](z, y) |-
  [a < c'; b < c'] : BinPath[c'](x, y) (BinPath R.Unf./Simplify) [13 <
                                                                  {(0, 0),
                                                                  (a, a),
                                                                  (b, b)}/
                                                                  {}>]
    13:
    [0 < a] : nil!=x * x->w, a * BinPath[0](w, z) * BinPath[b](z, y) |-
    [0' < c'; a < c'; b < c'] : x->z', w' * BinPath[0'](z', y) (UBound Intro) [
    14 <{(0, 0), (a, a), (b, b)}/{}>]
      14:
      [0 < a] : nil!=x * x->w, a * BinPath[0](w, z) * BinPath[b](z, y) |-
      x->z', w' * BinPath[0'](z', y) (Lemma.App) [15 <{(0, 0), (a, a),
                                                      (b, b)}/{}>,
      16 <{(0, 0), (a, a), (b, b)}/{(a, 0)}>]
        15:
        [0 < a] : nil!=x * BinPath[0](w, z) * BinPath[b](z, y) |-
        [0 < c'; b < c'] : BinPath[c'](w, y) (Weaken) [17 <{(0, 0), (b, b)}/
                                                       {}>]
          17:
          BinPath[0](w, z) * BinPath[b](z, y) |-
          [0 < c'; b < c'] : BinPath[c'](w, y) (Subst) [18 <{(0, a), (b, b)}/
                                                        {}>]
            18:
            BinPath[a](x, z) * BinPath[b](z, y) |-
            [a < c'; b < c'] : BinPath[c'](x, y) (Backl) [0] <pre={(a, a),
                                                                  (b, b)}>
        16:
        [0 < a; 0 < c'; b < c'] : nil!=x * x->w, a * BinPath[c'](w, y) |-
        x->z', w' * BinPath[0'](z', y) (Id)
  3:
  [0 < a] : nil!=x * x->w, a * BinPath[0](a, z) * BinPath[b](z, y) |-
  [a < c'; b < c'] : BinPath[c'](x, y) (BinPath R.Unf./Simplify) [19 <
                                                                  {(0, 0),
                                                                  (a, a),
                                                                  (b, b)}/
                                                                  {}>]
    19:
    [0 < a] : nil!=x * x->w, a * BinPath[0](a, z) * BinPath[b](z, y) |-
    [0' < c'; a < c'; b < c'] : x->z', w' * BinPath[0'](w', y) (UBound Intro) [
    20 <{(0, 0), (a, a), (b, b)}/{}>]
      20:
      [0 < a] : nil!=x * x->w, a * BinPath[0](a, z) * BinPath[b](z, y) |-
      x->z', w' * BinPath[0'](w', y) (Lemma.App) [21 <{(0, 0), (a, a),
                                                      (b, b)}/{}>,
      22 <{(0, 0), (a, a), (b, b)}/{(a, 0)}>]
        21:
        [0 < a] : nil!=x * BinPath[0](a, z) * BinPath[b](z, y) |-
        [0 < c'; b < c'] : BinPath[c'](a, y) (Weaken) [23 <{(0, 0), (b, b)}/
                                                       {}>]
          23:
          BinPath[0](a, z) * BinPath[b](z, y) |-
          [0 < c'; b < c'] : BinPath[c'](a, y) (Subst) [24 <{(0, a), (b, b)}/
                                                        {}>]
            24:
            BinPath[a](x, z) * BinPath[b](z, y) |-
            [a < c'; b < c'] : BinPath[c'](x, y) (Backl) [0] <pre={(a, a),
                                                                  (b, b)}>
        22:
        [0 < a; 0 < c'; b < c'] : nil!=x * x->w, a * BinPath[c'](a, y) |-
        x->z', w' * BinPath[0'](w', y) (Id)

=== cyclist-sl-16.1
$ cyclist sl prove -S 'BinPath(x,y) |- BinTreeSeg(x,y)' -p -t 60
exit: 0
0:
BinPath[0](x, y) |- BinTreeSeg[0'](x, y) (BinPath L.Unf./LHS Inst.,LHS Inst.,LHS Inst./Simplify) [
1 <{(0, 0)}/{(0, 1)}>, 2 <{(0, 0)}/{(0, 1)}>, 3 <{(0, 0)}/{(0, 1)}>]
  1:
  [1 < 0] : emp |- BinTreeSeg[0'](x, x) (BinTreeSeg R.Unf.) [4 <{(1, 1),
                                                                (0, 0)}/
                                                             {}>]
    4: [1 < 0] : emp |- emp (Id)
  2:
  [1 < 0] : nil!=x * x->w, z * BinPath[1](w, y) |- BinTreeSeg[0'](x, y) (BinTreeSeg R.Unf./Simplify) [
  5 <{(1, 1), (0, 0)}/{}>]
    5:
    [1 < 0] : nil!=x * x->w, z * BinPath[1](w, y) |-
    [2' < 0'; 1' < 0'] : x->z', w' * BinTreeSeg[2'](z', y) * BinTree[1'](w') (UBound Intro) [
    6 <{(1, 1), (0, 0)}/{}>]
      6:
      [1 < 0] : nil!=x * x->w, z * BinPath[1](w, y) |-
      x->z', w' * BinTreeSeg[2'](z', y) * BinTree[1'](w') (BinTree R.Unf./Simplify) [
      7 <{(1, 1), (0, 0)}/{}>]
        7:
        [1 < 0] : nil!=x * x->w, z * BinPath[1](w, y) |-
        x->z', w' * BinTreeSeg[2'](z', y) (Lemma.App) [8 <{(1, 1), (0, 0)}/
                                                       {}>,
        9 <{(1, 1), (0, 0)}/{(0, 1)}>]
          8:
          [1 < 0] : nil!=x * BinPath[1](w, y) |- BinTreeSeg[0'](w, y) (Weaken) [
          10 <{(1, 1)}/{}>]
            10:
            BinPath[1](w, y) |- BinTreeSeg[0'](w, y) (Subst) [11 <{(1, 0)}/
                                                              {}>]
              11:
              BinPath[0](x, y) |- BinTreeSeg[0'](x, y) (Backl) [0] <pre=
              {(0, 0)}>
          9:
          [1 < 0] : nil!=x * x->w, z * BinTreeSeg[0'](w, y) |-
          x->z', w' * BinTreeSeg[2'](z', y) (Id)
  3:
  [1 < 0] : nil!=x * x->w, z * BinPath[1](z, y) |- BinTreeSeg[0'](x, y) (BinTreeSeg R.Unf./Simplify) [
  12 <{(1, 1), (0, 0)}/{}>]
    12:
    [1 < 0] : nil!=x * x->w, z * BinPath[1](z, y) |-
    [2' < 0'; 1' < 0'] : x->z', w' * BinTreeSeg[2'](w', y) * BinTree[1'](z') (UBound Intro) [
    13 <{(1, 1), (0, 0)}/{}>]
      13:
      [1 < 0] : nil!=x * x->w, z * BinPath[1](z, y) |-
      x->z', w' * BinTreeSeg[2'](w', y) * BinTree[1'](z') (BinTree R.Unf./Simplify) [
      14 <{(1, 1), (0, 0)}/{}>]
        14:
        [1 < 0] : nil!=x * x->w, z * BinPath[1](z, y) |-
        x->z', w' * BinTreeSeg[2'](w', y) (Lemma.App) [15 <{(1, 1), (0, 0)}/
                                                       {}>,
        16 <{(1, 1), (0, 0)}/{(0, 1)}>]
          15:
          [1 < 0] : nil!=x * BinPath[1](z, y) |- BinTreeSeg[0'](z, y) (Weaken) [
          17 <{(1, 1)}/{}>]
            17:
            BinPath[1](z, y) |- BinTreeSeg[0'](z, y) (Subst) [18 <{(1, 0)}/
                                                              {}>]
              18:
              BinPath[0](x, y) |- BinTreeSeg[0'](x, y) (Backl) [0] <pre=
              {(0, 0)}>
          16:
          [1 < 0] : nil!=x * x->w, z * BinTreeSeg[0'](z, y) |-
          x->z', w' * BinTreeSeg[2'](w', y) (Id)

=== cyclist-sl-16.2
$ cyclist sl prove -S 'BinPath[a](x,y) |- BinTreeSeg[a](x,y)' -p -t 60
exit: 0
0:
BinPath[a](x, y) |- BinTreeSeg[a](x, y) (BinPath L.Unf./LHS Inst.,LHS Inst.,LHS Inst./Simplify) [
1 <{(a, a)}/{(a, 0)}>, 2 <{(a, a)}/{(a, 0)}>, 3 <{(a, a)}/{(a, 0)}>]
  1:
  [0 < a] : emp |- BinTreeSeg[a](x, x) (BinTreeSeg R.Unf.) [4 <{(0, 0),
                                                               (a, a)}/
                                                            {}>]
    4: [0 < a] : emp |- emp (Id)
  2:
  [0 < a] : nil!=x * x->w, z * BinPath[0](w, y) |- BinTreeSeg[a](x, y) (Lemma.App) [
  5 <{(0, 0), (a, a)}/{}>, 6 <{(0, 0), (a, a)}/{(a, 0)}>]
    5:
    [0 < a] : nil!=x * BinPath[0](w, y) |- BinTreeSeg[0](w, y) (Weaken) [
    7 <{(0, 0)}/{}>]
      7: BinPath[0](w, y) |- BinTreeSeg[0](w, y) (Subst) [8 <{(0, a)}/{}>]
        8: BinPath[a](x, y) |- BinTreeSeg[a](x, y) (Backl) [0] <pre={(a, a)}>
    6:
    [0 < a] : nil!=x * x->w, z * BinTreeSeg[0](w, y) |- BinTreeSeg[a](x, y) (BinTreeSeg R.Unf./Simplify) [
    9 <{(0, 0), (a, a)}/{}>]
      9:
      [0 < a] : nil!=x * x->w, z * BinTreeSeg[0](w, y) |-
      [1' < a; 0' < a] : x->z', w' * BinTreeSeg[1'](z', y) * BinTree[0'](w') (Inst.Tag (Match)/Simplify) [
      10 <{(0, 0), (a, a)}/{}>]
        10:
        [0 < a] : nil!=x * x->w, z * BinTreeSeg[0](w, y) |-
        [0' < a] : x->z', w' * BinTree[0'](w') * BinTreeSeg[0](z', y) (Inst.Tag (Match)/Simplify) [
        11 <{(0, 0), (a, a)}/{}>]
          11:
          [0 < a] : nil!=x * x->w, z * BinTreeSeg[0](w, y) |-
          x->z', w' * BinTree[0](w') * BinTreeSeg[0](z', y) (BinTree R.Unf./Simplify) [
          12 <{(0, 0), (a, a)}/{}>]
            12:
            [0 < a] : nil!=x * x->w, z * BinTreeSeg[0](w, y) |-
            x->z', w' * BinTreeSeg[0](z', y) (Id)
  3:
  [0 < a] : nil!=x * x->w, z * BinPath[0](z, y) |- BinTreeSeg[a](x, y) (Lemma.App) [
  13 <{(0, 0), (a, a)}/{}>, 14 <{(0, 0), (a, a)}/{(a, 0)}>]
    13:
    [0 < a] : nil!=x * BinPath[0](z, y) |- BinTreeSeg[0](z, y) (Weaken) [
    15 <{(0, 0)}/{}>]
      15: BinPath[0](z, y) |- BinTreeSeg[0](z, y) (Subst) [16 <{(0, a)}/{}>]
        16:
        BinPath[a](x, y) |- BinTreeSeg[a](x, y) (Backl) [0] <pre={(a, a)}>
    14:
    [0 < a] : nil!=x * x->w, z * BinTreeSeg[0](z, y) |- BinTreeSeg[a](x, y) (BinTreeSeg R.Unf./Simplify) [
    17 <{(0, 0), (a, a)}/{}>]
      17:
      [0 < a] : nil!=x * x->w, z * BinTreeSeg[0](z, y) |-
      [1' < a; 0' < a] : x->z', w' * BinTreeSeg[1'](w', y) * BinTree[0'](z') (Inst.Tag (Match)/Simplify) [
      18 <{(0, 0), (a, a)}/{}>]
        18:
        [0 < a] : nil!=x * x->w, z * BinTreeSeg[0](z, y) |-
        [0' < a] : x->z', w' * BinTree[0'](z') * BinTreeSeg[0](w', y) (Inst.Tag (Match)/Simplify) [
        19 <{(0, 0), (a, a)}/{}>]
          19:
          [0 < a] : nil!=x * x->w, z * BinTreeSeg[0](z, y) |-
          x->z', w' * BinTree[0](z') * BinTreeSeg[0](w', y) (BinTree R.Unf./Simplify) [
          20 <{(0, 0), (a, a)}/{}>]
            20:
            [0 < a] : nil!=x * x->w, z * BinTreeSeg[0](z, y) |-
            x->z', w' * BinTreeSeg[0](w', y) (Id)

=== cyclist-sl-16.3
$ cyclist sl prove -S 'BinPath[a](x,y) |- [a] < [b'"'"'] : BinTreeSeg[b'"'"'](x,y)' -p -t 60
exit: 0
0:
BinPath[a](x, y) |- [a < b'] : BinTreeSeg[b'](x, y) (BinPath L.Unf./LHS Inst.,LHS Inst.,LHS Inst./Simplify) [
1 <{(a, a)}/{(a, 0)}>, 2 <{(a, a)}/{(a, 0)}>, 3 <{(a, a)}/{(a, 0)}>]
  1:
  [0 < a] : emp |- [a < b'] : BinTreeSeg[b'](x, x) (BinTreeSeg R.Unf.) [
  4 <{(0, 0), (a, a)}/{}>]
    4:
    [0 < a] : emp |- [a < b'] : emp (UBound Intro) [5 <{(0, 0), (a, a)}/{}>]
      5: [0 < a] : emp |- emp (Id)
  2:
  [0 < a] : nil!=x * x->w, z * BinPath[0](w, y) |-
  [a < b'] : BinTreeSeg[b'](x, y) (BinTreeSeg R.Unf./Simplify) [6 <{(0, 0),
                                                                   (a, a)}/
                                                                {}>]
    6:
    [0 < a] : nil!=x * x->w, z * BinPath[0](w, y) |-
    [1' < b'; 0' < b'; a < b'] : x->z', w' * BinTreeSeg[1'](z', y) *
                                 BinTree[0'](w') (UBound Intro) [7 <{
                                                                    (0, 0),
                                                                    (a, a)}/
                                                                 {}>]
      7:
      [0 < a] : nil!=x * x->w, z * BinPath[0](w, y) |-
      x->z', w' * BinTreeSeg[1'](z', y) * BinTree[0'](w') (BinTree R.Unf./Simplify) [
      8 <{(0, 0), (a, a)}/{}>]
        8:
        [0 < a] : nil!=x * x->w, z * BinPath[0](w, y) |-
        x->z', w' * BinTreeSeg[1'](z', y) (Lemma.App) [9 <{(0, 0), (a, a)}/
                                                       {}>,
        10 <{(0, 0), (a, a)}/{(a, 0)}>]
          9:
          [0 < a] : nil!=x * BinPath[0](w, y) |-
          [0 < b'] : BinTreeSeg[b'](w, y) (Weaken) [11 <{(0, 0)}/{}>]
            11:
            BinPath[0](w, y) |- [0 < b'] : BinTreeSeg[b'](w, y) (Subst) [
            12 <{(0, a)}/{}>]
              12:
              BinPath[a](x, y) |- [a < b'] : BinTreeSeg[b'](x, y) (Backl) [0] <pre=
              {(a, a)}>
          10:
          [0 < a; 0 < b'] : nil!=x * x->w, z * BinTreeSeg[b'](w, y) |-
          x->z', w' * BinTreeSeg[1'](z', y) (Id)
  3:
  [0 < a] : nil!=x * x->w, z * BinPath[0](z, y) |-
  [a < b'] : BinTreeSeg[b'](x, y) (BinTreeSeg R.Unf./Simplify) [13 <{
                                                                    (0, 0),
                                                                    (a, a)}/
                                                                {}>]
    13:
    [0 < a] : nil!=x * x->w, z * BinPath[0](z, y) |-
    [1' < b'; 0' < b'; a < b'] : x->z', w' * BinTreeSeg[1'](w', y) *
                                 BinTree[0'](z') (UBound Intro) [14 <
                                                                 {(0, 0),
                                                                 (a, a)}/
                                                                 {}>]
      14:
      [0 < a] : nil!=x * x->w, z * BinPath[0](z, y) |-
      x->z', w' * BinTreeSeg[1'](w', y) * BinTree[0'](z') (BinTree R.Unf./Simplify) [
      15 <{(0, 0), (a, a)}/{}>]
        15:
        [0 < a] : nil!=x * x->w, z * BinPath[0](z, y) |-
        x->z', w' * BinTreeSeg[1'](w', y) (Lemma.App) [16 <{(0, 0), (a, a)}/
                                                       {}>,
        17 <{(0, 0), (a, a)}/{(a, 0)}>]
          16:
          [0 < a] : nil!=x * BinPath[0](z, y) |-
          [0 < b'] : BinTreeSeg[b'](z, y) (Weaken) [18 <{(0, 0)}/{}>]
            18:
            BinPath[0](z, y) |- [0 < b'] : BinTreeSeg[b'](z, y) (Subst) [
            19 <{(0, a)}/{}>]
              19:
              BinPath[a](x, y) |- [a < b'] : BinTreeSeg[b'](x, y) (Backl) [0] <pre=
              {(a, a)}>
          17:
          [0 < a; 0 < b'] : nil!=x * x->w, z * BinTreeSeg[b'](z, y) |-
          x->z', w' * BinTreeSeg[1'](w', y) (Id)

=== cyclist-sl-16.4
$ cyclist sl prove -S 'BinPath[a](x,y) |- [b'"'"'] <= [a] : BinTreeSeg[b'"'"'](x,y)' -p -t 60
exit: 0
0:
BinPath[a](x, y) |- [b' <= a] : BinTreeSeg[b'](x, y) (Inst.Tag (Sel.UBound)/Simplify) [
1 <{(a, a)}/{}>]
  1:
  BinPath[a](x, y) |- BinTreeSeg[a](x, y) (BinPath L.Unf./LHS Inst.,LHS Inst.,LHS Inst./Simplify) [
  2 <{(a, a)}/{(a, 0)}>, 3 <{(a, a)}/{(a, 0)}>, 4 <{(a, a)}/{(a, 0)}>]
    2:
    [0 < a] : emp |- BinTreeSeg[a](x, x) (BinTreeSeg R.Unf.) [5 <{(0, 0),
                                                                 (a, a)}/
                                                              {}>]
      5: [0 < a] : emp |- emp (Id)
    3:
    [0 < a] : nil!=x * x->w, z * BinPath[0](w, y) |- BinTreeSeg[a](x, y) (BinTreeSeg R.Unf./Simplify) [
    6 <{(0, 0), (a, a)}/{}>]
      6:
      [0 < a] : nil!=x * x->w, z * BinPath[0](w, y) |-
      [1' < a; 0' < a] : x->z', w' * BinTreeSeg[1'](z', y) * BinTree[0'](w') (Inst.Tag (Match)/Simplify) [
      7 <{(0, 0), (a, a)}/{}>]
        7:
        [0 < a] : nil!=x * x->w, z * BinPath[0](w, y) |-
        [0' < a] : x->z', w' * BinTree[0'](w') * BinTreeSeg[0](z', y) (Inst.Tag (Match)/Simplify) [
        8 <{(0, 0), (a, a)}/{}>]
          8:
          [0 < a] : nil!=x * x->w, z * BinPath[0](w, y) |-
          x->z', w' * BinTree[0](w') * BinTreeSeg[0](z', y) (Pto Intro/Simplify) [
          9 <{(0, 0)}/{}>]
            9:
            [0 < a] : nil!=x * BinPath[0](w, y) |-
            BinTree[0](z) * BinTreeSeg[0](w, y) (BinTree R.Unf.) [10 <
                                                                  {(0, 0),
                                                                  (a, a)}/
                                                                  {}>]
              10:
              [0 < a] : nil!=x * BinPath[0](w, y) |- BinTreeSeg[0](w, y) (Weaken) [
              11 <{(0, 0)}/{}>]
                11:
                BinPath[0](w, y) |- BinTreeSeg[0](w, y) (Subst) [12 <
                                                                 {(0, a)}/
                                                                 {}>]
                  12:
                  BinPath[a](x, y) |- BinTreeSeg[a](x, y) (Backl) [1] <pre=
                  {(a, a)}>
    4:
    [0 < a] : nil!=x * x->w, z * BinPath[0](z, y) |- BinTreeSeg[a](x, y) (BinTreeSeg R.Unf./Simplify) [
    13 <{(0, 0), (a, a)}/{}>]
      13:
      [0 < a] : nil!=x * x->w, z * BinPath[0](z, y) |-
      [1' < a; 0' < a] : x->z', w' * BinTreeSeg[1'](w', y) * BinTree[0'](z') (Inst.Tag (Match)/Simplify) [
      14 <{(0, 0), (a, a)}/{}>]
        14:
        [0 < a] : nil!=x * x->w, z * BinPath[0](z, y) |-
        [0' < a] : x->z', w' * BinTree[0'](z') * BinTreeSeg[0](w', y) (Inst.Tag (Match)/Simplify) [
        15 <{(0, 0), (a, a)}/{}>]
          15:
          [0 < a] : nil!=x * x->w, z * BinPath[0](z, y) |-
          x->z', w' * BinTree[0](z') * BinTreeSeg[0](w', y) (Pto Intro/Simplify) [
          16 <{(0, 0)}/{}>]
            16:
            [0 < a] : nil!=x * BinPath[0](z, y) |-
            BinTree[0](w) * BinTreeSeg[0](z, y) (Subst) [17 <{(0, 0), (a, a)}/
                                                         {}>]
              17:
              [0 < a] : nil!=x * BinPath[0](w, y) |-
              BinTree[0](z) * BinTreeSeg[0](w, y) (Backl) [9] <pre={(0, 0),
                                                                   (a, a)}>

=== cyclist-sl-17.1
$ cyclist sl prove -S 'BinTreeSeg(x,z) * BinTreeSeg(z,y) |- BinTreeSeg(x,y)' -p -t 60
exit: 0
0:
BinTreeSeg[1](z, y) * BinTreeSeg[0](x, z) |- BinTreeSeg[0'](x, y) (BinTreeSeg L.Unf./LHS Inst.,LHS Inst.,LHS Inst./Simplify) [
1 <{(1, 1), (0, 0)}/{(0, 2)}>, 2 <{(1, 1), (0, 0)}/{(0, 3), (0, 2)}>,
3 <{(1, 1), (0, 0)}/{(0, 3), (0, 2)}>]
  1: [2 < 0] : BinTreeSeg[1](x, y) |- BinTreeSeg[0'](x, y) (Id)
  2:
  [3 < 0; 2 < 0] : nil!=x * x->w, a * BinTree[3](a) * BinTreeSeg[2](w, z) *
                   BinTreeSeg[1](z, y) |-
  BinTreeSeg[0'](x, y) (BinTreeSeg R.Unf./Simplify) [4 <{(3, 3), (2, 2),
                                                        (1, 1), (0, 0)}/
                                                     {}>]
    4:
    [3 < 0; 2 < 0] : nil!=x * x->w, a * BinTree[3](a) * BinTreeSeg[2](w, z) *
                     BinTreeSeg[1](z, y) |-
    [2' < 0'; 1' < 0'] : x->z', w' * BinTreeSeg[2'](z', y) * BinTree[1'](w') (UBound Intro) [
    5 <{(3, 3), (2, 2), (1, 1), (0, 0)}/{}>]
      5:
      [3 < 0; 2 < 0] : nil!=x * x->w, a * BinTree[3](a) *
                       BinTreeSeg[2](w, z) * BinTreeSeg[1](z, y) |-
      x->z', w' * BinTreeSeg[2'](z', y) * BinTree[1'](w') (Lemma.App) [
      6 <{(3, 3), (2, 2), (1, 1), (0, 0)}/{}>,
      7 <{(3, 3), (2, 2), (0, 0)}/{(0, 3), (0, 2)}>]
        6:
        [3 < 0; 2 < 0] : nil!=x * BinTreeSeg[2](w, z) * BinTreeSeg[1](z, y) |-
        BinTreeSeg[0'](w, y) (Weaken) [8 <{(2, 2), (1, 1)}/{}>]
          8:
          BinTreeSeg[2](w, z) * BinTreeSeg[1](z, y) |- BinTreeSeg[0'](w, y) (Subst) [
          9 <{(2, 0), (1, 1)}/{}>]
            9:
            BinTreeSeg[1](z, y) * BinTreeSeg[0](x, z) |- BinTreeSeg[0'](x, y) (Backl) [0] <pre=
            {(1, 1), (0, 0)}>
        7:
        [3 < 0; 2 < 0] : nil!=x * x->w, a * BinTree[3](a) *
                         BinTreeSeg[0'](w, y) |-
        x->z', w' * BinTreeSeg[2'](z', y) * BinTree[1'](w') (Id)
  3:
  [3 < 0; 2 < 0] : nil!=x * x->w, a * BinTree[3](w) * BinTreeSeg[2](a, z) *
                   BinTreeSeg[1](z, y) |-
  BinTreeSeg[0'](x, y) (BinTreeSeg R.Unf./Simplify) [10 <{(3, 3), (2, 2),
                                                         (1, 1), (0, 0)}/
                                                     {}>]
    10:
    [3 < 0; 2 < 0] : nil!=x * x->w, a * BinTree[3](w) * BinTreeSeg[2](a, z) *
                     BinTreeSeg[1](z, y) |-
    [2' < 0'; 1' < 0'] : x->z', w' * BinTreeSeg[2'](w', y) * BinTree[1'](z') (UBound Intro) [
    11 <{(3, 3), (2, 2), (1, 1), (0, 0)}/{}>]
      11:
      [3 < 0; 2 < 0] : nil!=x * x->w, a * BinTree[3](w) *
                       BinTreeSeg[2](a, z) * BinTreeSeg[1](z, y) |-
      x->z', w' * BinTreeSeg[2'](w', y) * BinTree[1'](z') (Lemma.App) [
      12 <{(3, 3), (2, 2), (1, 1), (0, 0)}/{}>,
      13 <{(3, 3), (2, 2), (0, 0)}/{(0, 3), (0, 2)}>]
        12:
        [3 < 0; 2 < 0] : nil!=x * BinTreeSeg[2](a, z) * BinTreeSeg[1](z, y) |-
        BinTreeSeg[0'](a, y) (Weaken) [14 <{(2, 2), (1, 1)}/{}>]
          14:
          BinTreeSeg[2](a, z) * BinTreeSeg[1](z, y) |- BinTreeSeg[0'](a, y) (Subst) [
          15 <{(2, 0), (1, 1)}/{}>]
            15:
            BinTreeSeg[1](z, y) * BinTreeSeg[0](x, z) |- BinTreeSeg[0'](x, y) (Backl) [0] <pre=
            {(1, 1), (0, 0)}>
        13:
        [3 < 0; 2 < 0] : nil!=x * x->w, a * BinTree[3](w) *
                         BinTreeSeg[0'](a, y) |-
        x->z', w' * BinTreeSeg[2'](w', y) * BinTree[1'](z') (Id)

=== cyclist-sl-17.2
$ cyclist sl prove -S 'BinTreeSeg[a](x,z) * BinTreeSeg[b](z,y) |- [a] < [c'"'"'], [b] < [c'"'"'] : BinTreeSeg[c'"'"'](x,y)' -p -t 60
exit: 0
0:
BinTreeSeg[a](x, z) * BinTreeSeg[b](z, y) |-
[a < c'; b < c'] : BinTreeSeg[c'](x, y) (BinTreeSeg L.Unf./LHS Inst.,LHS Inst.,LHS Inst./Simplify) [
1 <{(a, a), (b, b)}/{(a, 0)}>, 2 <{(a, a), (b, b)}/{(a, 1), (a, 0)}>,
3 <{(a, a), (b, b)}/{(a, 1), (a, 0)}>]
  1:
  [0 < a] : BinTreeSeg[b](x, y) |- [a < c'; b < c'] : BinTreeSeg[c'](x, y) (BinTreeSeg L.Unf./LHS Inst.,LHS Inst.,LHS Inst./Simplify) [
  4 <{(0, 0), (a, a), (b, b)}/{(a, 0), (b, 1)}>,
  5 <{(0, 0), (a, a), (b, b)}/{(a, 0), (b, 2), (b, 1)}>,
  6 <{(0, 0), (a, a), (b, b)}/{(a, 0), (b, 2), (b, 1)}>]
    4:
    [1 < b; 0 < a] : emp |- [a < c'; b < c'] : BinTreeSeg[c'](x, x) (BinTreeSeg R.Unf.) [
    7 <{(1, 1), (0, 0), (a, a), (b, b)}/{}>]
      7:
      [1 < b; 0 < a] : emp |- [a < c'; b < c'] : emp (UBound Intro) [
      8 <{(1, 1), (0, 0), (a, a), (b, b)}/{}>]
        8: [1 < b; 0 < a] : emp |- emp (Id)
    5:
    [2 < b; 1 < b; 0 < a] : nil!=x * x->w, z * BinTree[2](z) *
                            BinTreeSeg[1](w, y) |-
    [a < c'; b < c'] : BinTreeSeg[c'](x, y) (BinTreeSeg R.Unf./Simplify) [
    9 <{(2, 2), (1, 1), (0, 0), (a, a), (b, b)}/{}>]
      9:
      [2 < b; 1 < b; 0 < a] : nil!=x * x->w, z * BinTree[2](z) *
                              BinTreeSeg[1](w, y) |-
      [1' < c'; 0' < c'; a < c'; b < c'] : x->z', w' *
                                           BinTreeSeg[1'](z', y) *
                                           BinTree[0'](w') (UBound Intro) [
      10 <{(2, 2), (1, 1), (0, 0), (a, a), (b, b)}/{}>]
        10:
        [2 < b; 1 < b; 0 < a] : nil!=x * x->w, z * BinTree[2](z) *
                                BinTreeSeg[1](w, y) |-
        x->z', w' * BinTreeSeg[1'](z', y) * BinTree[0'](w') (Id)
    6:
    [2 < b; 1 < b; 0 < a] : nil!=x * x->w, z * BinTree[2](w) *
                            BinTreeSeg[1](z, y) |-
    [a < c'; b < c'] : BinTreeSeg[c'](x, y) (BinTreeSeg R.Unf./Simplify) [
    11 <{(2, 2), (1, 1), (0, 0), (a, a), (b, b)}/{}>]
      11:
      [2 < b; 1 < b; 0 < a] : nil!=x * x->w, z * BinTree[2](w) *
                              BinTreeSeg[1](z, y) |-
      [1' < c'; 0' < c'; a < c'; b < c'] : x->z', w' *
                                           BinTreeSeg[1'](w', y) *
                                           BinTree[0'](z') (UBound Intro) [
      12 <{(2, 2), (1, 1), (0, 0), (a, a), (b, b)}/{}>]
        12:
        [2 < b; 1 < b; 0 < a] : nil!=x * x->w, z * BinTree[2](w) *
                                BinTreeSeg[1](z, y) |-
        x->z', w' * BinTreeSeg[1'](w', y) * BinTree[0'](z') (Id)
  2:
  [1 < a; 0 < a] : nil!=x * x->w, a * BinTree[1](a) * BinTreeSeg[0](w, z) *
                   BinTreeSeg[b](z, y) |-
  [a < c'; b < c'] : BinTreeSeg[c'](x, y) (BinTreeSeg R.Unf./Simplify) [
  13 <{(1, 1), (0, 0), (a, a), (b, b)}/{}>]
    13:
    [1 < a; 0 < a] : nil!=x * x->w, a * BinTree[1](a) * BinTreeSeg[0](w, z) *
                     BinTreeSeg[b](z, y) |-
    [1' < c'; 0' < c'; a < c'; b < c'] : x->z', w' * BinTreeSeg[1'](z', y) *
                                         BinTree[0'](w') (UBound Intro) [
    14 <{(1, 1), (0, 0), (a, a), (b, b)}/{}>]
      14:
      [1 < a; 0 < a] : nil!=x * x->w, a * BinTree[1](a) *
                       BinTreeSeg[0](w, z) * BinTreeSeg[b](z, y) |-
      x->z', w' * BinTreeSeg[1'](z', y) * BinTree[0'](w') (Lemma.App) [
      15 <{(1, 1), (0, 0), (a, a), (b, b)}/{}>,
      16 <{(1, 1), (0, 0), (a, a), (b, b)}/{(a, 1), (a, 0)}>]
        15:
        [1 < a; 0 < a] : nil!=x * BinTreeSeg[0](w, z) * BinTreeSeg[b](z, y) |-
        [0 < c'; b < c'] : BinTreeSeg[c'](w, y) (Weaken) [17 <{(0, 0),
                                                              (b, b)}/
                                                          {}>]
          17:
          BinTreeSeg[0](w, z) * BinTreeSeg[b](z, y) |-
          [0 < c'; b < c'] : BinTreeSeg[c'](w, y) (Subst) [18 <{(0, a),
                                                               (b, b)}/
                                                           {}>]
            18:
            BinTreeSeg[a](x, z) * BinTreeSeg[b](z, y) |-
            [a < c'; b < c'] : BinTreeSeg[c'](x, y) (Backl) [0] <pre=
            {(a, a), (b, b)}>
        16:
        [1 < a; 0 < a; 0 < c'; b < c'] : nil!=x * x->w, a * BinTree[1](a) *
                                         BinTreeSeg[c'](w, y) |-
        x->z', w' * BinTreeSeg[1'](z', y) * BinTree[0'](w') (Id)
  3:
  [1 < a; 0 < a] : nil!=x * x->w, a * BinTree[1](w) * BinTreeSeg[0](a, z) *
                   BinTreeSeg[b](z, y) |-
  [a < c'; b < c'] : BinTreeSeg[c'](x, y) (BinTreeSeg R.Unf./Simplify) [
  19 <{(1, 1), (0, 0), (a, a), (b, b)}/{}>]
    19:
    [1 < a; 0 < a] : nil!=x * x->w, a * BinTree[1](w) * BinTreeSeg[0](a, z) *
                     BinTreeSeg[b](z, y) |-
    [1' < c'; 0' < c'; a < c'; b < c'] : x->z', w' * BinTreeSeg[1'](w', y) *
                                         BinTree[0'](z') (UBound Intro) [
    20 <{(1, 1), (0, 0), (a, a), (b, b)}/{}>]
      20:
      [1 < a; 0 < a] : nil!=x * x->w, a * BinTree[1](w) *
                       BinTreeSeg[0](a, z) * BinTreeSeg[b](z, y) |-
      x->z', w' * BinTreeSeg[1'](w', y) * BinTree[0'](z') (Lemma.App) [
      21 <{(1, 1), (0, 0), (a, a), (b, b)}/{}>,
      22 <{(1, 1), (0, 0), (a, a), (b, b)}/{(a, 1), (a, 0)}>]
        21:
        [1 < a; 0 < a] : nil!=x * BinTreeSeg[0](a, z) * BinTreeSeg[b](z, y) |-
        [0 < c'; b < c'] : BinTreeSeg[c'](a, y) (Weaken) [23 <{(0, 0),
                                                              (b, b)}/
                                                          {}>]
          23:
          BinTreeSeg[0](a, z) * BinTreeSeg[b](z, y) |-
          [0 < c'; b < c'] : BinTreeSeg[c'](a, y) (Subst) [24 <{(0, a),
                                                               (b, b)}/
                                                           {}>]
            24:
            BinTreeSeg[a](x, z) * BinTreeSeg[b](z, y) |-
            [a < c'; b < c'] : BinTreeSeg[c'](x, y) (Backl) [0] <pre=
            {(a, a), (b, b)}>
        22:
        [1 < a; 0 < a; 0 < c'; b < c'] : nil!=x * x->w, a * BinTree[1](w) *
                                         BinTreeSeg[c'](a, y) |-
        x->z', w' * BinTreeSeg[1'](w', y) * BinTree[0'](z') (Id)

=== cyclist-sl-18.1
$ cyclist sl prove -S 'BinTreeSeg(x,y) * BinTree(y) |- BinTree(x)' -p -t 60
exit: 0
0:
BinTree[1](y) * BinTreeSeg[0](x, y) |- BinTree[0'](x) (BinTreeSeg L.Unf./LHS Inst.,LHS Inst.,LHS Inst./Simplify) [
1 <{(1, 1), (0, 0)}/{(0, 2)}>, 2 <{(1, 1), (0, 0)}/{(0, 3), (0, 2)}>,
3 <{(1, 1), (0, 0)}/{(0, 3), (0, 2)}>]
  1: [2 < 0] : BinTree[1](x) |- BinTree[0'](x) (Id)
  2:
  [3 < 0; 2 < 0] : nil!=x * x->w, z * BinTree[3](z) * BinTreeSeg[2](w, y) *
                   BinTree[1](y) |-
  BinTree[0'](x) (BinTree R.Unf./Simplify) [4 <{(3, 3), (2, 2), (1, 1),
                                               (0, 0)}/{}>]
    4:
    [3 < 0; 2 < 0] : nil!=x * x->w, z * BinTree[3](z) * BinTreeSeg[2](w, y) *
                     BinTree[1](y) |-
    [2' < 0'; 1' < 0'] : x->w', z' * BinTree[2'](w') * BinTree[1'](z') (UBound Intro) [
    5 <{(3, 3), (2, 2), (1, 1), (0, 0)}/{}>]
      5:
      [3 < 0; 2 < 0] : nil!=x * x->w, z * BinTree[3](z) *
                       BinTreeSeg[2](w, y) * BinTree[1](y) |-
      x->w', z' * BinTree[2'](w') * BinTree[1'](z') (Lemma.App) [6 <{
                                                                    (3, 3),
                                                                    (2, 2),
                                                                    (1, 1),
                                                                    (0, 0)}/
                                                                 {}>,
      7 <{(3, 3), (2, 2), (0, 0)}/{(0, 3), (0, 2)}>]
        6:
        [3 < 0; 2 < 0] : nil!=x * BinTreeSeg[2](w, y) * BinTree[1](y) |-
        BinTree[0'](w) (Weaken) [8 <{(2, 2), (1, 1)}/{}>]
          8:
          BinTreeSeg[2](w, y) * BinTree[1](y) |- BinTree[0'](w) (Subst) [
          9 <{(2, 0), (1, 1)}/{}>]
            9:
            BinTree[1](y) * BinTreeSeg[0](x, y) |- BinTree[0'](x) (Backl) [0] <pre=
            {(1, 1), (0, 0)}>
        7:
        [3 < 0; 2 < 0] : nil!=x * x->w, z * BinTree[3](z) * BinTree[0'](w) |-
        x->w', z' * BinTree[2'](w') * BinTree[1'](z') (Id)
  3:
  [3 < 0; 2 < 0] : nil!=x * x->w, z * BinTree[3](w) * BinTreeSeg[2](z, y) *
                   BinTree[1](y) |-
  BinTree[0'](x) (BinTree R.Unf./Simplify) [10 <{(3, 3), (2, 2), (1, 1),
                                                (0, 0)}/{}>]
    10:
    [3 < 0; 2 < 0] : nil!=x * x->w, z * BinTree[3](w) * BinTreeSeg[2](z, y) *
                     BinTree[1](y) |-
    [2' < 0'; 1' < 0'] : x->w', z' * BinTree[2'](w') * BinTree[1'](z') (UBound Intro) [
    11 <{(3, 3), (2, 2), (1, 1), (0, 0)}/{}>]
      11:
      [3 < 0; 2 < 0] : nil!=x * x->w, z * BinTree[3](w) *
                       BinTreeSeg[2](z, y) * BinTree[1](y) |-
      x->w', z' * BinTree[2'](w') * BinTree[1'](z') (Lemma.App) [12 <
                                                                 {(3, 3),
                                                                 (2, 2),
                                                                 (1, 1),
                                                                 (0, 0)}/
                                                                 {}>,
      13 <{(3, 3), (2, 2), (0, 0)}/{(0, 3), (0, 2)}>]
        12:
        [3 < 0; 2 < 0] : nil!=x * BinTreeSeg[2](z, y) * BinTree[1](y) |-
        BinTree[0'](z) (Weaken) [14 <{(2, 2), (1, 1)}/{}>]
          14:
          BinTreeSeg[2](z, y) * BinTree[1](y) |- BinTree[0'](z) (Subst) [
          15 <{(2, 0), (1, 1)}/{}>]
            15:
            BinTree[1](y) * BinTreeSeg[0](x, y) |- BinTree[0'](x) (Backl) [0] <pre=
            {(1, 1), (0, 0)}>
        13:
        [3 < 0; 2 < 0] : nil!=x * x->w, z * BinTree[3](w) * BinTree[0'](z) |-
        x->w', z' * BinTree[2'](w') * BinTree[1'](z') (Id)

=== cyclist-sl-18.2
$ cyclist sl prove -S 'BinTreeSeg[a](x,y) * BinTree[b](y) |- [a] < [c'"'"'], [b] < [c'"'"'] : BinTree[c'"'"'](x)' -p -t 60
exit: 0
0:
BinTreeSeg[a](x, y) * BinTree[b](y) |- [a < c'; b < c'] : BinTree[c'](x) (BinTreeSeg L.Unf./LHS Inst.,LHS Inst.,LHS Inst./Simplify) [
1 <{(a, a), (b, b)}/{(a, 0)}>, 2 <{(a, a), (b, b)}/{(a, 1), (a, 0)}>,
3 <{(a, a), (b, b)}/{(a, 1), (a, 0)}>]
  1:
  [0 < a] : BinTree[b](x) |- [a < c'; b < c'] : BinTree[c'](x) (BinTree L.Unf./LHS Inst.,LHS Inst.) [
  4 <{(0, 0), (a, a), (b, b)}/{(a, 0), (b, 1)}>,
  5 <{(0, 0), (a, a), (b, b)}/{(a, 0), (b, 2), (b, 1)}>]
    4:
    [1 < b; 0 < a] : emp |- [a < c'; b < c'] : BinTree[c'](x) (BinTree R.Unf.) [
    6 <{(1, 1), (0, 0), (a, a), (b, b)}/{}>]
      6:
      [1 < b; 0 < a] : emp |- [a < c'; b < c'] : emp (UBound Intro) [
      7 <{(1, 1), (0, 0), (a, a), (b, b)}/{}>]
        7: [1 < b; 0 < a] : emp |- emp (Id)
    5:
    [2 < b; 1 < b; 0 < a] : nil!=x * x->y, w * BinTree[2](w) * BinTree[1](y) |-
    [a < c'; b < c'] : BinTree[c'](x) (BinTree R.Unf./Simplify) [8 <{
                                                                    (2, 2),
                                                                    (1, 1),
                                                                    (0, 0),
                                                                    (a, a),
                                                                    (b, b)}/
                                                                 {}>]
      8:
      [2 < b; 1 < b; 0 < a] : nil!=x * x->y, w * BinTree[2](w) *
                              BinTree[1](y) |-
      [1' < c'; 0' < c'; a < c'; b < c'] : x->w', z' * BinTree[1'](w') *
                                           BinTree[0'](z') (UBound Intro) [
      9 <{(2, 2), (1, 1), (0, 0), (a, a), (b, b)}/{}>]
        9:
        [2 < b; 1 < b; 0 < a] : nil!=x * x->y, w * BinTree[2](w) *
                                BinTree[1](y) |-
        x->w', z' * BinTree[1'](w') * BinTree[0'](z') (Id)
  2:
  [1 < a; 0 < a] : nil!=x * x->w, z * BinTree[1](z) * BinTreeSeg[0](w, y) *
                   BinTree[b](y) |-
  [a < c'; b < c'] : BinTree[c'](x) (BinTree R.Unf./Simplify) [10 <{(1, 1),
                                                                   (0, 0),
                                                                   (a, a),
                                                                   (b, b)}/
                                                               {}>]
    10:
    [1 < a; 0 < a] : nil!=x * x->w, z * BinTree[1](z) * BinTreeSeg[0](w, y) *
                     BinTree[b](y) |-
    [1' < c'; 0' < c'; a < c'; b < c'] : x->w', z' * BinTree[1'](w') *
                                         BinTree[0'](z') (UBound Intro) [
    11 <{(1, 1), (0, 0), (a, a), (b, b)}/{}>]
      11:
      [1 < a; 0 < a] : nil!=x * x->w, z * BinTree[1](z) *
                       BinTreeSeg[0](w, y) * BinTree[b](y) |-
      x->w', z' * BinTree[1'](w') * BinTree[0'](z') (Lemma.App) [12 <
                                                                 {(1, 1),
                                                                 (0, 0),
                                                                 (a, a),
                                                                 (b, b)}/
                                                                 {}>,
      13 <{(1, 1), (0, 0), (a, a), (b, b)}/{(a, 1), (a, 0)}>]
        12:
        [1 < a; 0 < a] : nil!=x * BinTreeSeg[0](w, y) * BinTree[b](y) |-
        [0 < c'; b < c'] : BinTree[c'](w) (Weaken) [14 <{(0, 0), (b, b)}/{}>]
          14:
          BinTreeSeg[0](w, y) * BinTree[b](y) |-
          [0 < c'; b < c'] : BinTree[c'](w) (Subst) [15 <{(0, a), (b, b)}/{}>]
            15:
            BinTreeSeg[a](x, y) * BinTree[b](y) |-
            [a < c'; b < c'] : BinTree[c'](x) (Backl) [0] <pre={(a, a),
                                                               (b, b)}>
        13:
        [1 < a; 0 < a; 0 < c'; b < c'] : nil!=x * x->w, z * BinTree[1](z) *
                                         BinTree[c'](w) |-
        x->w', z' * BinTree[1'](w') * BinTree[0'](z') (Id)
  3:
  [1 < a; 0 < a] : nil!=x * x->w, z * BinTree[1](w) * BinTreeSeg[0](z, y) *
                   BinTree[b](y) |-
  [a < c'; b < c'] : BinTree[c'](x) (BinTree R.Unf./Simplify) [16 <{(1, 1),
                                                                   (0, 0),
                                                                   (a, a),
                                                                   (b, b)}/
                                                               {}>]
    16:
    [1 < a; 0 < a] : nil!=x * x->w, z * BinTree[1](w) * BinTreeSeg[0](z, y) *
                     BinTree[b](y) |-
    [1' < c'; 0' < c'; a < c'; b < c'] : x->w', z' * BinTree[1'](w') *
                                         BinTree[0'](z') (UBound Intro) [
    17 <{(1, 1), (0, 0), (a, a), (b, b)}/{}>]
      17:
      [1 < a; 0 < a] : nil!=x * x->w, z * BinTree[1](w) *
                       BinTreeSeg[0](z, y) * BinTree[b](y) |-
      x->w', z' * BinTree[1'](w') * BinTree[0'](z') (Lemma.App) [18 <
                                                                 {(1, 1),
                                                                 (0, 0),
                                                                 (a, a),
                                                                 (b, b)}/
                                                                 {}>,
      19 <{(1, 1), (0, 0), (a, a), (b, b)}/{(a, 1), (a, 0)}>]
        18:
        [1 < a; 0 < a] : nil!=x * BinTreeSeg[0](z, y) * BinTree[b](y) |-
        [0 < c'; b < c'] : BinTree[c'](z) (Weaken) [20 <{(0, 0), (b, b)}/{}>]
          20:
          BinTreeSeg[0](z, y) * BinTree[b](y) |-
          [0 < c'; b < c'] : BinTree[c'](z) (Subst) [21 <{(0, a), (b, b)}/{}>]
            21:
            BinTreeSeg[a](x, y) * BinTree[b](y) |-
            [a < c'; b < c'] : BinTree[c'](x) (Backl) [0] <pre={(a, a),
                                                               (b, b)}>
        19:
        [1 < a; 0 < a; 0 < c'; b < c'] : nil!=x * x->w, z * BinTree[1](w) *
                                         BinTree[c'](z) |-
        x->w', z' * BinTree[1'](w') * BinTree[0'](z') (Id)

=== cyclist-sl-19.1
$ cyclist sl prove -S 'x!=z * x->y * ls(y,z) |- ls(x,z)' -p -t 60
exit: 0
0:
nil!=x * z!=x * x->y * ls[0](y, z) |- ls[0'](x, z) (ls R.Unf./Simplify) [
1 <{(0, 0)}/{}>]
  1:
  nil!=x * z!=x * x->y * ls[0](y, z) |- [1' < 0'] : x->w' * ls[1'](w', z) (UBound Intro) [
  2 <{(0, 0)}/{}>]
    2: nil!=x * z!=x * x->y * ls[0](y, z) |- x->w' * ls[1'](w', z) (Id)

=== cyclist-sl-19.2
$ cyclist sl prove -S 'x!=z * x->y * ls[a](y,z) |- [a] < [b'"'"'] : ls[b'"'"'](x,z)' -p -t 60
exit: 0
0:
nil!=x * z!=x * x->y * ls[a](y, z) |- [a < b'] : ls[b'](x, z) (ls R.Unf./Simplify) [
1 <{(a, a)}/{}>]
  1:
  nil!=x * z!=x * x->y * ls[a](y, z) |-
  [0' < b'; a < b'] : x->w' * ls[0'](w', z) (UBound Intro) [2 <{(a, a)}/{}>]
    2: nil!=x * z!=x * x->y * ls[a](y, z) |- x->w' * ls[0'](w', z) (Id)

=== cyclist-sl-19.3
$ cyclist sl prove -S '[a] < [b] : x!=z * x->y * ls[a](y,z) |- ls[b](x,z)' -p -t 60
exit: 0
0:
[a < b] : nil!=x * z!=x * x->y * ls[a](y, z) |- ls[b](x, z) (ls R.Unf./Simplify) [
1 <{(a, a), (b, b)}/{}>]
  1:
  [a < b] : nil!=x * z!=x * x->y * ls[a](y, z) |-
  [0' < b] : x->w' * ls[0'](w', z) (Id)

=== cyclist-sl-20.1
$ cyclist sl prove -S 'ls(x,y) * ls(y,nil) |- ls(x,nil)' -p -t 60
exit: 0
0:
ls[1](y, nil) * ls[0](x, y) |- ls[0'](x, nil) (ls L.Unf./LHS Inst.,LHS Inst./Simplify) [
1 <{(1, 1), (0, 0)}/{(0, 2)}>, 2 <{(1, 1), (0, 0)}/{(0, 2)}>]
  1: [2 < 0] : ls[1](x, nil) |- ls[0'](x, nil) (Id)
  2:
  [2 < 0] : nil!=x * y!=x * x->w * ls[2](w, y) * ls[1](y, nil) |-
  ls[0'](x, nil) (ls R.Unf./Simplify) [3 <{(2, 2), (1, 1), (0, 0)}/{}>]
    3:
    [2 < 0] : nil!=x * y!=x * x->w * ls[2](w, y) * ls[1](y, nil) |-
    [1' < 0'] : x->w' * ls[1'](w', nil) (UBound Intro) [4 <{(2, 2), (1, 1),
                                                           (0, 0)}/{}>]
      4:
      [2 < 0] : nil!=x * y!=x * x->w * ls[2](w, y) * ls[1](y, nil) |-
      x->w' * ls[1'](w', nil) (Lemma.App) [5 <{(2, 2), (1, 1), (0, 0)}/{}>,
      6 <{(2, 2), (0, 0)}/{(0, 2)}>]
        5:
        [2 < 0] : nil!=x * y!=x * ls[2](w, y) * ls[1](y, nil) |-
        ls[0'](w, nil) (Weaken) [7 <{(2, 2), (1, 1)}/{}>]
          7:
          ls[2](w, y) * ls[1](y, nil) |- ls[0'](w, nil) (Subst) [8 <{
                                                                    (2, 0),
                                                                    (1, 1)}/
                                                                 {}>]
            8:
            ls[1](y, nil) * ls[0](x, y) |- ls[0'](x, nil) (Backl) [0] <pre=
            {(1, 1), (0, 0)}>
        6:
        [2 < 0] : nil!=x * y!=x * x->w * ls[0'](w, nil) |-
        x->w' * ls[1'](w', nil) (Id)

=== cyclist-sl-20.2
$ cyclist sl prove -S 'ls[a](x,y) * ls[b](y,nil) |- [a] < [c'"'"'], [b] < [c'"'"'] : ls[c'"'"'](x,nil)' -p -t 60
exit: 0
0:
ls[a](x, y) * ls[b](y, nil) |- [a < c'; b < c'] : ls[c'](x, nil) (ls L.Unf./LHS Inst.,LHS Inst./Simplify) [
1 <{(a, a), (b, b)}/{(a, 0)}>, 2 <{(a, a), (b, b)}/{(a, 0)}>]
  1:
  [0 < a] : ls[b](x, nil) |- [a < c'; b < c'] : ls[c'](x, nil) (ls L.Unf./LHS Inst.,LHS Inst./Simplify) [
  3 <{(0, 0), (a, a), (b, b)}/{(a, 0), (b, 1)}>,
  4 <{(0, 0), (a, a), (b, b)}/{(a, 0), (b, 1)}>]
    3:
    [1 < b; 0 < a] : emp |- [a < c'; b < c'] : ls[c'](nil, nil) (ls R.Unf.) [
    5 <{(1, 1), (0, 0), (a, a), (b, b)}/{}>]
      5:
      [1 < b; 0 < a] : emp |- [a < c'; b < c'] : emp (UBound Intro) [
      6 <{(1, 1), (0, 0), (a, a), (b, b)}/{}>]
        6: [1 < b; 0 < a] : emp |- emp (Id)
    4:
    [1 < b; 0 < a] : nil!=x * x->w * ls[1](w, nil) |-
    [a < c'; b < c'] : ls[c'](x, nil) (ls R.Unf./Simplify) [7 <{(1, 1),
                                                               (0, 0),
                                                               (a, a),
                                                               (b, b)}/
                                                            {}>]
      7:
      [1 < b; 0 < a] : nil!=x * x->w * ls[1](w, nil) |-
      [0' < c'; a < c'; b < c'] : x->w' * ls[0'](w', nil) (UBound Intro) [
      8 <{(1, 1), (0, 0), (a, a), (b, b)}/{}>]
        8:
        [1 < b; 0 < a] : nil!=x * x->w * ls[1](w, nil) |-
        x->w' * ls[0'](w', nil) (Id)
  2:
  [0 < a] : nil!=x * y!=x * x->w * ls[0](w, y) * ls[b](y, nil) |-
  [a < c'; b < c'] : ls[c'](x, nil) (ls R.Unf./Simplify) [9 <{(0, 0),
                                                             (a, a),
                                                             (b, b)}/
                                                          {}>]
    9:
    [0 < a] : nil!=x * y!=x * x->w * ls[0](w, y) * ls[b](y, nil) |-
    [0' < c'; a < c'; b < c'] : x->w' * ls[0'](w', nil) (UBound Intro) [
    10 <{(0, 0), (a, a), (b, b)}/{}>]
      10:
      [0 < a] : nil!=x * y!=x * x->w * ls[0](w, y) * ls[b](y, nil) |-
      x->w' * ls[0'](w', nil) (Lemma.App) [11 <{(0, 0), (a, a), (b, b)}/{}>,
      12 <{(0, 0), (a, a), (b, b)}/{(a, 0)}>]
        11:
        [0 < a] : nil!=x * y!=x * ls[0](w, y) * ls[b](y, nil) |-
        [0 < c'; b < c'] : ls[c'](w, nil) (Weaken) [13 <{(0, 0), (b, b)}/{}>]
          13:
          ls[0](w, y) * ls[b](y, nil) |- [0 < c'; b < c'] : ls[c'](w, nil) (Subst) [
          14 <{(0, a), (b, b)}/{}>]
            14:
            ls[a](x, y) * ls[b](y, nil) |- [a < c'; b < c'] : ls[c'](x, nil) (Backl) [0] <pre=
            {(a, a), (b, b)}>
        12:
        [0 < a; 0 < c'; b < c'] : nil!=x * y!=x * x->w * ls[c'](w, nil) |-
        x->w' * ls[0'](w', nil) (Id)

=== cyclist-sl-20.3
$ cyclist sl prove -S 'x = y * ls[a](x,y) * ls[b](y,nil) |- ls[b](x,nil)' -p -t 60
exit: 0
0:
y=x * ls[a](x, y) * ls[b](y, nil) |- ls[b](x, nil) (Simplify) [1 <{(a, a),
                                                                  (b, b)}/
                                                               {}>]
  1:
  ls[a](x, x) * ls[b](x, nil) |- ls[b](x, nil) (ls L.Unf./LHS Inst.,LHS Inst.) [
  2 <{(a, a), (b, b)}/{(a, 0)}>, 3 <{(a, a), (b, b)}/{(a, 0)}>]
    2: [0 < a] : ls[b](x, nil) |- ls[b](x, nil) (Id)
    3:
    [0 < a] : nil!=x * x!=x * x->w * ls[0](w, x) * ls[b](x, nil) |-
    ls[b](x, nil) (Ex Falso)

=== cyclist-sl-20.4
$ cyclist sl prove -S 'x = y * ls[a](x,y) * ls[b](y,nil) |- [b] < [c'"'"'] : ls[c'"'"'](x,nil)' -p -t 60
exit: 0
0:
y=x * ls[a](x, y) * ls[b](y, nil) |- [b < c'] : ls[c'](x, nil) (Simplify) [
1 <{(a, a), (b, b)}/{}>]
  1:
  ls[a](x, x) * ls[b](x, nil) |- [b < c'] : ls[c'](x, nil) (ls L.Unf./LHS Inst.,LHS Inst.) [
  2 <{(a, a), (b, b)}/{(a, 0)}>, 3 <{(a, a), (b, b)}/{(a, 0)}>]
    2:
    [0 < a] : ls[b](x, nil) |- [b < c'] : ls[c'](x, nil) (ls L.Unf./LHS Inst.,LHS Inst./Simplify) [
    4 <{(0, 0), (a, a), (b, b)}/{(a, 0), (b, 1)}>,
    5 <{(0, 0), (a, a), (b, b)}/{(a, 0), (b, 1)}>]
      4:
      [1 < b; 0 < a] : emp |- [b < c'] : ls[c'](nil, nil) (ls R.Unf.) [
      6 <{(1, 1), (0, 0), (a, a), (b, b)}/{}>]
        6:
        [1 < b; 0 < a] : emp |- [b < c'] : emp (UBound Intro) [7 <{(1, 1),
                                                                  (0, 0),
                                                                  (a, a),
                                                                  (b, b)}/
                                                               {}>]
          7: [1 < b; 0 < a] : emp |- emp (Id)
      5:
      [1 < b; 0 < a] : nil!=x * x->w * ls[1](w, nil) |-
      [b < c'] : ls[c'](x, nil) (ls R.Unf./Simplify) [8 <{(1, 1), (0, 0),
                                                         (a, a), (b, b)}/
                                                      {}>]
        8:
        [1 < b; 0 < a] : nil!=x * x->w * ls[1](w, nil) |-
        [0' < c'; b < c'] : x->w' * ls[0'](w', nil) (UBound Intro) [9 <
                                                                    {
                                                                    (1, 1),
                                                                    (0, 0),
                                                                    (a, a),
                                                                    (b, b)}/
                                                                    {}>]
          9:
          [1 < b; 0 < a] : nil!=x * x->w * ls[1](w, nil) |-
          x->w' * ls[0'](w', nil) (Id)
    3:
    [0 < a] : nil!=x * x!=x * x->w * ls[0](w, x) * ls[b](x, nil) |-
    [b < c'] : ls[c'](x, nil) (Ex Falso)

=== cyclist-sl-20.5
$ cyclist sl prove -S 'x = y * ls[a](x,y) * ls[b](y,nil) |- [c'"'"'] <= [b] : ls[c'"'"'](x,nil)' -p -t 60
exit: 0
0:
y=x * ls[a](x, y) * ls[b](y, nil) |- [c' <= b] : ls[c'](x, nil) (Simplify) [
1 <{(a, a), (b, b)}/{}>]
  1:
  ls[a](x, x) * ls[b](x, nil) |- [c' <= b] : ls[c'](x, nil) (Inst.Tag (Sel.UBound)/Simplify) [
  2 <{(a, a), (b, b)}/{}>]
    2:
    ls[a](x, x) * ls[b](x, nil) |- ls[b](x, nil) (ls L.Unf./LHS Inst.,LHS Inst.) [
    3 <{(a, a), (b, b)}/{(a, 0)}>, 4 <{(a, a), (b, b)}/{(a, 0)}>]
      3: [0 < a] : ls[b](x, nil) |- ls[b](x, nil) (Id)
      4:
      [0 < a] : nil!=x * x!=x * x->w * ls[0](w, x) * ls[b](x, nil) |-
      ls[b](x, nil) (Ex Falso)

=== cyclist-sl-20.6
$ cyclist sl prove -S 'y = nil * ls[a](x,y) * ls[b](y,nil) |- ls[a](x,nil)' -p -t 60
exit: 0
0:
nil=y * ls[a](x, y) * ls[b](y, nil) |- ls[a](x, nil) (Simplify) [1 <{
                                                                    (a, a),
                                                                    (b, b)}/
                                                                 {}>]
  1:
  ls[a](x, nil) * ls[b](nil, nil) |- ls[a](x, nil) (ls L.Unf./LHS Inst.,LHS Inst.) [
  2 <{(a, a), (b, b)}/{(b, 0)}>, 3 <{(a, a), (b, b)}/{(b, 0)}>]
    2: [0 < b] : ls[a](x, nil) |- ls[a](x, nil) (Id)
    3:
    [0 < b] : nil!=nil * nil->w * ls[0](w, nil) * ls[a](x, nil) |-
    ls[a](x, nil) (Ex Falso)

=== cyclist-sl-20.7
$ cyclist sl prove -S 'y = nil * ls[a](x,y) * ls[b](y,nil) |- [a] < [c'"'"'] : ls[c'"'"'](x,nil)' -p -t 60
exit: 0
0:
nil=y * ls[a](x, y) * ls[b](y, nil) |- [a < c'] : ls[c'](x, nil) (Simplify) [
1 <{(a, a), (b, b)}/{}>]
  1:
  ls[a](x, nil) * ls[b](nil, nil) |- [a < c'] : ls[c'](x, nil) (ls L.Unf./LHS Inst.,LHS Inst./Simplify) [
  2 <{(a, a), (b, b)}/{(a, 0)}>, 3 <{(a, a), (b, b)}/{(a, 0)}>]
    2:
    [0 < a] : ls[b](nil, nil) |- [a < c'] : ls[c'](nil, nil) (ls R.Unf.) [
    4 <{(0, 0), (a, a), (b, b)}/{}>]
      4:
      [0 < a] : ls[b](nil, nil) |- [a < c'] : emp (UBound Intro) [5 <
                                                                  {(0, 0),
                                                                  (a, a),
                                                                  (b, b)}/
                                                                  {}>]
        5:
        [0 < a] : ls[b](nil, nil) |- emp (ls L.Unf./LHS Inst.,LHS Inst.) [
        6 <{(0, 0), (a, a), (b, b)}/{(a, 0), (b, 1)}>,
        7 <{(0, 0), (a, a), (b, b)}/{(a, 0), (b, 1)}>]
          6: [1 < b; 0 < a] : emp |- emp (Id)
          7:
          [1 < b; 0 < a] : nil!=nil * nil->w * ls[1](w, nil) |- emp (Ex Falso)
    3:
    [0 < a] : nil!=x * x->w * ls[0](w, nil) * ls[b](nil, nil) |-
    [a < c'] : ls[c'](x, nil) (ls R.Unf./Simplify) [8 <{(0, 0), (a, a),
                                                       (b, b)}/{}>]
      8:
      [0 < a] : nil!=x * x->w * ls[0](w, nil) * ls[b](nil, nil) |-
      [0' < c'; a < c'] : x->w' * ls[0'](w', nil) (UBound Intro) [9 <
                                                                  {(0, 0),
                                                                  (a, a),
                                                                  (b, b)}/
                                                                  {}>]
        9:
        [0 < a] : nil!=x * x->w * ls[0](w, nil) * ls[b](nil, nil) |-
        x->w' * ls[0'](w', nil) (Lemma.App) [10 <{(0, 0), (a, a), (b, b)}/{}>,
        11 <{(0, 0), (a, a)}/{(a, 0)}>]
          10:
          [0 < a] : nil!=x * ls[0](w, nil) * ls[b](nil, nil) |-
          [0 < c'] : ls[c'](w, nil) (Weaken) [12 <{(0, 0), (b, b)}/{}>]
            12:
            ls[0](w, nil) * ls[b](nil, nil) |- [0 < c'] : ls[c'](w, nil) (Subst) [
            13 <{(0, a), (b, b)}/{}>]
              13:
              ls[a](x, nil) * ls[b](nil, nil) |- [a < c'] : ls[c'](x, nil) (Backl) [1] <pre=
              {(a, a), (b, b)}>
          11:
          [0 < a; 0 < c'] : nil!=x * x->w * ls[c'](w, nil) |-
          x->w' * ls[0'](w', nil) (Id)

=== cyclist-sl-20.8
$ cyclist sl prove -S 'y = nil * ls[a](x,y) * ls[b](y,nil) |- [c'"'"'] <= [a] : ls[c'"'"'](x,nil)' -p -t 60
exit: 0
0:
nil=y * ls[a](x, y) * ls[b](y, nil) |- [c' <= a] : ls[c'](x, nil) (Simplify) [
1 <{(a, a), (b, b)}/{}>]
  1:
  ls[a](x, nil) * ls[b](nil, nil) |- [c' <= a] : ls[c'](x, nil) (Inst.Tag (Sel.UBound)/Simplify) [
  2 <{(a, a), (b, b)}/{}>]
    2:
    ls[a](x, nil) * ls[b](nil, nil) |- ls[a](x, nil) (ls L.Unf./LHS Inst.,LHS Inst.) [
    3 <{(a, a), (b, b)}/{(b, 0)}>, 4 <{(a, a), (b, b)}/{(b, 0)}>]
      3: [0 < b] : ls[a](x, nil) |- ls[a](x, nil) (Id)
      4:
      [0 < b] : nil!=nil * nil->w * ls[0](w, nil) * ls[a](x, nil) |-
      ls[a](x, nil) (Ex Falso)

=== cyclist-sl-21.1
$ cyclist sl prove -S 'ListE(x,y) \/ ListO(x,y) |- List(x,y)' -p -t 60
exit: 0
0:
ListE[1](x, y) \/ ListO[0](x, y) |- List[0'](x, y) (L. Or) [1 <{(1, 1)}/{}>,
2 <{(0, 0)}/{}>]
  1: ListE[1](x, y) |- List[0'](x, y) (List R.Unf.) [3 <{(1, 1)}/{}>]
    3:
    ListE[1](x, y) |- [1' < 0'] : nil!=x * x->w' * List[1'](w', y) (UBound Intro) [
    4 <{(1, 1)}/{}>]
      4:
      ListE[1](x, y) |- nil!=x * x->w' * List[1'](w', y) (ListE L.Unf./LHS Inst./Simplify) [
      5 <{(1, 1)}/{(1, 0)}>]
        5:
        [0 < 1] : nil!=x * x->w * ListO[0](w, y) |- x->w' * List[1'](w', y) (Lemma.App) [
        6 <{(1, 1), (0, 0)}/{}>, 7 <{(1, 1), (0, 0)}/{(1, 0)}>]
          6:
          [0 < 1] : nil!=x * ListO[0](w, y) |- List[0'](w, y) (Weaken) [
          8 <{(0, 0)}/{}>]
            8: ListO[0](w, y) |- List[0'](w, y) (Subst) [9 <{(0, 0)}/{}>]
              9: ListO[0](x, y) |- List[0'](x, y) (Backl) [2] <pre={(0, 0)}>
          7:
          [0 < 1] : nil!=x * x->w * List[0'](w, y) |- x->w' * List[1'](w', y) (Id)
  2:
  ListO[0](x, y) |- List[0'](x, y) (ListO L.Unf./LHS Inst.,LHS Inst.) [
  10 <{(0, 0)}/{(0, 1)}>, 11 <{(0, 0)}/{(0, 1)}>]
    10:
    [1 < 0] : nil!=x * x->y |- List[0'](x, y) (List R.Unf./Simplify) [
    12 <{(1, 1), (0, 0)}/{}>]
      12: [1 < 0] : nil!=x * x->y |- x->y (Id)
    11:
    [1 < 0] : nil!=x * x->w * ListE[1](w, y) |- List[0'](x, y) (List R.Unf./Simplify) [
    13 <{(1, 1), (0, 0)}/{}>]
      13:
      [1 < 0] : nil!=x * x->w * ListE[1](w, y) |-
      [1' < 0'] : x->w' * List[1'](w', y) (UBound Intro) [14 <{(1, 1),
                                                              (0, 0)}/
                                                          {}>]
        14:
        [1 < 0] : nil!=x * x->w * ListE[1](w, y) |- x->w' * List[1'](w', y) (Lemma.App) [
        15 <{(1, 1), (0, 0)}/{}>, 16 <{(1, 1), (0, 0)}/{(0, 1)}>]
          15:
          [1 < 0] : nil!=x * ListE[1](w, y) |- List[0'](w, y) (Weaken) [
          17 <{(1, 1)}/{}>]
            17: ListE[1](w, y) |- List[0'](w, y) (Subst) [18 <{(1, 1)}/{}>]
              18: ListE[1](x, y) |- List[0'](x, y) (Backl) [1] <pre={(1, 1)}>
          16:
          [1 < 0] : nil!=x * x->w * List[0'](w, y) |- x->w' * List[1'](w', y) (Id)

=== cyclist-sl-21.2
$ cyclist sl prove -S 'ListE[a](x,y) \/ ListO[a](x,y) |- List[a](x,y)' -p -t 60
exit: 0
0:
ListE[a](x, y) \/ ListO[a](x, y) |- List[a](x, y) (L. Or) [1 <{(a, a)}/{}>,
2 <{(a, a)}/{}>]
  1:
  ListE[a](x, y) |- List[a](x, y) (ListE L.Unf./LHS Inst.) [3 <{(a, a)}/
                                                            {(a, 0)}>]
    3:
    [0 < a] : nil!=x * x->w * ListO[0](w, y) |- List[a](x, y) (Lemma.App) [
    4 <{(0, 0), (a, a)}/{}>, 5 <{(0, 0), (a, a)}/{(a, 0)}>]
      4:
      [0 < a] : nil!=x * ListO[0](w, y) |- List[0](w, y) (Weaken) [6 <
                                                                   {(0, 0)}/
                                                                   {}>]
        6: ListO[0](w, y) |- List[0](w, y) (Subst) [7 <{(0, a)}/{}>]
          7: ListO[a](x, y) |- List[a](x, y) (Backl) [2] <pre={(a, a)}>
      5:
      [0 < a] : nil!=x * x->w * List[0](w, y) |- List[a](x, y) (List R.Unf./Simplify) [
      8 <{(0, 0), (a, a)}/{}>]
        8:
        [0 < a] : nil!=x * x->w * List[0](w, y) |-
        [0' < a] : x->w' * List[0'](w', y) (Id)
  2:
  ListO[a](x, y) |- List[a](x, y) (ListO L.Unf./LHS Inst.,LHS Inst.) [
  9 <{(a, a)}/{(a, 0)}>, 10 <{(a, a)}/{(a, 0)}>]
    9:
    [0 < a] : nil!=x * x->y |- List[a](x, y) (List R.Unf./Simplify) [
    11 <{(0, 0), (a, a)}/{}>]
      11: [0 < a] : nil!=x * x->y |- x->y (Id)
    10:
    [0 < a] : nil!=x * x->w * ListE[0](w, y) |- List[a](x, y) (Lemma.App) [
    12 <{(0, 0), (a, a)}/{}>, 13 <{(0, 0), (a, a)}/{(a, 0)}>]
      12:
      [0 < a] : nil!=x * ListE[0](w, y) |- List[0](w, y) (Weaken) [14 <
                                                                   {(0, 0)}/
                                                                   {}>]
        14: ListE[0](w, y) |- List[0](w, y) (Subst) [15 <{(0, a)}/{}>]
          15: ListE[a](x, y) |- List[a](x, y) (Backl) [1] <pre={(a, a)}>
      13:
      [0 < a] : nil!=x * x->w * List[0](w, y) |- List[a](x, y) (Backl) [5] <pre=
      {(0, 0), (a, a)}>

=== cyclist-sl-21.3
$ cyclist sl prove -S 'ListE[a](x,y) \/ ListO[b](x,y) |- List[a](x,y) \/ List[b](x,y)' -p -t 60
exit: 0
0:
ListE[a](x, y) \/ ListO[b](x, y) |- List[a](x, y) \/ List[b](x, y) (L. Or) [
1 <{(a, a)}/{}>, 2 <{(b, b)}/{}>]
  1:
  ListE[a](x, y) |- List[a](x, y) \/ List[b](x, y) (R. Or) [3 <{(a, a)}/{}>]
    3: ListE[a](x, y) |- List[a](x, y) (List R.Unf.) [4 <{(a, a)}/{}>]
      4:
      ListE[a](x, y) |- [0' < a] : nil!=x * x->w' * List[0'](w', y) (ListE L.Unf./LHS Inst./Simplify) [
      5 <{(a, a)}/{(a, 0)}>]
        5:
        [0 < a] : nil!=x * x->w * ListO[0](w, y) |-
        [0' < a] : x->w' * List[0'](w', y) (Inst.Tag (Match)/Simplify) [
        6 <{(0, 0), (a, a)}/{}>]
          6:
          [0 < a] : nil!=x * x->w * ListO[0](w, y) |- x->w' * List[0](w', y) (ListO L.Unf./LHS Inst.,LHS Inst.) [
          7 <{(0, 0), (a, a)}/{(0, 1), (a, 1), (a, 0)}>,
          8 <{(0, 0), (a, a)}/{(0, 1), (a, 1), (a, 0)}>]
            7:
            [1 < 0; 0 < a] : nil!=x * nil!=w * x!=w * x->w * w->y |-
            x->w' * List[0](w', y) (Pto Intro/Simplify) [9 <{}/{}>]
              9:
              [1 < 0; 0 < a] : nil!=x * nil!=w * x!=w * w->y |- List[0](w, y) (List R.Unf./Simplify) [
              10 <{(1, 1), (0, 0), (a, a)}/{}>]
                10:
                [1 < 0; 0 < a] : nil!=x * nil!=w * x!=w * w->y |- w->y (Id)
            8:
            [1 < 0; 0 < a] : nil!=x * nil!=w * x!=w * x->w * w->z *
                             ListE[1](z, y) |-
            x->w' * List[0](w', y) (Lemma.App) [11 <{(1, 1), (0, 0), (a, a)}/
                                                {}>,
            12 <{(1, 1), (0, 0), (a, a)}/{(0, 1), (a, 1), (a, 0)}>]
              11:
              [1 < 0; 0 < a] : nil!=x * nil!=w * x!=w * ListE[1](z, y) |-
              List[1](z, y) (Weaken) [13 <{(1, 1)}/{}>]
                13:
                ListE[1](z, y) |- List[1](z, y) (Subst) [14 <{(1, a)}/{}>]
                  14:
                  ListE[a](x, y) |- List[a](x, y) (Backl) [3] <pre={(a, a)}>
              12:
              [1 < 0; 0 < a] : nil!=x * nil!=w * x!=w * x->w * w->z *
                               List[1](z, y) |-
              x->w' * List[0](w', y) (List R.Unf./Simplify) [15 <{(1, 1),
                                                                 (0, 0),
                                                                 (a, a)}/
                                                             {}>]
                15:
                [1 < 0; 0 < a] : nil!=x * nil!=w * x!=w * x->w * w->z *
                                 List[1](z, y) |-
                [0' < 0] : nil!=w' * x!=w' * x->w' * w'->y' * List[0'](y', y) (Id)
  2:
  ListO[b](x, y) |- List[a](x, y) \/ List[b](x, y) (R. Or) [16 <{(b, b)}/{}>]
    16:
    ListO[b](x, y) |- List[b](x, y) (ListO L.Unf./LHS Inst.,LHS Inst.) [
    17 <{(b, b)}/{(b, 0)}>, 18 <{(b, b)}/{(b, 0)}>]
      17:
      [0 < b] : nil!=x * x->y |- List[b](x, y) (List R.Unf./Simplify) [
      19 <{(0, 0), (b, b)}/{}>]
        19: [0 < b] : nil!=x * x->y |- x->y (Id)
      18:
      [0 < b] : nil!=x * x->w * ListE[0](w, y) |- List[b](x, y) (Lemma.App) [
      20 <{(0, 0), (b, b)}/{}>, 21 <{(0, 0), (b, b)}/{(b, 0)}>]
        20:
        [0 < b] : nil!=x * ListE[0](w, y) |- List[0](w, y) (Weaken) [
        22 <{(0, 0)}/{}>]
          22: ListE[0](w, y) |- List[0](w, y) (Subst) [23 <{(0, a)}/{}>]
            23: ListE[a](x, y) |- List[a](x, y) (Backl) [3] <pre={(a, a)}>
        21:
        [0 < b] : nil!=x * x->w * List[0](w, y) |- List[b](x, y) (List R.Unf./Simplify) [
        24 <{(0, 0), (b, b)}/{}>]
          24:
          [0 < b] : nil!=x * x->w * List[0](w, y) |-
          [0' < b] : x->w' * List[0'](w', y) (Id)

=== cyclist-sl-21.4
$ cyclist sl prove -S 'ListE[a](x,y) \/ ListO[b](x,y) |- [a] < [c'"'"'], [b] < [c'"'"'] : List[c'"'"'](x,y)' -p -t 60
exit: 0
0:
ListE[a](x, y) \/ ListO[b](x, y) |- [a < c'; b < c'] : List[c'](x, y) (L. Or) [
1 <{(a, a)}/{}>, 2 <{(b, b)}/{}>]
  1:
  ListE[a](x, y) |- [a < c'; b < c'] : List[c'](x, y) (List R.Unf.) [
  3 <{(a, a)}/{}>]
    3:
    ListE[a](x, y) |-
    [0' < c'; a < c'; b < c'] : nil!=x * x->w' * List[0'](w', y) (UBound Intro) [
    4 <{(a, a)}/{}>]
      4:
      ListE[a](x, y) |- nil!=x * x->w' * List[0'](w', y) (ListE L.Unf./LHS Inst./Simplify) [
      5 <{(a, a)}/{(a, 0)}>]
        5:
        [0 < a] : nil!=x * x->w * ListO[0](w, y) |- x->w' * List[0'](w', y) (Lemma.App) [
        6 <{(0, 0), (a, a)}/{}>, 7 <{(0, 0), (a, a)}/{(a, 0)}>]
          6:
          [0 < a] : nil!=x * ListO[0](w, y) |-
          [0 < c'; a < c'] : List[c'](w, y) (Weaken) [8 <{(0, 0)}/{}>]
            8:
            ListO[0](w, y) |- [0 < c'; a < c'] : List[c'](w, y) (Subst) [
            9 <{(0, b)}/{}>]
              9:
              ListO[b](x, y) |- [a < c'; b < c'] : List[c'](x, y) (Backl) [2] <pre=
              {(b, b)}>
          7:
          [0 < a; 0 < c'; a < c'] : nil!=x * x->w * List[c'](w, y) |-
          x->w' * List[0'](w', y) (Id)
  2:
  ListO[b](x, y) |- [a < c'; b < c'] : List[c'](x, y) (ListO L.Unf./LHS Inst.,LHS Inst.) [
  10 <{(b, b)}/{(b, 0)}>, 11 <{(b, b)}/{(b, 0)}>]
    10:
    [0 < b] : nil!=x * x->y |- [a < c'; b < c'] : List[c'](x, y) (List R.Unf./Simplify) [
    12 <{(0, 0), (b, b)}/{}>]
      12:
      [0 < b] : nil!=x * x->y |- [a < c'; b < c'] : x->y (UBound Intro) [
      13 <{(0, 0), (b, b)}/{}>]
        13: [0 < b] : nil!=x * x->y |- x->y (Id)
    11:
    [0 < b] : nil!=x * x->w * ListE[0](w, y) |-
    [a < c'; b < c'] : List[c'](x, y) (List R.Unf./Simplify) [14 <{(0, 0),
                                                                  (b, b)}/
                                                              {}>]
      14:
      [0 < b] : nil!=x * x->w * ListE[0](w, y) |-
      [0' < c'; a < c'; b < c'] : x->w' * List[0'](w', y) (UBound Intro) [
      15 <{(0, 0), (b, b)}/{}>]
        15:
        [0 < b] : nil!=x * x->w * ListE[0](w, y) |- x->w' * List[0'](w', y) (Lemma.App) [
        16 <{(0, 0), (b, b)}/{}>, 17 <{(0, 0), (b, b)}/{(b, 0)}>]
          16:
          [0 < b] : nil!=x * ListE[0](w, y) |-
          [0 < c'; b < c'] : List[c'](w, y) (Weaken) [18 <{(0, 0)}/{}>]
            18:
            ListE[0](w, y) |- [0 < c'; b < c'] : List[c'](w, y) (Subst) [
            19 <{(0, a)}/{}>]
              19:
              ListE[a](x, y) |- [a < c'; b < c'] : List[c'](x, y) (Backl) [1] <pre=
              {(a, a)}>
          17:
          [0 < b; 0 < c'; b < c'] : nil!=x * x->w * List[c'](w, y) |-
          x->w' * List[0'](w', y) (Id)

=== cyclist-sl-22.1
$ cyclist sl prove -S 'ls(x,y) * y->z * ls(z,nil) |- ls(x,z) * ls(z,nil)' -p -t 60
exit: 0
0:
nil!=y * y->z * ls[1](z, nil) * ls[0](x, y) |- ls[1'](x, z) * ls[0'](z, nil) (ls L.Unf./LHS Inst.,LHS Inst./Simplify) [
1 <{(1, 1), (0, 0)}/{(1, 2)}>, 2 <{(1, 1), (0, 0)}/{(1, 2)}>]
  1:
  [2 < 1] : nil!=y * y->nil * ls[0](x, y) |-
  ls[1'](x, nil) * ls[0'](nil, nil) (ls R.Unf.) [3 <{(2, 2), (1, 1), (0, 0)}/
                                                 {}>]
    3:
    [2 < 1] : nil!=y * y->nil * ls[0](x, y) |-
    [2' < 1'] : nil!=x * x->w' * ls[2'](w', nil) * ls[0'](nil, nil) (UBound Intro) [
    4 <{(2, 2), (1, 1), (0, 0)}/{}>]
      4:
      [2 < 1] : nil!=y * y->nil * ls[0](x, y) |-
      nil!=x * x->w' * ls[2'](w', nil) * ls[0'](nil, nil) (ls L.Unf./LHS Inst.,LHS Inst./Simplify,Simplify) [
      5 <{(2, 2), (1, 1), (0, 0)}/{(1, 2), (0, 3)}>,
      6 <{(2, 2), (1, 1), (0, 0)}/{(1, 2), (0, 3)}>]
        5:
        [3 < 0; 2 < 1] : nil!=x * x->nil |-
        x->w' * ls[2'](w', nil) * ls[0'](nil, nil) (ls R.Unf./Simplify) [
        7 <{(3, 3), (2, 2), (1, 1), (0, 0)}/{}>]
          7:
          [3 < 0; 2 < 1] : nil!=x * x->nil |- x->nil * ls[0'](nil, nil) (ls R.Unf./Simplify) [
          8 <{(3, 3), (2, 2), (1, 1), (0, 0)}/{}>]
            8: [3 < 0; 2 < 1] : nil!=x * x->nil |- x->nil (Id)
        6:
        [3 < 0; 2 < 1] : nil!=y * nil!=x * y!=x * y->nil * x->w * ls[3](w, y) |-
        x->w' * ls[2'](w', nil) * ls[0'](nil, nil) (Lemma.App) [9 <{(3, 3),
                                                                   (2, 2),
                                                                   (1, 1),
                                                                   (0, 0)}/
                                                                {}>,
        10 <{(3, 3), (2, 2), (1, 1), (0, 0)}/{(1, 2), (0, 3)}>]
          9:
          [3 < 0; 2 < 1] : nil!=y * nil!=x * y!=x * y->nil * ls[3](w, y) |-
          ls[3'](nil, nil) * ls[1'](w, nil) (R.Trans.Ex) [11 <{(3, 3),
                                                              (2, 2),
                                                              (1, 1),
                                                              (0, 0)}/
                                                          {}>]
            11:
            [3 < 0; 2 < 1] : nil!=y * nil!=x * y!=x * y->nil * ls[3](w, y) |-
            ls[1'](w, nil) * ls[0'](nil, nil) (Weaken) [12 <{(3, 3), (0, 0)}/
                                                        {}>]
              12:
              [3 < 0] : nil!=y * y->nil * ls[3](w, y) |-
              ls[1'](w, nil) * ls[0'](nil, nil) (Subst) [13 <{(3, 2),
                                                             (3, 0),
                                                             (0, 1)}/
                                                         {}>]
                13:
                [2 < 1] : nil!=y * y->nil * ls[0](x, y) |-
                ls[1'](x, nil) * ls[0'](nil, nil) (Backl) [1] <pre={(2, 2),
                                                                   (1, 1),
                                                                   (0, 0)}>
          10:
          [3 < 0; 2 < 1] : nil!=y * nil!=x * y!=x * x->w * ls[3'](nil, nil) *
                           ls[1'](w, nil) |-
          x->w' * ls[2'](w', nil) * ls[0'](nil, nil) (Id)
  2:
  [2 < 1] : nil!=z * nil!=y * z!=y * z->w * y->z * ls[2](w, nil) *
            ls[0](x, y) |-
  ls[1'](x, z) * ls[0'](z, nil) (ls R.Unf.) [14 <{(2, 2), (1, 1), (0, 0)}/{}>]
    14:
    [2 < 1] : nil!=z * nil!=y * z!=y * z->w * y->z * ls[2](w, nil) *
              ls[0](x, y) |-
    [2' < 1'] : nil!=x * z!=x * x->w' * ls[2'](w', z) * ls[0'](z, nil) (UBound Intro) [
    15 <{(2, 2), (1, 1), (0, 0)}/{}>]
      15:
      [2 < 1] : nil!=z * nil!=y * z!=y * z->w * y->z * ls[2](w, nil) *
                ls[0](x, y) |-
      nil!=x * z!=x * x->w' * ls[2'](w', z) * ls[0'](z, nil) (ls L.Unf./LHS Inst.,LHS Inst./Simplify,Simplify) [
      16 <{(2, 2), (1, 1), (0, 0)}/{(1, 2), (0, 3)}>,
      17 <{(2, 2), (1, 1), (0, 0)}/{(1, 2), (0, 3)}>]
        16:
        [3 < 0; 2 < 1] : nil!=z * nil!=x * z!=x * z->w * x->z * ls[2](w, nil) |-
        x->w' * ls[2'](w', z) * ls[0'](z, nil) (ls R.Unf./Simplify) [
        18 <{(3, 3), (2, 2), (1, 1), (0, 0)}/{}>]
          18:
          [3 < 0; 2 < 1] : nil!=z * nil!=x * z!=x * z->w * x->z *
                           ls[2](w, nil) |-
          x->z * ls[0'](z, nil) (ls R.Unf./Simplify) [19 <{(3, 3), (2, 2),
                                                          (1, 1), (0, 0)}/
                                                      {}>]
            19:
            [3 < 0; 2 < 1] : nil!=z * nil!=x * z!=x * z->w * x->z *
                             ls[2](w, nil) |-
            [1' < 0'] : z->w' * x->z * ls[1'](w', nil) (Id)
        17:
        [3 < 0; 2 < 1] : nil!=z * nil!=y * nil!=x * z!=y * z!=x * y!=x *
                         z->w * y->z * x->a * ls[3](a, y) * ls[2](w, nil) |-
        x->w' * ls[2'](w', z) * ls[0'](z, nil) (Lemma.App) [20 <{(3, 3),
                                                                (2, 2),
                                                                (1, 1),
                                                                (0, 0)}/
                                                            {}>,
        21 <{(3, 3), (2, 2), (1, 1), (0, 0)}/{(1, 2), (0, 3)}>]
          20:
          [3 < 0; 2 < 1] : nil!=z * nil!=y * nil!=x * z!=y * z!=x * y!=x *
                           z->w * y->z * ls[3](a, y) * ls[2](w, nil) |-
          ls[3'](z, nil) * ls[1'](a, z) (R.Trans.Ex) [22 <{(3, 3), (2, 2),
                                                          (1, 1), (0, 0)}/
                                                      {}>]
            22:
            [3 < 0; 2 < 1] : nil!=z * nil!=y * nil!=x * z!=y * z!=x * y!=x *
                             z->w * y->z * ls[3](a, y) * ls[2](w, nil) |-
            ls[1'](a, z) * ls[0'](z, nil) (Weaken) [23 <{(3, 3), (2, 2),
                                                        (1, 1)}/{}>]
              23:
              [2 < 1] : nil!=z * nil!=y * z!=y * z->w * y->z * ls[3](a, y) *
                        ls[2](w, nil) |-
              ls[1'](a, z) * ls[0'](z, nil) (Subst) [24 <{(3, 0), (2, 2),
                                                         (1, 1)}/{}>]
                24:
                [2 < 1] : nil!=z * nil!=y * z!=y * z->w * y->z *
                          ls[2](w, nil) * ls[0](x, y) |-
                ls[1'](x, z) * ls[0'](z, nil) (Backl) [2] <pre={(2, 2),
                                                               (1, 1),
                                                               (0, 0)}>
          21:
          [3 < 0; 2 < 1] : nil!=z * nil!=y * nil!=x * z!=y * z!=x * y!=x *
                           x->a * ls[3'](z, nil) * ls[1'](a, z) |-
          x->w' * ls[2'](w', z) * ls[0'](z, nil) (Id)

=== cyclist-sl-22.2
$ cyclist sl prove -S '[a] < [b] : ls[a](x,y) * y->z * ls(z,nil) |- ls[b](x,z) * ls(z,nil)' -p -t 60
exit: 0
0:
[a < b] : nil!=y * y->z * ls[0](z, nil) * ls[a](x, y) |-
ls[0'](z, nil) * ls[b](x, z) (ls L.Unf./LHS Inst.,LHS Inst./Simplify) [
1 <{(0, 0), (a, a), (b, b)}/{(0, 1), (b, a)}>,
2 <{(0, 0), (a, a), (b, b)}/{(0, 1), (b, a)}>]
  1:
  [1 < 0; a < b] : nil!=y * y->nil * ls[a](x, y) |-
  ls[0'](nil, nil) * ls[b](x, nil) (ls R.Unf.) [3 <{(1, 1), (0, 0), (a, a),
                                                   (b, b)}/{}>]
    3:
    [1 < 0; a < b] : nil!=y * y->nil * ls[a](x, y) |-
    [1' < b] : nil!=x * x->w' * ls[1'](w', nil) * ls[0'](nil, nil) (Inst.Tag (Match)/Simplify) [
    4 <{(1, 1), (0, 0), (a, a), (b, b)}/{}>]
      4:
      [1 < 0; a < b] : nil!=y * y->nil * ls[a](x, y) |-
      nil!=x * x->w' * ls[0'](nil, nil) * ls[a](w', nil) (ls L.Unf./LHS Inst.,LHS Inst./Simplify,Simplify) [
      5 <{(1, 1), (0, 0), (a, a), (b, b)}/{(0, 1), (a, 2), (b, 2), (b, a)}>,
      6 <{(1, 1), (0, 0), (a, a), (b, b)}/{(0, 1), (a, 2), (b, 2), (b, a)}>]
        5:
        [2 < a; 1 < 0; a < b] : nil!=x * x->nil |-
        x->w' * ls[0'](nil, nil) * ls[a](w', nil) (ls R.Unf./Simplify) [
        7 <{(2, 2), (1, 1), (0, 0), (a, a), (b, b)}/{}>]
          7:
          [2 < a; 1 < 0; a < b] : nil!=x * x->nil |- x->w' * ls[a](w', nil) (ls R.Unf./Simplify) [
          8 <{(2, 2), (1, 1), (0, 0), (a, a), (b, b)}/{}>]
            8: [2 < a; 1 < 0; a < b] : nil!=x * x->nil |- x->nil (Id)
        6:
        [2 < a; 1 < 0; a < b] : nil!=y * nil!=x * y!=x * y->nil * x->w *
                                ls[2](w, y) |-
        x->w' * ls[0'](nil, nil) * ls[a](w', nil) (Lemma.App) [9 <{(2, 2),
                                                                  (1, 1),
                                                                  (0, 0),
                                                                  (a, a),
                                                                  (b, b)}/
                                                               {}>,
        10 <{(2, 2), (1, 1), (0, 0), (a, a), (b, b)}/{(0, 1), (a, 2),
                                                     (b, 2), (b, a)}>]
          9:
          [2 < a; 1 < 0; a < b] : nil!=y * nil!=x * y!=x * y->nil *
                                  ls[2](w, y) |-
          ls[1'](nil, nil) * ls[a](w, nil) (R.Trans.Ex) [11 <{(2, 2),
                                                             (1, 1),
                                                             (0, 0),
                                                             (a, a),
                                                             (b, b)}/
                                                         {}>]
            11:
            [2 < a; 1 < 0; a < b] : nil!=y * nil!=x * y!=x * y->nil *
                                    ls[2](w, y) |-
            ls[0'](nil, nil) * ls[a](w, nil) (Weaken) [12 <{(2, 2), (a, a)}/
                                                       {}>]
              12:
              [2 < a] : nil!=y * y->nil * ls[2](w, y) |-
              ls[0'](nil, nil) * ls[a](w, nil) (Subst) [13 <{(2, 1),
                                                            (2, a), (a, 0),
                                                            (a, b)}/{}>]
                13:
                [1 < 0; a < b] : nil!=y * y->nil * ls[a](x, y) |-
                ls[0'](nil, nil) * ls[b](x, nil) (Backl) [1] <pre={(1, 1),
                                                                  (0, 0),
                                                                  (a, a),
                                                                  (b, b)}>
          10:
          [2 < a; 1 < 0; a < b] : nil!=y * nil!=x * y!=x * x->w *
                                  ls[1'](nil, nil) * ls[a](w, nil) |-
          x->w' * ls[0'](nil, nil) * ls[a](w', nil) (Id)
  2:
  [1 < 0; a < b] : nil!=z * nil!=y * z!=y * z->w * y->z * ls[1](w, nil) *
                   ls[a](x, y) |-
  ls[0'](z, nil) * ls[b](x, z) (ls R.Unf.) [14 <{(1, 1), (0, 0), (a, a),
                                                (b, b)}/{}>]
    14:
    [1 < 0; a < b] : nil!=z * nil!=y * z!=y * z->w * y->z * ls[1](w, nil) *
                     ls[a](x, y) |-
    [1' < b] : nil!=x * z!=x * x->w' * ls[1'](w', z) * ls[0'](z, nil) (Inst.Tag (Match)/Simplify) [
    15 <{(1, 1), (0, 0), (a, a), (b, b)}/{}>]
      15:
      [1 < 0; a < b] : nil!=z * nil!=y * z!=y * z->w * y->z * ls[1](w, nil) *
                       ls[a](x, y) |-
      nil!=x * z!=x * x->w' * ls[0'](z, nil) * ls[a](w', z) (ls L.Unf./LHS Inst.,LHS Inst./Simplify,Simplify) [
      16 <{(1, 1), (0, 0), (a, a), (b, b)}/{(0, 1), (a, 2), (b, 2), (b, a)}>,
      17 <{(1, 1), (0, 0), (a, a), (b, b)}/{(0, 1), (a, 2), (b, 2), (b, a)}>]
        16:
        [2 < a; 1 < 0; a < b] : nil!=z * nil!=x * z!=x * z->w * x->z *
                                ls[1](w, nil) |-
        x->w' * ls[0'](z, nil) * ls[a](w', z) (ls R.Unf./Simplify) [18 <
                                                                    {
                                                                    (2, 2),
                                                                    (1, 1),
                                                                    (0, 0),
                                                                    (a, a),
                                                                    (b, b)}/
                                                                    {}>]
          18:
          [2 < a; 1 < 0; a < b] : nil!=z * nil!=x * z!=x * z->w * x->z *
                                  ls[1](w, nil) |-
          x->z * ls[0'](z, nil) (ls R.Unf./Simplify) [19 <{(2, 2), (1, 1),
                                                          (0, 0), (a, a),
                                                          (b, b)}/{}>]
            19:
            [2 < a; 1 < 0; a < b] : nil!=z * nil!=x * z!=x * z->w * x->z *
                                    ls[1](w, nil) |-
            [1' < 0'] : z->w' * x->z * ls[1'](w', nil) (Id)
        17:
        [2 < a; 1 < 0; a < b] : nil!=z * nil!=y * nil!=x * z!=y * z!=x *
                                y!=x * z->w * y->z * x->a * ls[2](a, y) *
                                ls[1](w, nil) |-
        x->w' * ls[0'](z, nil) * ls[a](w', z) (Lemma.App) [20 <{(2, 2),
                                                               (1, 1),
                                                               (0, 0),
                                                               (a, a),
                                                               (b, b)}/
                                                           {}>,
        21 <{(2, 2), (1, 1), (0, 0), (a, a), (b, b)}/{(0, 1), (a, 2),
                                                     (b, 2), (b, a)}>]
          20:
          [2 < a; 1 < 0; a < b] : nil!=z * nil!=y * nil!=x * z!=y * z!=x *
                                  y!=x * z->w * y->z * ls[2](a, y) *
                                  ls[1](w, nil) |-
          ls[1'](z, nil) * ls[a](a, z) (R.Trans.Ex) [22 <{(2, 2), (1, 1),
                                                         (0, 0), (a, a),
                                                         (b, b)}/{}>]
            22:
            [2 < a; 1 < 0; a < b] : nil!=z * nil!=y * nil!=x * z!=y * z!=x *
                                    y!=x * z->w * y->z * ls[2](a, y) *
                                    ls[1](w, nil) |-
            ls[0'](z, nil) * ls[a](a, z) (Weaken) [23 <{(2, 2), (1, 1),
                                                       (0, 0), (a, a)}/
                                                   {}>]
              23:
              [2 < a; 1 < 0] : nil!=z * nil!=y * z!=y * z->w * y->z *
                               ls[2](a, y) * ls[1](w, nil) |-
              ls[0'](z, nil) * ls[a](a, z) (Subst) [24 <{(2, a), (1, 1),
                                                        (0, 0), (a, b)}/
                                                    {}>]
                24:
                [1 < 0; a < b] : nil!=z * nil!=y * z!=y * z->w * y->z *
                                 ls[1](w, nil) * ls[a](x, y) |-
                ls[0'](z, nil) * ls[b](x, z) (Backl) [2] <pre={(1, 1),
                                                              (0, 0),
                                                              (a, a),
                                                              (b, b)}>
          21:
          [2 < a; 1 < 0; a < b] : nil!=z * nil!=y * nil!=x * z!=y * z!=x *
                                  y!=x * x->a * ls[1'](z, nil) * ls[a](a, z) |-
          x->w' * ls[0'](z, nil) * ls[a](w', z) (Id)

=== cyclist-sl-22.3
$ cyclist sl prove -S 'ls[a](x,y) * y->z * ls(z,nil) |- [a] < [b'"'"'] : ls[b'"'"'](x,z) * ls(z,nil)' -p -t 60
exit: 0
0:
nil!=y * y->z * ls[0](z, nil) * ls[a](x, y) |-
[a < b'] : ls[0'](z, nil) * ls[b'](x, z) (ls L.Unf./LHS Inst.,LHS Inst./Simplify) [
1 <{(0, 0), (a, a)}/{(0, 1)}>, 2 <{(0, 0), (a, a)}/{(0, 1)}>]
  1:
  [1 < 0] : nil!=y * y->nil * ls[a](x, y) |-
  [a < b'] : ls[0'](nil, nil) * ls[b'](x, nil) (ls R.Unf.) [3 <{(1, 1),
                                                               (0, 0),
                                                               (a, a)}/
                                                            {}>]
    3:
    [1 < 0] : nil!=y * y->nil * ls[a](x, y) |-
    [1' < b'; a < b'] : nil!=x * x->w' * ls[1'](w', nil) * ls[0'](nil, nil) (UBound Intro) [
    4 <{(1, 1), (0, 0), (a, a)}/{}>]
      4:
      [1 < 0] : nil!=y * y->nil * ls[a](x, y) |-
      nil!=x * x->w' * ls[1'](w', nil) * ls[0'](nil, nil) (ls L.Unf./LHS Inst.,LHS Inst./Simplify,Simplify) [
      5 <{(1, 1), (0, 0), (a, a)}/{(0, 1), (a, 2)}>,
      6 <{(1, 1), (0, 0), (a, a)}/{(0, 1), (a, 2)}>]
        5:
        [2 < a; 1 < 0] : nil!=x * x->nil |-
        x->w' * ls[1'](w', nil) * ls[0'](nil, nil) (ls R.Unf./Simplify) [
        7 <{(2, 2), (1, 1), (0, 0), (a, a)}/{}>]
          7:
          [2 < a; 1 < 0] : nil!=x * x->nil |- x->nil * ls[0'](nil, nil) (ls R.Unf./Simplify) [
          8 <{(2, 2), (1, 1), (0, 0), (a, a)}/{}>]
            8: [2 < a; 1 < 0] : nil!=x * x->nil |- x->nil (Id)
        6:
        [2 < a; 1 < 0] : nil!=y * nil!=x * y!=x * y->nil * x->w * ls[2](w, y) |-
        x->w' * ls[1'](w', nil) * ls[0'](nil, nil) (Lemma.App) [9 <{(2, 2),
                                                                   (1, 1),
                                                                   (0, 0),
                                                                   (a, a)}/
                                                                {}>,
        10 <{(2, 2), (1, 1), (0, 0), (a, a)}/{(0, 1), (a, 2)}>]
          9:
          [2 < a; 1 < 0] : nil!=y * nil!=x * y!=x * y->nil * ls[2](w, y) |-
          [2 < b'] : ls[2'](nil, nil) * ls[b'](w, nil) (R.Trans.Ex) [
          11 <{(2, 2), (1, 1), (0, 0), (a, a)}/{}>]
            11:
            [2 < a; 1 < 0] : nil!=y * nil!=x * y!=x * y->nil * ls[2](w, y) |-
            [2 < b'] : ls[0'](nil, nil) * ls[b'](w, nil) (Weaken) [12 <
                                                                   {(2, 2),
                                                                   (a, a)}/
                                                                   {}>]
              12:
              [2 < a] : nil!=y * y->nil * ls[2](w, y) |-
              [2 < b'] : ls[0'](nil, nil) * ls[b'](w, nil) (Subst) [13 <
                                                                    {
                                                                    (2, 1),
                                                                    (2, a),
                                                                    (a, 0)}/
                                                                    {}>]
                13:
                [1 < 0] : nil!=y * y->nil * ls[a](x, y) |-
                [a < b'] : ls[0'](nil, nil) * ls[b'](x, nil) (Backl) [1] <pre=
                {(1, 1), (0, 0), (a, a)}>
          10:
          [2 < a; 2 < b'; 1 < 0] : nil!=y * nil!=x * y!=x * x->w *
                                   ls[2'](nil, nil) * ls[b'](w, nil) |-
          x->w' * ls[1'](w', nil) * ls[0'](nil, nil) (Id)
  2:
  [1 < 0] : nil!=z * nil!=y * z!=y * z->w * y->z * ls[1](w, nil) *
            ls[a](x, y) |-
  [a < b'] : ls[0'](z, nil) * ls[b'](x, z) (ls R.Unf.) [14 <{(1, 1),
                                                            (0, 0), (a, a)}/
                                                        {}>]
    14:
    [1 < 0] : nil!=z * nil!=y * z!=y * z->w * y->z * ls[1](w, nil) *
              ls[a](x, y) |-
    [1' < b'; a < b'] : nil!=x * z!=x * x->w' * ls[1'](w', z) *
                        ls[0'](z, nil) (UBound Intro) [15 <{(1, 1), (0, 0),
                                                           (a, a)}/{}>]
      15:
      [1 < 0] : nil!=z * nil!=y * z!=y * z->w * y->z * ls[1](w, nil) *
                ls[a](x, y) |-
      nil!=x * z!=x * x->w' * ls[1'](w', z) * ls[0'](z, nil) (ls L.Unf./LHS Inst.,LHS Inst./Simplify,Simplify) [
      16 <{(1, 1), (0, 0), (a, a)}/{(0, 1), (a, 2)}>,
      17 <{(1, 1), (0, 0), (a, a)}/{(0, 1), (a, 2)}>]
        16:
        [2 < a; 1 < 0] : nil!=z * nil!=x * z!=x * z->w * x->z * ls[1](w, nil) |-
        x->w' * ls[1'](w', z) * ls[0'](z, nil) (ls R.Unf./Simplify) [
        18 <{(2, 2), (1, 1), (0, 0), (a, a)}/{}>]
          18:
          [2 < a; 1 < 0] : nil!=z * nil!=x * z!=x * z->w * x->z *
                           ls[1](w, nil) |-
          x->z * ls[0'](z, nil) (ls R.Unf./Simplify) [19 <{(2, 2), (1, 1),
                                                          (0, 0), (a, a)}/
                                                      {}>]
            19:
            [2 < a; 1 < 0] : nil!=z * nil!=x * z!=x * z->w * x->z *
                             ls[1](w, nil) |-
            [1' < 0'] : z->w' * x->z * ls[1'](w', nil) (Id)
        17:
        [2 < a; 1 < 0] : nil!=z * nil!=y * nil!=x * z!=y * z!=x * y!=x *
                         z->w * y->z * x->a * ls[2](a, y) * ls[1](w, nil) |-
        x->w' * ls[1'](w', z) * ls[0'](z, nil) (Lemma.App) [20 <{(2, 2),
                                                                (1, 1),
                                                                (0, 0),
                                                                (a, a)}/
                                                            {}>,
        21 <{(2, 2), (1, 1), (0, 0), (a, a)}/{(0, 1), (a, 2)}>]
          20:
          [2 < a; 1 < 0] : nil!=z * nil!=y * nil!=x * z!=y * z!=x * y!=x *
                           z->w * y->z * ls[2](a, y) * ls[1](w, nil) |-
          [2 < b'] : ls[2'](z, nil) * ls[b'](a, z) (R.Trans.Ex) [22 <
                                                                 {(2, 2),
                                                                 (1, 1),
                                                                 (0, 0),
                                                                 (a, a)}/
                                                                 {}>]
            22:
            [2 < a; 1 < 0] : nil!=z * nil!=y * nil!=x * z!=y * z!=x * y!=x *
                             z->w * y->z * ls[2](a, y) * ls[1](w, nil) |-
            [2 < b'] : ls[0'](z, nil) * ls[b'](a, z) (Weaken) [23 <{(2, 2),
                                                                   (1, 1),
                                                                   (0, 0)}/
                                                               {}>]
              23:
              [1 < 0] : nil!=z * nil!=y * z!=y * z->w * y->z * ls[2](a, y) *
                        ls[1](w, nil) |-
              [2 < b'] : ls[0'](z, nil) * ls[b'](a, z) (Subst) [24 <{
                                                                    (2, a),
                                                                    (1, 1),
                                                                    (0, 0)}/
                                                                {}>]
                24:
                [1 < 0] : nil!=z * nil!=y * z!=y * z->w * y->z *
                          ls[1](w, nil) * ls[a](x, y) |-
                [a < b'] : ls[0'](z, nil) * ls[b'](x, z) (Backl) [2] <pre=
                {(1, 1), (0, 0), (a, a)}>
          21:
          [2 < a; 2 < b'; 1 < 0] : nil!=z * nil!=y * nil!=x * z!=y * z!=x *
                                   y!=x * x->a * ls[2'](z, nil) *
                                   ls[b'](a, z) |-
          x->w' * ls[1'](w', z) * ls[0'](z, nil) (Id)

=== cyclist-sl-22.4
$ cyclist sl prove -S '[a] < [b] : ls[a](x,y) * y->z * ls[c](z,nil) |- ls[b](x,z) * ls[c](z,nil)' -p -t 60
exit: 0
0:
[a < b] : nil!=y * y->z * ls[a](x, y) * ls[c](z, nil) |-
ls[b](x, z) * ls[c](z, nil) (ls R.Unf.) [1 <{(a, a), (b, b), (c, c)}/{}>]
  1:
  [a < b] : nil!=y * y->z * ls[a](x, y) * ls[c](z, nil) |-
  [0' < b] : nil!=x * z!=x * x->w' * ls[0'](w', z) * ls[c](z, nil) (Inst.Tag (Match)/Simplify) [
  2 <{(a, a), (b, b), (c, c)}/{}>]
    2:
    [a < b] : nil!=y * y->z * ls[a](x, y) * ls[c](z, nil) |-
    nil!=x * z!=x * x->w' * ls[a](w', z) * ls[c](z, nil) (ls L.Unf./LHS Inst.,LHS Inst./Simplify,Simplify) [
    3 <{(a, a), (b, b), (c, c)}/{(a, 0), (b, 0), (b, a)}>,
    4 <{(a, a), (b, b), (c, c)}/{(a, 0), (b, 0), (b, a)}>]
      3:
      [0 < a; a < b] : nil!=x * x->z * ls[c](z, nil) |-
      z!=x * x->w' * ls[a](w', z) * ls[c](z, nil) (ls R.Unf./Simplify) [
      5 <{(0, 0), (a, a), (b, b), (c, c)}/{}>]
        5:
        [0 < a; a < b] : nil!=x * x->z * ls[c](z, nil) |-
        z!=x * x->z * ls[c](z, nil) (ls L.Unf./LHS Inst.,LHS Inst./Simplify,Simplify) [
        6 <{(0, 0), (a, a), (b, b), (c, c)}/{(a, 0), (b, 0), (b, a), (c, 1)}>,
        7 <{(0, 0), (a, a), (b, b), (c, c)}/{(a, 0), (b, 0), (b, a), (c, 1)}>]
          6:
          [1 < c; 0 < a; a < b] : nil!=x * x->nil |- x->nil * ls[c](nil, nil) (ls R.Unf./Simplify) [
          8 <{(1, 1), (0, 0), (a, a), (b, b), (c, c)}/{}>]
            8: [1 < c; 0 < a; a < b] : nil!=x * x->nil |- x->nil (Id)
          7:
          [1 < c; 0 < a; a < b] : nil!=z * nil!=x * z!=x * z->w * x->z *
                                  ls[1](w, nil) |-
          x->z * ls[c](z, nil) (ls R.Unf./Simplify) [9 <{(1, 1), (0, 0),
                                                        (a, a), (b, b),
                                                        (c, c)}/{}>]
            9:
            [1 < c; 0 < a; a < b] : nil!=z * nil!=x * z!=x * z->w * x->z *
                                    ls[1](w, nil) |-
            [0' < c] : z->w' * x->z * ls[0'](w', nil) (Id)
      4:
      [0 < a; a < b] : nil!=y * nil!=x * y!=x * y->z * x->w * ls[0](w, y) *
                       ls[c](z, nil) |-
      z!=x * x->w' * ls[a](w', z) * ls[c](z, nil) (Lemma.App) [10 <{(0, 0),
                                                                   (a, a),
                                                                   (b, b),
                                                                   (c, c)}/
                                                               {}>,
      11 <{(0, 0), (a, a), (b, b), (c, c)}/{(a, 0), (b, 0), (b, a)}>]
        10:
        [0 < a; a < b] : nil!=y * nil!=x * y!=x * y->z * ls[0](w, y) *
                         ls[c](z, nil) |-
        ls[a](w, z) * ls[c](z, nil) (Weaken) [12 <{(0, 0), (a, a), (c, c)}/
                                              {}>]
          12:
          [0 < a] : nil!=y * y->z * ls[0](w, y) * ls[c](z, nil) |-
          ls[a](w, z) * ls[c](z, nil) (Subst) [13 <{(0, a), (a, b), (c, c)}/
                                               {}>]
            13:
            [a < b] : nil!=y * y->z * ls[a](x, y) * ls[c](z, nil) |-
            ls[b](x, z) * ls[c](z, nil) (Backl) [0] <pre={(a, a), (b, b),
                                                         (c, c)}>
        11:
        [0 < a; a < b] : nil!=y * nil!=x * y!=x * x->w * ls[a](w, z) *
                         ls[c](z, nil) |-
        z!=x * x->w' * ls[a](w', z) * ls[c](z, nil) (ls L.Unf./LHS Inst.,LHS Inst./Simplify,Simplify) [
        14 <{(0, 0), (a, a), (b, b), (c, c)}/{(a, 0), (b, 0), (b, a), (c, 1)}>,
        15 <{(0, 0), (a, a), (b, b), (c, c)}/{(a, 0), (b, 0), (b, a), (c, 1)}>]
          14:
          [1 < c; 0 < a; a < b] : nil!=y * nil!=x * y!=x * x->w *
                                  ls[a](w, nil) |-
          x->w' * ls[a](w', nil) * ls[c](nil, nil) (ls R.Unf./Simplify) [
          16 <{(1, 1), (0, 0), (a, a), (b, b), (c, c)}/{}>]
            16:
            [1 < c; 0 < a; a < b] : nil!=y * nil!=x * y!=x * x->w *
                                    ls[a](w, nil) |-
            x->w' * ls[a](w', nil) (Id)
          15:
          [1 < c; 0 < a; a < b] : nil!=z * nil!=y * nil!=x * z!=x * y!=x *
                                  z->a * x->w * ls[1](a, nil) * ls[a](w, z) |-
          x->w' * ls[a](w', z) * ls[c](z, nil) (ls R.Unf./Simplify) [
          17 <{(1, 1), (0, 0), (a, a), (b, b), (c, c)}/{}>]
            17:
            [1 < c; 0 < a; a < b] : nil!=z * nil!=y * nil!=x * z!=x * y!=x *
                                    z->a * x->w * ls[1](a, nil) * ls[a](w, z) |-
            [0' < c] : z->y' * x->w' * ls[0'](y', nil) * ls[a](w', z) (Id)

=== cyclist-sl-22.5
$ cyclist sl prove -S 'ls[a](x,y) * y->z * ls[c](z,nil) |- [a] < [b'"'"'], [c] < [d'"'"'] : ls[b'"'"'](x,z) * ls[d'"'"'](z,nil)' -p -t 60
exit: 0
0:
nil!=y * y->z * ls[a](x, y) * ls[c](z, nil) |-
[a < b'; c < d'] : ls[b'](x, z) * ls[d'](z, nil) (ls L.Unf./LHS Inst.,LHS Inst./Simplify) [
1 <{(a, a), (c, c)}/{(c, 0)}>, 2 <{(a, a), (c, c)}/{(c, 0)}>]
  1:
  [0 < c] : nil!=y * y->nil * ls[a](x, y) |-
  [a < b'; c < d'] : ls[b'](x, nil) * ls[d'](nil, nil) (ls R.Unf.) [3 <
                                                                    {
                                                                    (0, 0),
                                                                    (a, a),
                                                                    (c, c)}/
                                                                    {}>]
    3:
    [0 < c] : nil!=y * y->nil * ls[a](x, y) |-
    [0' < b'; a < b'; c < d'] : nil!=x * x->w' * ls[0'](w', nil) *
                                ls[d'](nil, nil) (UBound Intro) [4 <{
                                                                    (0, 0),
                                                                    (a, a),
                                                                    (c, c)}/
                                                                 {}>]
      4:
      [0 < c] : nil!=y * y->nil * ls[a](x, y) |-
      [c < d'] : nil!=x * x->w' * ls[0'](w', nil) * ls[d'](nil, nil) (ls L.Unf./LHS Inst.,LHS Inst./Simplify,Simplify) [
      5 <{(0, 0), (a, a), (c, c)}/{(a, 1), (c, 0)}>,
      6 <{(0, 0), (a, a), (c, c)}/{(a, 1), (c, 0)}>]
        5:
        [1 < a; 0 < c] : nil!=x * x->nil |-
        [c < d'] : x->w' * ls[0'](w', nil) * ls[d'](nil, nil) (ls R.Unf./Simplify) [
        7 <{(1, 1), (0, 0), (a, a), (c, c)}/{}>]
          7:
          [1 < a; 0 < c] : nil!=x * x->nil |-
          [c < d'] : x->nil * ls[d'](nil, nil) (ls R.Unf./Simplify) [
          8 <{(1, 1), (0, 0), (a, a), (c, c)}/{}>]
            8:
            [1 < a; 0 < c] : nil!=x * x->nil |- [c < d'] : x->nil (UBound Intro) [
            9 <{(1, 1), (0, 0), (a, a), (c, c)}/{}>]
              9: [1 < a; 0 < c] : nil!=x * x->nil |- x->nil (Id)
        6:
        [1 < a; 0 < c] : nil!=y * nil!=x * y!=x * y->nil * x->w * ls[1](w, y) |-
        [c < d'] : x->w' * ls[0'](w', nil) * ls[d'](nil, nil) (Pto Intro/Simplify) [
        10 <{(1, 1)}/{}>]
          10:
          [1 < a; 0 < c] : nil!=y * nil!=x * y!=x * y->nil * ls[1](w, y) |-
          [c < d'] : ls[0'](w, nil) * ls[d'](nil, nil) (R.Trans.Ex) [
          11 <{(1, 1), (0, 0), (a, a), (c, c)}/{}>]
            11:
            [1 < a; 0 < c] : nil!=y * nil!=x * y!=x * y->nil * ls[1](w, y) |-
            [c < d'] : ls[b'](w, nil) * ls[d'](nil, nil) (Weaken) [12 <
                                                                   {(1, 1),
                                                                   (0, 0),
                                                                   (c, c)}/
                                                                   {}>]
              12:
              [0 < c] : nil!=y * y->nil * ls[1](w, y) |-
              [1 < b'; c < d'] : ls[b'](w, nil) * ls[d'](nil, nil) (Subst) [
              13 <{(1, a), (0, 0), (c, c)}/{}>]
                13:
                [0 < c] : nil!=y * y->nil * ls[a](x, y) |-
                [a < b'; c < d'] : ls[b'](x, nil) * ls[d'](nil, nil) (Backl) [1] <pre=
                {(0, 0), (a, a), (c, c)}>
  2:
  [0 < c] : nil!=z * nil!=y * z!=y * z->w * y->z * ls[0](w, nil) *
            ls[a](x, y) |-
  [a < b'; c < d'] : ls[b'](x, z) * ls[d'](z, nil) (ls R.Unf.) [14 <{
                                                                    (0, 0),
                                                                    (a, a),
                                                                    (c, c)}/
                                                                {}>]
    14:
    [0 < c] : nil!=z * nil!=y * z!=y * z->w * y->z * ls[0](w, nil) *
              ls[a](x, y) |-
    [0' < b'; a < b'; c < d'] : nil!=x * z!=x * x->w' * ls[0'](w', z) *
                                ls[d'](z, nil) (UBound Intro) [15 <{(0, 0),
                                                                   (a, a),
                                                                   (c, c)}/
                                                               {}>]
      15:
      [0 < c] : nil!=z * nil!=y * z!=y * z->w * y->z * ls[0](w, nil) *
                ls[a](x, y) |-
      [c < d'] : nil!=x * z!=x * x->w' * ls[0'](w', z) * ls[d'](z, nil) (ls L.Unf./LHS Inst.,LHS Inst./Simplify,Simplify) [
      16 <{(0, 0), (a, a), (c, c)}/{(a, 1), (c, 0)}>,
      17 <{(0, 0), (a, a), (c, c)}/{(a, 1), (c, 0)}>]
        16:
        [1 < a; 0 < c] : nil!=z * nil!=x * z!=x * z->w * x->z * ls[0](w, nil) |-
        [c < d'] : x->w' * ls[0'](w', z) * ls[d'](z, nil) (ls R.Unf./Simplify) [
        18 <{(1, 1), (0, 0), (a, a), (c, c)}/{}>]
          18:
          [1 < a; 0 < c] : nil!=z * nil!=x * z!=x * z->w * x->z *
                           ls[0](w, nil) |-
          [c < d'] : x->z * ls[d'](z, nil) (ls R.Unf./Simplify) [19 <
                                                                 {(1, 1),
                                                                 (0, 0),
                                                                 (a, a),
                                                                 (c, c)}/
                                                                 {}>]
            19:
            [1 < a; 0 < c] : nil!=z * nil!=x * z!=x * z->w * x->z *
                             ls[0](w, nil) |-
            [0' < d'; c < d'] : z->w' * x->z * ls[0'](w', nil) (UBound Intro) [
            20 <{(1, 1), (0, 0), (a, a), (c, c)}/{}>]
              20:
              [1 < a; 0 < c] : nil!=z * nil!=x * z!=x * z->w * x->z *
                               ls[0](w, nil) |-
              z->w' * x->z * ls[0'](w', nil) (Id)
        17:
        [1 < a; 0 < c] : nil!=z * nil!=y * nil!=x * z!=y * z!=x * y!=x *
                         z->w * y->z * x->a * ls[1](a, y) * ls[0](w, nil) |-
        [c < d'] : x->w' * ls[0'](w', z) * ls[d'](z, nil) (Lemma.App) [
        21 <{(1, 1), (0, 0), (a, a), (c, c)}/{}>,
        22 <{(1, 1), (0, 0), (a, a), (c, c)}/{(a, 1), (c, 0)}>]
          21:
          [1 < a; 0 < c] : nil!=z * nil!=y * nil!=x * z!=y * z!=x * y!=x *
                           z->w * y->z * ls[1](a, y) * ls[0](w, nil) |-
          [1 < b'; c < 1'] : ls[1'](z, nil) * ls[b'](a, z) (R.Trans.Ex) [
          23 <{(1, 1), (0, 0), (a, a), (c, c)}/{}>]
            23:
            [1 < a; 0 < c] : nil!=z * nil!=y * nil!=x * z!=y * z!=x * y!=x *
                             z->w * y->z * ls[1](a, y) * ls[0](w, nil) |-
            [1 < b'; c < d'] : ls[b'](a, z) * ls[d'](z, nil) (Weaken) [
            24 <{(1, 1), (0, 0), (c, c)}/{}>]
              24:
              [0 < c] : nil!=z * nil!=y * z!=y * z->w * y->z * ls[1](a, y) *
                        ls[0](w, nil) |-
              [1 < b'; c < d'] : ls[b'](a, z) * ls[d'](z, nil) (Subst) [
              25 <{(1, a), (0, 0), (c, c)}/{}>]
                25:
                [0 < c] : nil!=z * nil!=y * z!=y * z->w * y->z *
                          ls[0](w, nil) * ls[a](x, y) |-
                [a < b'; c < d'] : ls[b'](x, z) * ls[d'](z, nil) (Backl) [2] <pre=
                {(0, 0), (a, a), (c, c)}>
          22:
          [1 < a; 1 < b'; 0 < c; c < 1'] : nil!=z * nil!=y * nil!=x * z!=y *
                                           z!=x * y!=x * x->a *
                                           ls[1'](z, nil) * ls[b'](a, z) |-
          [c < d'] : x->w' * ls[0'](w', z) * ls[d'](z, nil) (Id)

=== cyclist-sl-22.6
$ cyclist sl prove -S 'ls[a](x,y) * y->z * ls[c](z,nil) |- [a] < [b'"'"'], [d'"'"'] <= [c] : ls[b'"'"'](x,z) * ls[d'"'"'](z,nil)' -p -t 60
exit: 0
0:
nil!=y * y->z * ls[a](x, y) * ls[c](z, nil) |-
[a < b'; d' <= c] : ls[b'](x, z) * ls[d'](z, nil) (Inst.Tag (Sel.UBound)/Simplify) [
1 <{(a, a), (c, c)}/{}>]
  1:
  nil!=y * y->z * ls[a](x, y) * ls[c](z, nil) |-
  [a < b'] : ls[c](z, nil) * ls[b'](x, z) (ls L.Unf./LHS Inst.,LHS Inst./Simplify) [
  2 <{(a, a), (c, c)}/{(c, 0)}>, 3 <{(a, a), (c, c)}/{(c, 0)}>]
    2:
    [0 < c] : nil!=y * y->nil * ls[a](x, y) |-
    [a < b'] : ls[c](nil, nil) * ls[b'](x, nil) (ls R.Unf.) [4 <{(0, 0),
                                                                (a, a),
                                                                (c, c)}/
                                                             {}>]
      4:
      [0 < c] : nil!=y * y->nil * ls[a](x, y) |-
      [0' < b'; a < b'] : nil!=x * x->w' * ls[0'](w', nil) * ls[c](nil, nil) (UBound Intro) [
      5 <{(0, 0), (a, a), (c, c)}/{}>]
        5:
        [0 < c] : nil!=y * y->nil * ls[a](x, y) |-
        nil!=x * x->w' * ls[0'](w', nil) * ls[c](nil, nil) (ls L.Unf./LHS Inst.,LHS Inst./Simplify,Simplify) [
        6 <{(0, 0), (a, a), (c, c)}/{(a, 1), (c, 0)}>,
        7 <{(0, 0), (a, a), (c, c)}/{(a, 1), (c, 0)}>]
          6:
          [1 < a; 0 < c] : nil!=x * x->nil |-
          x->w' * ls[0'](w', nil) * ls[c](nil, nil) (ls R.Unf./Simplify) [
          8 <{(1, 1), (0, 0), (a, a), (c, c)}/{}>]
            8:
            [1 < a; 0 < c] : nil!=x * x->nil |- x->nil * ls[c](nil, nil) (ls R.Unf./Simplify) [
            9 <{(1, 1), (0, 0), (a, a), (c, c)}/{}>]
              9: [1 < a; 0 < c] : nil!=x * x->nil |- x->nil (Id)
          7:
          [1 < a; 0 < c] : nil!=y * nil!=x * y!=x * y->nil * x->w *
                           ls[1](w, y) |-
          x->w' * ls[0'](w', nil) * ls[c](nil, nil) (Pto Intro/Simplify) [
          10 <{(1, 1)}/{}>]
            10:
            [1 < a; 0 < c] : nil!=y * nil!=x * y!=x * y->nil * ls[1](w, y) |-
            ls[0'](w, nil) * ls[c](nil, nil) (R.Trans.Ex) [11 <{(1, 1),
                                                               (0, 0),
                                                               (a, a),
                                                               (c, c)}/
                                                           {}>]
              11:
              [1 < a; 0 < c] : nil!=y * nil!=x * y!=x * y->nil * ls[1](w, y) |-
              ls[c](nil, nil) * ls[b'](w, nil) (Weaken) [12 <{(1, 1),
                                                             (0, 0),
                                                             (c, c)}/
                                                         {}>]
                12:
                [0 < c] : nil!=y * y->nil * ls[1](w, y) |-
                [1 < b'] : ls[c](nil, nil) * ls[b'](w, nil) (Subst) [
                13 <{(1, a), (0, 0), (c, c)}/{}>]
                  13:
                  [0 < c] : nil!=y * y->nil * ls[a](x, y) |-
                  [a < b'] : ls[c](nil, nil) * ls[b'](x, nil) (Backl) [2] <pre=
                  {(0, 0), (a, a), (c, c)}>
    3:
    [0 < c] : nil!=z * nil!=y * z!=y * z->w * y->z * ls[0](w, nil) *
              ls[a](x, y) |-
    [a < b'] : ls[c](z, nil) * ls[b'](x, z) (ls R.Unf.) [14 <{(0, 0),
                                                             (a, a),
                                                             (c, c)}/
                                                         {}>]
      14:
      [0 < c] : nil!=z * nil!=y * z!=y * z->w * y->z * ls[0](w, nil) *
                ls[a](x, y) |-
      [0' < b'; a < b'] : nil!=x * z!=x * x->w' * ls[0'](w', z) *
                          ls[c](z, nil) (UBound Intro) [15 <{(0, 0),
                                                            (a, a), (c, c)}/
                                                        {}>]
        15:
        [0 < c] : nil!=z * nil!=y * z!=y * z->w * y->z * ls[0](w, nil) *
                  ls[a](x, y) |-
        nil!=x * z!=x * x->w' * ls[0'](w', z) * ls[c](z, nil) (ls L.Unf./LHS Inst.,LHS Inst./Simplify,Simplify) [
        16 <{(0, 0), (a, a), (c, c)}/{(a, 1), (c, 0)}>,
        17 <{(0, 0), (a, a), (c, c)}/{(a, 1), (c, 0)}>]
          16:
          [1 < a; 0 < c] : nil!=z * nil!=x * z!=x * z->w * x->z *
                           ls[0](w, nil) |-
          x->w' * ls[0'](w', z) * ls[c](z, nil) (ls R.Unf./Simplify) [
          18 <{(1, 1), (0, 0), (a, a), (c, c)}/{}>]
            18:
            [1 < a; 0 < c] : nil!=z * nil!=x * z!=x * z->w * x->z *
                             ls[0](w, nil) |-
            x->z * ls[c](z, nil) (ls R.Unf./Simplify) [19 <{(1, 1), (0, 0),
                                                           (a, a), (c, c)}/
                                                       {}>]
              19:
              [1 < a; 0 < c] : nil!=z * nil!=x * z!=x * z->w * x->z *
                               ls[0](w, nil) |-
              [0' < c] : z->w' * x->z * ls[0'](w', nil) (Id)
          17:
          [1 < a; 0 < c] : nil!=z * nil!=y * nil!=x * z!=y * z!=x * y!=x *
                           z->w * y->z * x->a * ls[1](a, y) * ls[0](w, nil) |-
          x->w' * ls[0'](w', z) * ls[c](z, nil) (Lemma.App) [20 <{(1, 1),
                                                                 (0, 0),
                                                                 (a, a),
                                                                 (c, c)}/
                                                             {}>,
          21 <{(1, 1), (0, 0), (a, a), (c, c)}/{(a, 1), (c, 0)}>]
            20:
            [1 < a; 0 < c] : nil!=z * nil!=y * nil!=x * z!=y * z!=x * y!=x *
                             z->w * y->z * ls[1](a, y) * ls[0](w, nil) |-
            [1 < b'] : ls[c](z, nil) * ls[b'](a, z) (Weaken) [22 <{(1, 1),
                                                                  (0, 0),
                                                                  (c, c)}/
                                                              {}>]
              22:
              [0 < c] : nil!=z * nil!=y * z!=y * z->w * y->z * ls[1](a, y) *
                        ls[0](w, nil) |-
              [1 < b'] : ls[c](z, nil) * ls[b'](a, z) (Subst) [23 <{(1, a),
                                                                   (0, 0),
                                                                   (c, c)}/
                                                               {}>]
                23:
                [0 < c] : nil!=z * nil!=y * z!=y * z->w * y->z *
                          ls[0](w, nil) * ls[a](x, y) |-
                [a < b'] : ls[c](z, nil) * ls[b'](x, z) (Backl) [3] <pre=
                {(0, 0), (a, a), (c, c)}>
            21:
            [1 < a; 1 < b'; 0 < c] : nil!=z * nil!=y * nil!=x * z!=y * z!=x *
                                     y!=x * x->a * ls[c](z, nil) *
                                     ls[b'](a, z) |-
            x->w' * ls[0'](w', z) * ls[c](z, nil) (Id)

=== cyclist-sl-23.1
$ cyclist sl prove -S 'RList(x,y) |- List(x,y)' -p -t 60
exit: 0
0:
RList[0](x, y) |- List[0'](x, y) (RList L.Unf./LHS Inst.,LHS Inst.) [
1 <{(0, 0)}/{(0, 1)}>, 2 <{(0, 0)}/{(0, 1)}>]
  1:
  [1 < 0] : nil!=x * x->y |- List[0'](x, y) (List R.Unf./Simplify) [3 <
                                                                    {
                                                                    (1, 1),
                                                                    (0, 0)}/
                                                                    {}>]
    3: [1 < 0] : nil!=x * x->y |- x->y (Id)
  2:
  [1 < 0] : nil!=w * w->y * RList[1](x, w) |- List[0'](x, y) (Lemma.App) [
  4 <{(1, 1), (0, 0)}/{}>, 5 <{(1, 1), (0, 0)}/{(0, 1)}>]
    4:
    [1 < 0] : nil!=w * RList[1](x, w) |- List[1'](x, w) (R.Trans.Ex) [
    6 <{(1, 1), (0, 0)}/{}>]
      6:
      [1 < 0] : nil!=w * RList[1](x, w) |- List[0'](x, w) (Weaken) [7 <
                                                                    {
                                                                    (1, 1)}/
                                                                    {}>]
        7: RList[1](x, w) |- List[0'](x, w) (Subst) [8 <{(1, 0)}/{}>]
          8: RList[0](x, y) |- List[0'](x, y) (Backl) [0] <pre={(0, 0)}>
    5:
    [1 < 0] : nil!=w * w->y * List[1'](x, w) |- List[0'](x, y) (LHS Inst.) [
    9 <{(1', 2), (1, 1), (0, 0)}/{}>]
      9:
      [1 < 0] : nil!=w * w->y * List[2](x, w) |- List[0'](x, y) (List R.Unf.) [
      10 <{(2, 2), (1, 1), (0, 0)}/{}>]
        10:
        [1 < 0] : nil!=w * w->y * List[2](x, w) |-
        [1' < 0'] : nil!=x * x->w' * List[1'](w', y) (UBound Intro) [
        11 <{(2, 2), (1, 1), (0, 0)}/{}>]
          11:
          [1 < 0] : nil!=w * w->y * List[2](x, w) |-
          nil!=x * x->w' * List[1'](w', y) (List L.Unf./LHS Inst.,LHS Inst./Simplify,Simplify) [
          12 <{(2, 2), (1, 1), (0, 0)}/{(2, 3), (0, 1)}>,
          13 <{(2, 2), (1, 1), (0, 0)}/{(2, 3), (0, 1)}>]
            12:
            [3 < 2; 1 < 0] : nil!=x * nil!=w * x!=w * x->w * w->y |-
            x->w' * List[1'](w', y) (List R.Unf./Simplify) [14 <{(3, 3),
                                                                (2, 2),
                                                                (1, 1),
                                                                (0, 0)}/
                                                            {}>]
              14:
              [3 < 2; 1 < 0] : nil!=x * nil!=w * x!=w * x->w * w->y |-
              nil!=w' * x!=w' * x->w' * w'->y (Id)
            13:
            [3 < 2; 1 < 0] : nil!=x * nil!=w * x!=w * x->z * w->y *
                             List[3](z, w) |-
            x->w' * List[1'](w', y) (Lemma.App) [15 <{(3, 3), (2, 2),
                                                     (1, 1), (0, 0)}/
                                                 {}>,
            16 <{(3, 3), (2, 2), (1, 1), (0, 0)}/{(2, 3), (0, 1)}>]
              15:
              [3 < 2; 1 < 0] : nil!=x * nil!=w * x!=w * w->y * List[3](z, w) |-
              List[0'](z, y) (Weaken) [17 <{(3, 3), (2, 2)}/{}>]
                17:
                [3 < 2] : nil!=w * w->y * List[3](z, w) |- List[0'](z, y) (L.Trans.Ex) [
                18 <{(3, 3), (3, 1'), (2, 2)}/{}>]
                  18:
                  [3 < 2] : nil!=w * w->y * List[1'](z, w) |- List[0'](z, y) (Subst) [
                  19 <{(3, 1), (2, 0), (1', 1')}/{}>]
                    19:
                    [1 < 0] : nil!=w * w->y * List[1'](x, w) |-
                    List[0'](x, y) (Backl) [5] <pre={(1', 1'), (1, 1),
                                                    (0, 0)}>
              16:
              [3 < 2; 1 < 0] : nil!=x * nil!=w * x!=w * x->z * List[0'](z, y) |-
              x->w' * List[1'](w', y) (Id)

=== cyclist-sl-23.2
$ cyclist sl prove -S 'RList[a](x,y) |- List[a](x,y)' -p -t 60
exit: 0
0:
RList[a](x, y) |- List[a](x, y) (RList L.Unf./LHS Inst.,LHS Inst.) [1 <
                                                                    {
                                                                    (a, a)}/
                                                                    {
                                                                    (a, 0)}>,
2 <{(a, a)}/{(a, 0)}>]
  1:
  [0 < a] : nil!=x * x->y |- List[a](x, y) (List R.Unf./Simplify) [3 <
                                                                   {(0, 0),
                                                                   (a, a)}/
                                                                   {}>]
    3: [0 < a] : nil!=x * x->y |- x->y (Id)
  2:
  [0 < a] : nil!=w * w->y * RList[0](x, w) |- List[a](x, y) (Lemma.App) [
  4 <{(0, 0), (a, a)}/{}>, 5 <{(0, 0), (a, a)}/{(a, 0)}>]
    4:
    [0 < a] : nil!=w * RList[0](x, w) |- List[0](x, w) (Weaken) [6 <{(0, 0)}/
                                                                 {}>]
      6: RList[0](x, w) |- List[0](x, w) (Subst) [7 <{(0, a)}/{}>]
        7: RList[a](x, y) |- List[a](x, y) (Backl) [0] <pre={(a, a)}>
    5:
    [0 < a] : nil!=w * w->y * List[0](x, w) |- List[a](x, y) (List R.Unf.) [
    8 <{(0, 0), (a, a)}/{}>]
      8:
      [0 < a] : nil!=w * w->y * List[0](x, w) |-
      [0' < a] : nil!=x * x->w' * List[0'](w', y) (Inst.Tag (Match)/Simplify) [
      9 <{(0, 0), (a, a)}/{}>]
        9:
        [0 < a] : nil!=w * w->y * List[0](x, w) |-
        nil!=x * x->w' * List[0](w', y) (List L.Unf./LHS Inst.,LHS Inst./Simplify,Simplify) [
        10 <{(0, 0), (a, a)}/{(0, 1), (a, 1), (a, 0)}>,
        11 <{(0, 0), (a, a)}/{(0, 1), (a, 1), (a, 0)}>]
          10:
          [1 < 0; 0 < a] : nil!=x * nil!=w * x!=w * x->w * w->y |-
          x->w' * List[0](w', y) (List R.Unf./Simplify) [12 <{(1, 1),
                                                             (0, 0),
                                                             (a, a)}/
                                                         {}>]
            12:
            [1 < 0; 0 < a] : nil!=x * nil!=w * x!=w * x->w * w->y |-
            nil!=w' * x!=w' * x->w' * w'->y (Id)
          11:
          [1 < 0; 0 < a] : nil!=x * nil!=w * x!=w * x->z * w->y *
                           List[1](z, w) |-
          x->w' * List[0](w', y) (Lemma.App) [13 <{(1, 1), (0, 0), (a, a)}/
                                              {}>,
          14 <{(1, 1), (0, 0), (a, a)}/{(0, 1), (a, 1), (a, 0)}>]
            13:
            [1 < 0; 0 < a] : nil!=x * nil!=w * x!=w * w->y * List[1](z, w) |-
            List[0](z, y) (Weaken) [15 <{(1, 1), (0, 0)}/{}>]
              15:
              [1 < 0] : nil!=w * w->y * List[1](z, w) |- List[0](z, y) (Subst) [
              16 <{(1, 0), (0, a)}/{}>]
                16:
                [0 < a] : nil!=w * w->y * List[0](x, w) |- List[a](x, y) (Backl) [5] <pre=
                {(0, 0), (a, a)}>
            14:
            [1 < 0; 0 < a] : nil!=x * nil!=w * x!=w * x->z * List[0](z, y) |-
            x->w' * List[0](w', y) (Id)

=== cyclist-sl-23.3
$ cyclist sl prove -S 'RList[a](x,y) |- [a] < [b'"'"'] : List[b'"'"'](x,y)' -p -t 60
exit: 0
0:
RList[a](x, y) |- [a < b'] : List[b'](x, y) (RList L.Unf./LHS Inst.,LHS Inst.) [
1 <{(a, a)}/{(a, 0)}>, 2 <{(a, a)}/{(a, 0)}>]
  1:
  [0 < a] : nil!=x * x->y |- [a < b'] : List[b'](x, y) (List R.Unf./Simplify) [
  3 <{(0, 0), (a, a)}/{}>]
    3:
    [0 < a] : nil!=x * x->y |- [a < b'] : x->y (UBound Intro) [4 <{(0, 0),
                                                                  (a, a)}/
                                                               {}>]
      4: [0 < a] : nil!=x * x->y |- x->y (Id)
  2:
  [0 < a] : nil!=w * w->y * RList[0](x, w) |- [a < b'] : List[b'](x, y) (Lemma.App) [
  5 <{(0, 0), (a, a)}/{}>, 6 <{(0, 0), (a, a)}/{(a, 0)}>]
    5:
    [0 < a] : nil!=w * RList[0](x, w) |- [0 < 0'] : List[0'](x, w) (R.Trans.Ex) [
    7 <{(0, 0), (a, a)}/{}>]
      7:
      [0 < a] : nil!=w * RList[0](x, w) |- [0 < b'] : List[b'](x, w) (Weaken) [
      8 <{(0, 0)}/{}>]
        8:
        RList[0](x, w) |- [0 < b'] : List[b'](x, w) (Subst) [9 <{(0, a)}/{}>]
          9:
          RList[a](x, y) |- [a < b'] : List[b'](x, y) (Backl) [0] <pre=
          {(a, a)}>
    6:
    [0 < 0'; 0 < a] : nil!=w * w->y * List[0'](x, w) |-
    [a < b'] : List[b'](x, y) (LHS Inst.) [10 <{(0', 1), (0, 0), (a, a)}/{}>]
      10:
      [0 < 1; 0 < a] : nil!=w * w->y * List[1](x, w) |-
      [a < b'] : List[b'](x, y) (List R.Unf.) [11 <{(1, 1), (0, 0), (a, a)}/
                                               {}>]
        11:
        [0 < 1; 0 < a] : nil!=w * w->y * List[1](x, w) |-
        [0' < b'; a < b'] : nil!=x * x->w' * List[0'](w', y) (UBound Intro) [
        12 <{(1, 1), (0, 0), (a, a)}/{}>]
          12:
          [0 < 1; 0 < a] : nil!=w * w->y * List[1](x, w) |-
          nil!=x * x->w' * List[0'](w', y) (List L.Unf./LHS Inst.,LHS Inst./Simplify,Simplify) [
          13 <{(1, 1), (0, 0), (a, a)}/{(1, 2), (1, 0), (a, 0)}>,
          14 <{(1, 1), (0, 0), (a, a)}/{(1, 2), (1, 0), (a, 0)}>]
            13:
            [2 < 1; 0 < 1; 0 < a] : nil!=x * nil!=w * x!=w * x->w * w->y |-
            x->w' * List[0'](w', y) (Pto Intro/Simplify) [15 <{}/{}>]
              15:
              [2 < 1; 0 < 1; 0 < a] : nil!=x * nil!=w * x!=w * w->y |-
              List[0'](w, y) (List R.Unf./Simplify) [16 <{(2, 2), (1, 1),
                                                         (0, 0), (a, a)}/
                                                     {}>]
                16:
                [2 < 1; 0 < 1; 0 < a] : nil!=x * nil!=w * x!=w * w->y |- w->y (Id)
            14:
            [2 < 1; 0 < 1; 0 < a] : nil!=x * nil!=w * x!=w * x->z * w->y *
                                    List[2](z, w) |-
            x->w' * List[0'](w', y) (List R.Unf./Simplify) [17 <{(2, 2),
                                                                (1, 1),
                                                                (0, 0),
                                                                (a, a)}/
                                                            {}>]
              17:
              [2 < 1; 0 < 1; 0 < a] : nil!=x * nil!=w * x!=w * x->z * w->y *
                                      List[2](z, w) |-
              [1' < 0'] : nil!=w' * x!=w' * x->w' * w'->y' * List[1'](y', y) (UBound Intro) [
              18 <{(2, 2), (1, 1), (0, 0), (a, a)}/{}>]
                18:
                [2 < 1; 0 < 1; 0 < a] : nil!=x * nil!=w * x!=w * x->z *
                                        w->y * List[2](z, w) |-
                nil!=w' * x!=w' * x->w' * w'->y' * List[1'](y', y) (List L.Unf./LHS Inst.,LHS Inst.) [
                19 <{(2, 2), (1, 1), (0, 0), (a, a)}/{(2, 3), (1, 3),
                                                     (1, 2), (1, 0),
                                                     (a, 0)}>,
                20 <{(2, 2), (1, 1), (0, 0), (a, a)}/{(2, 3), (1, 3),
                                                     (1, 2), (1, 0),
                                                     (a, 0)}>]
                  19:
                  [3 < 2; 2 < 1; 0 < 1; 0 < a] : nil!=z * nil!=x * nil!=w *
                                                 z!=x * z!=w * x!=w * z->w *
                                                 x->z * w->y |-
                  nil!=w' * x!=w' * x->w' * w'->y' * List[1'](y', y) (List R.Unf./Simplify) [
                  21 <{(3, 3), (2, 2), (1, 1), (0, 0), (a, a)}/{}>]
                    21:
                    [3 < 2; 2 < 1; 0 < 1; 0 < a] : nil!=z * nil!=x * nil!=w *
                                                   z!=x * z!=w * x!=w *
                                                   z->w * x->z * w->y |-
                    nil!=y' * nil!=w' * y'!=x * y'!=w' * x!=w' * y'->y *
                    x->w' * w'->y' (Id)
                  20:
                  [3 < 2; 2 < 1; 0 < 1; 0 < a] : nil!=z * nil!=x * nil!=w *
                                                 z!=x * z!=w * x!=w * z->a *
                                                 x->z * w->y * List[3](a, w) |-
                  nil!=w' * x!=w' * x->w' * w'->y' * List[1'](y', y) (Lemma.App) [
                  22 <{(3, 3), (2, 2), (1, 1), (0, 0), (a, a)}/{}>,
                  23 <{(3, 3), (2, 2), (1, 1), (0, 0), (a, a)}/{(2, 3),
                                                               (1, 3),
                                                               (1, 2),
                                                               (1, 0),
                                                               (a, 0)}>]
                    22:
                    [3 < 2; 2 < 1; 0 < 1; 0 < a] : nil!=z * nil!=x * nil!=w *
                                                   z!=x * z!=w * x!=w *
                                                   z->a * w->y *
                                                   List[3](a, w) |-
                    z->x' * List[0'](x', y) (R.Trans.Ex) [24 <{(3, 3),
                                                              (2, 2),
                                                              (1, 1),
                                                              (0, 0),
                                                              (a, a)}/
                                                          {}>]
                      24:
                      [3 < 2; 2 < 1; 0 < 1; 0 < a] : nil!=z * nil!=x *
                                                     nil!=w * z!=x * z!=w *
                                                     x!=w * z->a * w->y *
                                                     List[3](a, w) |-
                      z->w' * List[0'](w', y) (Weaken) [25 <{(3, 3), (2, 2)}/
                                                        {}>]
                        25:
                        [3 < 2] : nil!=z * nil!=w * z!=w * z->a * w->y *
                                  List[3](a, w) |-
                        z->w' * List[0'](w', y) (Subst) [26 <{(3, 2),
                                                             (3, 0),
                                                             (2, 1),
                                                             (2, a)}/
                                                         {}>]
                          26:
                          [2 < 1; 0 < 1; 0 < a] : nil!=x * nil!=w * x!=w *
                                                  x->z * w->y * List[2](z, w) |-
                          x->w' * List[0'](w', y) (Backl) [14] <pre={
                                                                    (2, 2),
                                                                    (1, 1),
                                                                    (0, 0),
                                                                    (a, a)}>
                    23:
                    [3 < 2; 2 < 1; 0 < 1; 0 < a] : nil!=z * nil!=x * nil!=w *
                                                   z!=x * z!=w * x!=w *
                                                   z->x' * x->z *
                                                   List[0'](x', y) |-
                    nil!=w' * x!=w' * x->w' * w'->y' * List[1'](y', y) (Id)

=== cyclist-sl-23.4
$ cyclist sl prove -S '[a] < [b] : RList[a](x,y) |- List[b](x,y)' -p -t 60
exit: 0
0:
[a < b] : RList[a](x, y) |- List[b](x, y) (RList L.Unf./LHS Inst.,LHS Inst.) [
1 <{(a, a), (b, b)}/{(a, 0), (b, 0), (b, a)}>,
2 <{(a, a), (b, b)}/{(a, 0), (b, 0), (b, a)}>]
  1:
  [0 < a; a < b] : nil!=x * x->y |- List[b](x, y) (List R.Unf./Simplify) [
  3 <{(0, 0), (a, a), (b, b)}/{}>]
    3: [0 < a; a < b] : nil!=x * x->y |- x->y (Id)
  2:
  [0 < a; a < b] : nil!=w * w->y * RList[0](x, w) |- List[b](x, y) (Lemma.App) [
  4 <{(0, 0), (a, a), (b, b)}/{}>,
  5 <{(0, 0), (a, a), (b, b)}/{(a, 0), (b, 0), (b, a)}>]
    4:
    [0 < a; a < b] : nil!=w * RList[0](x, w) |- List[a](x, w) (Weaken) [
    6 <{(0, 0), (a, a)}/{}>]
      6:
      [0 < a] : RList[0](x, w) |- List[a](x, w) (Subst) [7 <{(0, a), (a, b)}/
                                                         {}>]
        7:
        [a < b] : RList[a](x, y) |- List[b](x, y) (Backl) [0] <pre={(a, a),
                                                                   (b, b)}>
    5:
    [0 < a; a < b] : nil!=w * w->y * List[a](x, w) |- List[b](x, y) (List R.Unf.) [
    8 <{(0, 0), (a, a), (b, b)}/{}>]
      8:
      [0 < a; a < b] : nil!=w * w->y * List[a](x, w) |-
      [0' < b] : nil!=x * x->w' * List[0'](w', y) (Inst.Tag (Match)/Simplify) [
      9 <{(0, 0), (a, a), (b, b)}/{}>]
        9:
        [0 < a; a < b] : nil!=w * w->y * List[a](x, w) |-
        nil!=x * x->w' * List[a](w', y) (List L.Unf./LHS Inst.,LHS Inst./Simplify,Simplify) [
        10 <{(0, 0), (a, a), (b, b)}/{(a, 1), (a, 0), (b, 1), (b, 0), (b, a)}>,
        11 <{(0, 0), (a, a), (b, b)}/{(a, 1), (a, 0), (b, 1), (b, 0), (b, a)}>]
          10:
          [1 < a; 0 < a; a < b] : nil!=x * nil!=w * x!=w * x->w * w->y |-
          x->w' * List[a](w', y) (Pto Intro/Simplify) [12 <{}/{}>]
            12:
            [1 < a; 0 < a; a < b] : nil!=x * nil!=w * x!=w * w->y |-
            List[a](w, y) (List R.Unf./Simplify) [13 <{(1, 1), (0, 0),
                                                      (a, a), (b, b)}/
                                                  {}>]
              13:
              [1 < a; 0 < a; a < b] : nil!=x * nil!=w * x!=w * w->y |- w->y (Id)
          11:
          [1 < a; 0 < a; a < b] : nil!=x * nil!=w * x!=w * x->z * w->y *
                                  List[1](z, w) |-
          x->w' * List[a](w', y) (List R.Unf./Simplify) [14 <{(1, 1),
                                                             (0, 0),
                                                             (a, a),
                                                             (b, b)}/
                                                         {}>]
            14:
            [1 < a; 0 < a; a < b] : nil!=x * nil!=w * x!=w * x->z * w->y *
                                    List[1](z, w) |-
            [0' < a] : nil!=w' * x!=w' * x->w' * w'->y' * List[0'](y', y) (Inst.Tag (Match)/Simplify) [
            15 <{(1, 1), (0, 0), (a, a), (b, b)}/{}>]
              15:
              [1 < a; 0 < a; a < b] : nil!=x * nil!=w * x!=w * x->z * w->y *
                                      List[1](z, w) |-
              nil!=w' * x!=w' * x->w' * w'->y' * List[1](y', y) (List L.Unf./LHS Inst.,LHS Inst.) [
              16 <{(1, 1), (0, 0), (a, a), (b, b)}/{(1, 2), (a, 2), (a, 1),
                                                   (a, 0), (b, 2), (b, 1),
                                                   (b, 0), (b, a)}>,
              17 <{(1, 1), (0, 0), (a, a), (b, b)}/{(1, 2), (a, 2), (a, 1),
                                                   (a, 0), (b, 2), (b, 1),
                                                   (b, 0), (b, a)}>]
                16:
                [2 < 1; 1 < a; 0 < a; a < b] : nil!=z * nil!=x * nil!=w *
                                               z!=x * z!=w * x!=w * z->w *
                                               x->z * w->y |-
                nil!=w' * x!=w' * x->w' * w'->y' * List[1](y', y) (List R.Unf./Simplify) [
                18 <{(2, 2), (1, 1), (0, 0), (a, a), (b, b)}/{}>]
                  18:
                  [2 < 1; 1 < a; 0 < a; a < b] : nil!=z * nil!=x * nil!=w *
                                                 z!=x * z!=w * x!=w * z->w *
                                                 x->z * w->y |-
                  nil!=y' * nil!=w' * y'!=x * y'!=w' * x!=w' * y'->y *
                  x->w' * w'->y' (Id)
                17:
                [2 < 1; 1 < a; 0 < a; a < b] : nil!=z * nil!=x * nil!=w *
                                               z!=x * z!=w * x!=w * z->a *
                                               x->z * w->y * List[2](a, w) |-
                nil!=w' * x!=w' * x->w' * w'->y' * List[1](y', y) (Lemma.App) [
                19 <{(2, 2), (1, 1), (0, 0), (a, a), (b, b)}/{}>,
                20 <{(2, 2), (1, 1), (0, 0), (a, a), (b, b)}/{(1, 2),
                                                             (a, 2),
                                                             (a, 1),
                                                             (a, 0),
                                                             (b, 2),
                                                             (b, 1),
                                                             (b, 0),
                                                             (b, a)}>]
                  19:
                  [2 < 1; 1 < a; 0 < a; a < b] : nil!=z * nil!=x * nil!=w *
                                                 z!=x * z!=w * x!=w * z->a *
                                                 w->y * List[2](a, w) |-
                  z->x' * List[1](x', y) (R.Trans.Ex) [21 <{(2, 2), (1, 1),
                                                           (0, 0), (a, a),
                                                           (b, b)}/{}>]
                    21:
                    [2 < 1; 1 < a; 0 < a; a < b] : nil!=z * nil!=x * nil!=w *
                                                   z!=x * z!=w * x!=w *
                                                   z->a * w->y *
                                                   List[2](a, w) |-
                    z->w' * List[1](w', y) (Weaken) [22 <{(2, 2), (1, 1),
                                                         (a, a)}/{}>]
                      22:
                      [2 < 1; 1 < a] : nil!=z * nil!=w * z!=w * z->a * w->y *
                                       List[2](a, w) |-
                      z->w' * List[1](w', y) (Subst) [23 <{(2, 1), (2, 0),
                                                          (1, a), (a, b)}/
                                                      {}>]
                        23:
                        [1 < a; 0 < a; a < b] : nil!=x * nil!=w * x!=w *
                                                x->z * w->y * List[1](z, w) |-
                        x->w' * List[a](w', y) (Backl) [11] <pre={(1, 1),
                                                                 (0, 0),
                                                                 (a, a),
                                                                 (b, b)}>
                  20:
                  [2 < 1; 1 < a; 0 < a; a < b] : nil!=z * nil!=x * nil!=w *
                                                 z!=x * z!=w * x!=w * z->x' *
                                                 x->z * List[1](x', y) |-
                  nil!=w' * x!=w' * x->w' * w'->y' * List[1](y', y) (Id)

=== cyclist-sl-23.5
$ cyclist sl prove -S 'RList[a](x,y) |- [b'"'"'] <= [a] : List[b'"'"'](x,y)' -p -t 60
exit: 0
0:
RList[a](x, y) |- [b' <= a] : List[b'](x, y) (Inst.Tag (Sel.UBound)/Simplify) [
1 <{(a, a)}/{}>]
  1:
  RList[a](x, y) |- List[a](x, y) (RList L.Unf./LHS Inst.,LHS Inst.) [
  2 <{(a, a)}/{(a, 0)}>, 3 <{(a, a)}/{(a, 0)}>]
    2:
    [0 < a] : nil!=x * x->y |- List[a](x, y) (List R.Unf./Simplify) [
    4 <{(0, 0), (a, a)}/{}>]
      4: [0 < a] : nil!=x * x->y |- x->y (Id)
    3:
    [0 < a] : nil!=w * w->y * RList[0](x, w) |- List[a](x, y) (Lemma.App) [
    5 <{(0, 0), (a, a)}/{}>, 6 <{(0, 0), (0, b'), (a, a)}/{(a, 0), (a, b')}>]
      5:
      [0 < a] : nil!=w * RList[0](x, w) |- [b' <= 0] : List[b'](x, w) (Weaken) [
      7 <{(0, 0)}/{}>]
        7:
        RList[0](x, w) |- [b' <= 0] : List[b'](x, w) (Subst) [8 <{(0, a)}/{}>]
          8:
          RList[a](x, y) |- [b' <= a] : List[b'](x, y) (Backl) [0] <pre=
          {(a, a)}>
      6:
      [0 < a; b' <= 0] : nil!=w * w->y * List[b'](x, w) |- List[a](x, y) (LHS Inst.) [
      9 <{(0, 0), (a, a), (b', 1)}/{}>]
        9:
        [0 < a; 1 <= 0] : nil!=w * w->y * List[1](x, w) |- List[a](x, y) (List L.Unf./LHS Inst.,LHS Inst.) [
        10 <{(1, 1), (0, 1), (0, 0), (a, a)}/{(1, 2), (0, 2), (a, 2),
                                             (a, 1), (a, 0)}>,
        11 <{(1, 1), (0, 1), (0, 0), (a, a)}/{(1, 2), (0, 2), (a, 2),
                                             (a, 1), (a, 0)}>]
          10:
          [2 < 1; 0 < a; 1 <= 0] : nil!=x * nil!=w * x!=w * x->w * w->y |-
          List[a](x, y) (List R.Unf./Simplify) [12 <{(2, 2), (1, 1),
                                                    (0, 0), (a, a)}/{}>]
            12:
            [2 < 1; 0 < a; 1 <= 0] : nil!=x * nil!=w * x!=w * x->w * w->y |-
            [0' < a] : x->w' * List[0'](w', y) (Inst.Tag (Match)/Simplify) [
            13 <{(2, 2), (1, 1), (0, 0), (a, a)}/{}>]
              13:
              [2 < 1; 0 < a; 1 <= 0] : nil!=x * nil!=w * x!=w * x->w * w->y |-
              x->w' * List[0](w', y) (List R.Unf./Simplify) [14 <{(2, 2),
                                                                 (1, 1),
                                                                 (0, 0),
                                                                 (a, a)}/
                                                             {}>]
                14:
                [2 < 1; 0 < a; 1 <= 0] : nil!=x * nil!=w * x!=w * x->w * w->y |-
                nil!=w' * x!=w' * x->w' * w'->y (Id)
          11:
          [2 < 1; 0 < a; 1 <= 0] : nil!=x * nil!=w * x!=w * x->z * w->y *
                                   List[2](z, w) |-
          List[a](x, y) (Lemma.App) [15 <{(2, 2), (1, 1), (0, 0), (a, a)}/{}>,
          16 <{(2, 2), (1, 1), (0, 1), (0, 0), (a, a)}/{(1, 2), (0, 2),
                                                       (a, 2), (a, 1),
                                                       (a, 0)}>]
            15:
            [2 < 1; 0 < a; 1 <= 0] : nil!=x * nil!=w * x!=w * w->y *
                                     List[2](z, w) |-
            List[1](z, y) (Weaken) [17 <{(2, 2), (1, 1)}/{}>]
              17:
              [2 < 1; 2 <= 2] : nil!=w * w->y * List[2](z, w) |-
              List[1](z, y) (L.Trans.Ex) [18 <{(2, 2), (2, b'), (1, 1)}/{}>]
                18:
                [2 < 1; b' <= 2] : nil!=w * w->y * List[b'](z, w) |-
                List[1](z, y) (Subst) [19 <{(2, 0), (1, a), (b', b')}/{}>]
                  19:
                  [0 < a; b' <= 0] : nil!=w * w->y * List[b'](x, w) |-
                  List[a](x, y) (Backl) [6] <pre={(0, 0), (a, a), (b', b')}>
            16:
            [2 < 1; 0 < a; 1 <= 0] : nil!=x * nil!=w * x!=w * x->z *
                                     List[1](z, y) |-
            List[a](x, y) (List R.Unf./Simplify) [20 <{(2, 2), (1, 1),
                                                      (0, 0), (a, a)}/
                                                  {}>]
              20:
              [2 < 1; 0 < a; 1 <= 0] : nil!=x * nil!=w * x!=w * x->z *
                                       List[1](z, y) |-
              [0' < a] : x->w' * List[0'](w', y) (Id)

=== cyclist-sl-24.1
$ cyclist sl prove -S 'List(x,y) |- RList(x,y)' -p -t 60
exit: 0
0:
List[0](x, y) |- RList[0'](x, y) (List L.Unf./LHS Inst.,LHS Inst.) [1 <
                                                                    {
                                                                    (0, 0)}/
                                                                    {
                                                                    (0, 1)}>,
2 <{(0, 0)}/{(0, 1)}>]
  1:
  [1 < 0] : nil!=x * x->y |- RList[0'](x, y) (RList R.Unf./Simplify) [
  3 <{(1, 1), (0, 0)}/{}>]
    3: [1 < 0] : nil!=x * x->y |- x->y (Id)
  2:
  [1 < 0] : nil!=x * x->w * List[1](w, y) |- RList[0'](x, y) (Lemma.App) [
  4 <{(1, 1), (0, 0)}/{}>, 5 <{(1, 1), (0, 0)}/{(0, 1)}>]
    4:
    [1 < 0] : nil!=x * List[1](w, y) |- RList[1'](w, y) (R.Trans.Ex) [
    6 <{(1, 1), (0, 0)}/{}>]
      6:
      [1 < 0] : nil!=x * List[1](w, y) |- RList[0'](w, y) (Weaken) [7 <
                                                                    {
                                                                    (1, 1)}/
                                                                    {}>]
        7: List[1](w, y) |- RList[0'](w, y) (Subst) [8 <{(1, 0)}/{}>]
          8: List[0](x, y) |- RList[0'](x, y) (Backl) [0] <pre={(0, 0)}>
    5:
    [1 < 0] : nil!=x * x->w * RList[1'](w, y) |- RList[0'](x, y) (LHS Inst.) [
    9 <{(1', 2), (1, 1), (0, 0)}/{}>]
      9:
      [1 < 0] : nil!=x * x->w * RList[2](w, y) |- RList[0'](x, y) (RList R.Unf.) [
      10 <{(2, 2), (1, 1), (0, 0)}/{}>]
        10:
        [1 < 0] : nil!=x * x->w * RList[2](w, y) |-
        [1' < 0'] : nil!=w' * w'->y * RList[1'](x, w') (UBound Intro) [
        11 <{(2, 2), (1, 1), (0, 0)}/{}>]
          11:
          [1 < 0] : nil!=x * x->w * RList[2](w, y) |-
          nil!=w' * w'->y * RList[1'](x, w') (RList L.Unf./LHS Inst.,LHS Inst.) [
          12 <{(2, 2), (1, 1), (0, 0)}/{(2, 3), (0, 1)}>,
          13 <{(2, 2), (1, 1), (0, 0)}/{(2, 3), (0, 1)}>]
            12:
            [3 < 2; 1 < 0] : nil!=x * nil!=w * x!=w * x->w * w->y |-
            nil!=w' * w'->y * RList[1'](x, w') (RList R.Unf./Simplify) [
            14 <{(3, 3), (2, 2), (1, 1), (0, 0)}/{}>]
              14:
              [3 < 2; 1 < 0] : nil!=x * nil!=w * x!=w * x->w * w->y |-
              nil!=w' * x!=w' * x->w' * w'->y (Id)
            13:
            [3 < 2; 1 < 0] : nil!=z * nil!=x * z!=x * z->y * x->w *
                             RList[3](w, z) |-
            nil!=w' * w'->y * RList[1'](x, w') (Lemma.App) [15 <{(3, 3),
                                                                (2, 2),
                                                                (1, 1),
                                                                (0, 0)}/
                                                            {}>,
            16 <{(3, 3), (2, 2), (1, 1), (0, 0)}/{(2, 3), (0, 1)}>]
              15:
              [3 < 2; 1 < 0] : nil!=z * nil!=x * z!=x * x->w * RList[3](w, z) |-
              RList[0'](x, z) (Weaken) [17 <{(3, 3), (2, 2)}/{}>]
                17:
                [3 < 2] : nil!=x * x->w * RList[3](w, z) |- RList[0'](x, z) (L.Trans.Ex) [
                18 <{(3, 3), (3, 1'), (2, 2)}/{}>]
                  18:
                  [3 < 2] : nil!=x * x->w * RList[1'](w, z) |-
                  RList[0'](x, z) (Subst) [19 <{(3, 1), (2, 0), (1', 1')}/{}>]
                    19:
                    [1 < 0] : nil!=x * x->w * RList[1'](w, y) |-
                    RList[0'](x, y) (Backl) [5] <pre={(1', 1'), (1, 1),
                                                     (0, 0)}>
              16:
              [3 < 2; 1 < 0] : nil!=z * nil!=x * z!=x * z->y *
                               RList[0'](x, z) |-
              nil!=w' * w'->y * RList[1'](x, w') (Id)

=== cyclist-sl-24.2
$ cyclist sl prove -S 'List[a](x,y) |- RList[a](x,y)' -p -t 60
exit: 0
0:
List[a](x, y) |- RList[a](x, y) (List L.Unf./LHS Inst.,LHS Inst.) [1 <
                                                                   {(a, a)}/
                                                                   {(a, 0)}>,
2 <{(a, a)}/{(a, 0)}>]
  1:
  [0 < a] : nil!=x * x->y |- RList[a](x, y) (RList R.Unf./Simplify) [
  3 <{(0, 0), (a, a)}/{}>]
    3: [0 < a] : nil!=x * x->y |- x->y (Id)
  2:
  [0 < a] : nil!=x * x->w * List[0](w, y) |- RList[a](x, y) (Lemma.App) [
  4 <{(0, 0), (a, a)}/{}>, 5 <{(0, 0), (a, a)}/{(a, 0)}>]
    4:
    [0 < a] : nil!=x * List[0](w, y) |- RList[0](w, y) (Weaken) [6 <{(0, 0)}/
                                                                 {}>]
      6: List[0](w, y) |- RList[0](w, y) (Subst) [7 <{(0, a)}/{}>]
        7: List[a](x, y) |- RList[a](x, y) (Backl) [0] <pre={(a, a)}>
    5:
    [0 < a] : nil!=x * x->w * RList[0](w, y) |- RList[a](x, y) (RList R.Unf.) [
    8 <{(0, 0), (a, a)}/{}>]
      8:
      [0 < a] : nil!=x * x->w * RList[0](w, y) |-
      [0' < a] : nil!=w' * w'->y * RList[0'](x, w') (Inst.Tag (Match)/Simplify) [
      9 <{(0, 0), (a, a)}/{}>]
        9:
        [0 < a] : nil!=x * x->w * RList[0](w, y) |-
        nil!=w' * w'->y * RList[0](x, w') (RList L.Unf./LHS Inst.,LHS Inst.) [
        10 <{(0, 0), (a, a)}/{(0, 1), (a, 1), (a, 0)}>,
        11 <{(0, 0), (a, a)}/{(0, 1), (a, 1), (a, 0)}>]
          10:
          [1 < 0; 0 < a] : nil!=x * nil!=w * x!=w * x->w * w->y |-
          nil!=w' * w'->y * RList[0](x, w') (RList R.Unf./Simplify) [
          12 <{(1, 1), (0, 0), (a, a)}/{}>]
            12:
            [1 < 0; 0 < a] : nil!=x * nil!=w * x!=w * x->w * w->y |-
            nil!=w' * x!=w' * x->w' * w'->y (Id)
          11:
          [1 < 0; 0 < a] : nil!=z * nil!=x * z!=x * z->y * x->w *
                           RList[1](w, z) |-
          nil!=w' * w'->y * RList[0](x, w') (Lemma.App) [13 <{(1, 1),
                                                             (0, 0),
                                                             (a, a)}/
                                                         {}>,
          14 <{(1, 1), (0, 0), (a, a)}/{(0, 1), (a, 1), (a, 0)}>]
            13:
            [1 < 0; 0 < a] : nil!=z * nil!=x * z!=x * x->w * RList[1](w, z) |-
            RList[0](x, z) (Weaken) [15 <{(1, 1), (0, 0)}/{}>]
              15:
              [1 < 0] : nil!=x * x->w * RList[1](w, z) |- RList[0](x, z) (Subst) [
              16 <{(1, 0), (0, a)}/{}>]
                16:
                [0 < a] : nil!=x * x->w * RList[0](w, y) |- RList[a](x, y) (Backl) [5] <pre=
                {(0, 0), (a, a)}>
            14:
            [1 < 0; 0 < a] : nil!=z * nil!=x * z!=x * z->y * RList[0](x, z) |-
            nil!=w' * w'->y * RList[0](x, w') (Id)

=== cyclist-sl-24.3
$ cyclist sl prove -S 'List[a](x,y) |- [a] < [b'"'"'] : RList[b'"'"'](x,y)' -p -t 60
exit: 0
0:
List[a](x, y) |- [a < b'] : RList[b'](x, y) (List L.Unf./LHS Inst.,LHS Inst.) [
1 <{(a, a)}/{(a, 0)}>, 2 <{(a, a)}/{(a, 0)}>]
  1:
  [0 < a] : nil!=x * x->y |- [a < b'] : RList[b'](x, y) (RList R.Unf./Simplify) [
  3 <{(0, 0), (a, a)}/{}>]
    3:
    [0 < a] : nil!=x * x->y |- [a < b'] : x->y (UBound Intro) [4 <{(0, 0),
                                                                  (a, a)}/
                                                               {}>]
      4: [0 < a] : nil!=x * x->y |- x->y (Id)
  2:
  [0 < a] : nil!=x * x->w * List[0](w, y) |- [a < b'] : RList[b'](x, y) (Lemma.App) [
  5 <{(0, 0), (a, a)}/{}>, 6 <{(0, 0), (a, a)}/{(a, 0)}>]
    5:
    [0 < a] : nil!=x * List[0](w, y) |- [0 < 0'] : RList[0'](w, y) (R.Trans.Ex) [
    7 <{(0, 0), (a, a)}/{}>]
      7:
      [0 < a] : nil!=x * List[0](w, y) |- [0 < b'] : RList[b'](w, y) (Weaken) [
      8 <{(0, 0)}/{}>]
        8:
        List[0](w, y) |- [0 < b'] : RList[b'](w, y) (Subst) [9 <{(0, a)}/{}>]
          9:
          List[a](x, y) |- [a < b'] : RList[b'](x, y) (Backl) [0] <pre=
          {(a, a)}>
    6:
    [0 < 0'; 0 < a] : nil!=x * x->w * RList[0'](w, y) |-
    [a < b'] : RList[b'](x, y) (LHS Inst.) [10 <{(0', 1), (0, 0), (a, a)}/{}>]
      10:
      [0 < 1; 0 < a] : nil!=x * x->w * RList[1](w, y) |-
      [a < b'] : RList[b'](x, y) (RList R.Unf.) [11 <{(1, 1), (0, 0), (a, a)}/
                                                 {}>]
        11:
        [0 < 1; 0 < a] : nil!=x * x->w * RList[1](w, y) |-
        [0' < b'; a < b'] : nil!=w' * w'->y * RList[0'](x, w') (UBound Intro) [
        12 <{(1, 1), (0, 0), (a, a)}/{}>]
          12:
          [0 < 1; 0 < a] : nil!=x * x->w * RList[1](w, y) |-
          nil!=w' * w'->y * RList[0'](x, w') (RList L.Unf./LHS Inst.,LHS Inst.) [
          13 <{(1, 1), (0, 0), (a, a)}/{(1, 2), (1, 0), (a, 0)}>,
          14 <{(1, 1), (0, 0), (a, a)}/{(1, 2), (1, 0), (a, 0)}>]
            13:
            [2 < 1; 0 < 1; 0 < a] : nil!=x * nil!=w * x!=w * x->w * w->y |-
            nil!=w' * w'->y * RList[0'](x, w') (Inst Pto/Simplify) [15 <
                                                                    {}/
                                                                    {}>]
              15:
              [2 < 1; 0 < 1; 0 < a] : nil!=x * nil!=w * x!=w * x->w |-
              RList[0'](x, w) (RList R.Unf./Simplify) [16 <{(2, 2), (1, 1),
                                                           (0, 0), (a, a)}/
                                                       {}>]
                16:
                [2 < 1; 0 < 1; 0 < a] : nil!=x * nil!=w * x!=w * x->w |- x->w (Id)
            14:
            [2 < 1; 0 < 1; 0 < a] : nil!=z * nil!=x * z!=x * z->y * x->w *
                                    RList[2](w, z) |-
            nil!=w' * w'->y * RList[0'](x, w') (RList R.Unf.) [17 <{(2, 2),
                                                                   (1, 1),
                                                                   (0, 0),
                                                                   (a, a)}/
                                                               {}>]
              17:
              [2 < 1; 0 < 1; 0 < a] : nil!=z * nil!=x * z!=x * z->y * x->w *
                                      RList[2](w, z) |-
              [1' < 0'] : nil!=y' * nil!=w' * y'!=w' * y'->w' * w'->y *
                          RList[1'](x, y') (UBound Intro) [18 <{(2, 2),
                                                               (1, 1),
                                                               (0, 0),
                                                               (a, a)}/
                                                           {}>]
                18:
                [2 < 1; 0 < 1; 0 < a] : nil!=z * nil!=x * z!=x * z->y *
                                        x->w * RList[2](w, z) |-
                nil!=y' * nil!=w' * y'!=w' * y'->w' * w'->y *
                RList[1'](x, y') (RList L.Unf./LHS Inst.,LHS Inst.) [
                19 <{(2, 2), (1, 1), (0, 0), (a, a)}/{(2, 3), (1, 3),
                                                     (1, 2), (1, 0),
                                                     (a, 0)}>,
                20 <{(2, 2), (1, 1), (0, 0), (a, a)}/{(2, 3), (1, 3),
                                                     (1, 2), (1, 0),
                                                     (a, 0)}>]
                  19:
                  [3 < 2; 2 < 1; 0 < 1; 0 < a] : nil!=z * nil!=x * nil!=w *
                                                 z!=x * z!=w * x!=w * z->y *
                                                 x->w * w->z |-
                  nil!=y' * nil!=w' * y'!=w' * y'->w' * w'->y *
                  RList[1'](x, y') (RList R.Unf./Simplify) [21 <{(3, 3),
                                                                (2, 2),
                                                                (1, 1),
                                                                (0, 0),
                                                                (a, a)}/
                                                            {}>]
                    21:
                    [3 < 2; 2 < 1; 0 < 1; 0 < a] : nil!=z * nil!=x * nil!=w *
                                                   z!=x * z!=w * x!=w *
                                                   z->y * x->w * w->z |-
                    nil!=y' * nil!=w' * y'!=x * y'!=w' * x!=w' * y'->w' *
                    x->y' * w'->y (Id)
                  20:
                  [3 < 2; 2 < 1; 0 < 1; 0 < a] : nil!=a * nil!=z * nil!=x *
                                                 a!=z * a!=x * z!=x * a->z *
                                                 z->y * x->w * RList[3](w, a) |-
                  nil!=y' * nil!=w' * y'!=w' * y'->w' * w'->y *
                  RList[1'](x, y') (Lemma.App) [22 <{(3, 3), (2, 2),
                                                    (1, 1), (0, 0), (a, a)}/
                                                {}>,
                  23 <{(3, 3), (2, 2), (1, 1), (0, 0), (a, a)}/{(2, 3),
                                                               (1, 3),
                                                               (1, 2),
                                                               (1, 0),
                                                               (a, 0)}>]
                    22:
                    [3 < 2; 2 < 1; 0 < 1; 0 < a] : nil!=a * nil!=z * nil!=x *
                                                   a!=z * a!=x * z!=x *
                                                   a->z * x->w *
                                                   RList[3](w, a) |-
                    nil!=x' * x'->z * RList[0'](x, x') (R.Trans.Ex) [
                    24 <{(3, 3), (2, 2), (1, 1), (0, 0), (a, a)}/{}>]
                      24:
                      [3 < 2; 2 < 1; 0 < 1; 0 < a] : nil!=a * nil!=z *
                                                     nil!=x * a!=z * a!=x *
                                                     z!=x * a->z * x->w *
                                                     RList[3](w, a) |-
                      nil!=w' * w'->z * RList[0'](x, w') (Weaken) [25 <
                                                                   {(3, 3),
                                                                   (2, 2)}/
                                                                   {}>]
                        25:
                        [3 < 2] : nil!=a * nil!=x * a!=x * a->z * x->w *
                                  RList[3](w, a) |-
                        nil!=w' * w'->z * RList[0'](x, w') (Subst) [26 <
                                                                    {
                                                                    (3, 2),
                                                                    (3, 0),
                                                                    (2, 1),
                                                                    (2, a)}/
                                                                    {}>]
                          26:
                          [2 < 1; 0 < 1; 0 < a] : nil!=z * nil!=x * z!=x *
                                                  z->y * x->w *
                                                  RList[2](w, z) |-
                          nil!=w' * w'->y * RList[0'](x, w') (Backl) [14] <pre=
                          {(2, 2), (1, 1), (0, 0), (a, a)}>
                    23:
                    [3 < 2; 2 < 1; 0 < 1; 0 < a] : nil!=a * nil!=z *
                                                   nil!=x' * nil!=x * a!=z *
                                                   a!=x * z!=x' * z!=x *
                                                   z->y * x'->z *
                                                   RList[0'](x, x') |-
                    nil!=y' * nil!=w' * y'!=w' * y'->w' * w'->y *
                    RList[1'](x, y') (Id)

=== cyclist-sl-24.4
$ cyclist sl prove -S '[a] < [b] : List[a](x,y) |- RList[b](x,y)' -p -t 60
exit: 0
0:
[a < b] : List[a](x, y) |- RList[b](x, y) (List L.Unf./LHS Inst.,LHS Inst.) [
1 <{(a, a), (b, b)}/{(a, 0), (b, 0), (b, a)}>,
2 <{(a, a), (b, b)}/{(a, 0), (b, 0), (b, a)}>]
  1:
  [0 < a; a < b] : nil!=x * x->y |- RList[b](x, y) (RList R.Unf./Simplify) [
  3 <{(0, 0), (a, a), (b, b)}/{}>]
    3: [0 < a; a < b] : nil!=x * x->y |- x->y (Id)
  2:
  [0 < a; a < b] : nil!=x * x->w * List[0](w, y) |- RList[b](x, y) (Lemma.App) [
  4 <{(0, 0), (a, a), (b, b)}/{}>,
  5 <{(0, 0), (a, a), (b, b)}/{(a, 0), (b, 0), (b, a)}>]
    4:
    [0 < a; a < b] : nil!=x * List[0](w, y) |- RList[a](w, y) (Weaken) [
    6 <{(0, 0), (a, a)}/{}>]
      6:
      [0 < a] : List[0](w, y) |- RList[a](w, y) (Subst) [7 <{(0, a), (a, b)}/
                                                         {}>]
        7:
        [a < b] : List[a](x, y) |- RList[b](x, y) (Backl) [0] <pre={(a, a),
                                                                   (b, b)}>
    5:
    [0 < a; a < b] : nil!=x * x->w * RList[a](w, y) |- RList[b](x, y) (RList R.Unf.) [
    8 <{(0, 0), (a, a), (b, b)}/{}>]
      8:
      [0 < a; a < b] : nil!=x * x->w * RList[a](w, y) |-
      [0' < b] : nil!=w' * w'->y * RList[0'](x, w') (Inst.Tag (Match)/Simplify) [
      9 <{(0, 0), (a, a), (b, b)}/{}>]
        9:
        [0 < a; a < b] : nil!=x * x->w * RList[a](w, y) |-
        nil!=w' * w'->y * RList[a](x, w') (RList L.Unf./LHS Inst.,LHS Inst.) [
        10 <{(0, 0), (a, a), (b, b)}/{(a, 1), (a, 0), (b, 1), (b, 0), (b, a)}>,
        11 <{(0, 0), (a, a), (b, b)}/{(a, 1), (a, 0), (b, 1), (b, 0), (b, a)}>]
          10:
          [1 < a; 0 < a; a < b] : nil!=x * nil!=w * x!=w * x->w * w->y |-
          nil!=w' * w'->y * RList[a](x, w') (Inst Pto/Simplify) [12 <{}/{}>]
            12:
            [1 < a; 0 < a; a < b] : nil!=x * nil!=w * x!=w * x->w |-
            RList[a](x, w) (RList R.Unf./Simplify) [13 <{(1, 1), (0, 0),
                                                        (a, a), (b, b)}/
                                                    {}>]
              13:
              [1 < a; 0 < a; a < b] : nil!=x * nil!=w * x!=w * x->w |- x->w (Id)
          11:
          [1 < a; 0 < a; a < b] : nil!=z * nil!=x * z!=x * z->y * x->w *
                                  RList[1](w, z) |-
          nil!=w' * w'->y * RList[a](x, w') (RList R.Unf.) [14 <{(1, 1),
                                                                (0, 0),
                                                                (a, a),
                                                                (b, b)}/
                                                            {}>]
            14:
            [1 < a; 0 < a; a < b] : nil!=z * nil!=x * z!=x * z->y * x->w *
                                    RList[1](w, z) |-
            [0' < a] : nil!=y' * nil!=w' * y'!=w' * y'->w' * w'->y *
                       RList[0'](x, y') (Inst.Tag (Match)/Simplify) [
            15 <{(1, 1), (0, 0), (a, a), (b, b)}/{}>]
              15:
              [1 < a; 0 < a; a < b] : nil!=z * nil!=x * z!=x * z->y * x->w *
                                      RList[1](w, z) |-
              nil!=y' * nil!=w' * y'!=w' * y'->w' * w'->y * RList[1](x, y') (RList L.Unf./LHS Inst.,LHS Inst.) [
              16 <{(1, 1), (0, 0), (a, a), (b, b)}/{(1, 2), (a, 2), (a, 1),
                                                   (a, 0), (b, 2), (b, 1),
                                                   (b, 0), (b, a)}>,
              17 <{(1, 1), (0, 0), (a, a), (b, b)}/{(1, 2), (a, 2), (a, 1),
                                                   (a, 0), (b, 2), (b, 1),
                                                   (b, 0), (b, a)}>]
                16:
                [2 < 1; 1 < a; 0 < a; a < b] : nil!=z * nil!=x * nil!=w *
                                               z!=x * z!=w * x!=w * z->y *
                                               x->w * w->z |-
                nil!=y' * nil!=w' * y'!=w' * y'->w' * w'->y * RList[1](x, y') (RList R.Unf./Simplify) [
                18 <{(2, 2), (1, 1), (0, 0), (a, a), (b, b)}/{}>]
                  18:
                  [2 < 1; 1 < a; 0 < a; a < b] : nil!=z * nil!=x * nil!=w *
                                                 z!=x * z!=w * x!=w * z->y *
                                                 x->w * w->z |-
                  nil!=y' * nil!=w' * y'!=x * y'!=w' * x!=w' * y'->w' *
                  x->y' * w'->y (Id)
                17:
                [2 < 1; 1 < a; 0 < a; a < b] : nil!=a * nil!=z * nil!=x *
                                               a!=z * a!=x * z!=x * a->z *
                                               z->y * x->w * RList[2](w, a) |-
                nil!=y' * nil!=w' * y'!=w' * y'->w' * w'->y * RList[1](x, y') (Lemma.App) [
                19 <{(2, 2), (1, 1), (0, 0), (a, a), (b, b)}/{}>,
                20 <{(2, 2), (1, 1), (0, 0), (a, a), (b, b)}/{(1, 2),
                                                             (a, 2),
                                                             (a, 1),
                                                             (a, 0),
                                                             (b, 2),
                                                             (b, 1),
                                                             (b, 0),
                                                             (b, a)}>]
                  19:
                  [2 < 1; 1 < a; 0 < a; a < b] : nil!=a * nil!=z * nil!=x *
                                                 a!=z * a!=x * z!=x * a->z *
                                                 x->w * RList[2](w, a) |-
                  nil!=x' * x'->z * RList[1](x, x') (R.Trans.Ex) [21 <
                                                                  {(2, 2),
                                                                  (1, 1),
                                                                  (0, 0),
                                                                  (a, a),
                                                                  (b, b)}/
                                                                  {}>]
                    21:
                    [2 < 1; 1 < a; 0 < a; a < b] : nil!=a * nil!=z * nil!=x *
                                                   a!=z * a!=x * z!=x *
                                                   a->z * x->w *
                                                   RList[2](w, a) |-
                    nil!=w' * w'->z * RList[1](x, w') (Weaken) [22 <{
                                                                    (2, 2),
                                                                    (1, 1),
                                                                    (a, a)}/
                                                                {}>]
                      22:
                      [2 < 1; 1 < a] : nil!=a * nil!=x * a!=x * a->z * x->w *
                                       RList[2](w, a) |-
                      nil!=w' * w'->z * RList[1](x, w') (Subst) [23 <
                                                                 {(2, 1),
                                                                 (2, 0),
                                                                 (1, a),
                                                                 (a, b)}/
                                                                 {}>]
                        23:
                        [1 < a; 0 < a; a < b] : nil!=z * nil!=x * z!=x *
                                                z->y * x->w * RList[1](w, z) |-
                        nil!=w' * w'->y * RList[a](x, w') (Backl) [11] <pre=
                        {(1, 1), (0, 0), (a, a), (b, b)}>
                  20:
                  [2 < 1; 1 < a; 0 < a; a < b] : nil!=a * nil!=z * nil!=x' *
                                                 nil!=x * a!=z * a!=x *
                                                 z!=x' * z!=x * z->y *
                                                 x'->z * RList[1](x, x') |-
                  nil!=y' * nil!=w' * y'!=w' * y'->w' * w'->y *
                  RList[1](x, y') (Id)

=== cyclist-sl-24.5
$ cyclist sl prove -S 'List[a](x,y) |- [b'"'"'] <= [a] : RList[b'"'"'](x,y)' -p -t 60
exit: 0
0:
List[a](x, y) |- [b' <= a] : RList[b'](x, y) (Inst.Tag (Sel.UBound)/Simplify) [
1 <{(a, a)}/{}>]
  1:
  List[a](x, y) |- RList[a](x, y) (List L.Unf./LHS Inst.,LHS Inst.) [
  2 <{(a, a)}/{(a, 0)}>, 3 <{(a, a)}/{(a, 0)}>]
    2:
    [0 < a] : nil!=x * x->y |- RList[a](x, y) (RList R.Unf./Simplify) [
    4 <{(0, 0), (a, a)}/{}>]
      4: [0 < a] : nil!=x * x->y |- x->y (Id)
    3:
    [0 < a] : nil!=x * x->w * List[0](w, y) |- RList[a](x, y) (Lemma.App) [
    5 <{(0, 0), (a, a)}/{}>, 6 <{(0, 0), (0, b'), (a, a)}/{(a, 0), (a, b')}>]
      5:
      [0 < a] : nil!=x * List[0](w, y) |- [b' <= 0] : RList[b'](w, y) (Weaken) [
      7 <{(0, 0)}/{}>]
        7:
        List[0](w, y) |- [b' <= 0] : RList[b'](w, y) (Subst) [8 <{(0, a)}/{}>]
          8:
          List[a](x, y) |- [b' <= a] : RList[b'](x, y) (Backl) [0] <pre=
          {(a, a)}>
      6:
      [0 < a; b' <= 0] : nil!=x * x->w * RList[b'](w, y) |- RList[a](x, y) (LHS Inst.) [
      9 <{(0, 0), (a, a), (b', 1)}/{}>]
        9:
        [0 < a; 1 <= 0] : nil!=x * x->w * RList[1](w, y) |- RList[a](x, y) (RList L.Unf./LHS Inst.,LHS Inst.) [
        10 <{(1, 1), (0, 1), (0, 0), (a, a)}/{(1, 2), (0, 2), (a, 2),
                                             (a, 1), (a, 0)}>,
        11 <{(1, 1), (0, 1), (0, 0), (a, a)}/{(1, 2), (0, 2), (a, 2),
                                             (a, 1), (a, 0)}>]
          10:
          [2 < 1; 0 < a; 1 <= 0] : nil!=x * nil!=w * x!=w * x->w * w->y |-
          RList[a](x, y) (RList R.Unf.) [12 <{(2, 2), (1, 1), (0, 0), (a, a)}/
                                         {}>]
            12:
            [2 < 1; 0 < a; 1 <= 0] : nil!=x * nil!=w * x!=w * x->w * w->y |-
            [0' < a] : nil!=w' * w'->y * RList[0'](x, w') (Inst.Tag (Match)/Simplify) [
            13 <{(2, 2), (1, 1), (0, 0), (a, a)}/{}>]
              13:
              [2 < 1; 0 < a; 1 <= 0] : nil!=x * nil!=w * x!=w * x->w * w->y |-
              nil!=w' * w'->y * RList[0](x, w') (RList R.Unf./Simplify) [
              14 <{(2, 2), (1, 1), (0, 0), (a, a)}/{}>]
                14:
                [2 < 1; 0 < a; 1 <= 0] : nil!=x * nil!=w * x!=w * x->w * w->y |-
                nil!=w' * x!=w' * x->w' * w'->y (Id)
          11:
          [2 < 1; 0 < a; 1 <= 0] : nil!=z * nil!=x * z!=x * z->y * x->w *
                                   RList[2](w, z) |-
          RList[a](x, y) (Lemma.App) [15 <{(2, 2), (1, 1), (0, 0), (a, a)}/
                                      {}>,
          16 <{(2, 2), (1, 1), (0, 1), (0, 0), (a, a)}/{(1, 2), (0, 2),
                                                       (a, 2), (a, 1),
                                                       (a, 0)}>]
            15:
            [2 < 1; 0 < a; 1 <= 0] : nil!=z * nil!=x * z!=x * x->w *
                                     RList[2](w, z) |-
            RList[1](x, z) (Weaken) [17 <{(2, 2), (1, 1)}/{}>]
              17:
              [2 < 1; 2 <= 2] : nil!=x * x->w * RList[2](w, z) |-
              RList[1](x, z) (L.Trans.Ex) [18 <{(2, 2), (2, b'), (1, 1)}/{}>]
                18:
                [2 < 1; b' <= 2] : nil!=x * x->w * RList[b'](w, z) |-
                RList[1](x, z) (Subst) [19 <{(2, 0), (1, a), (b', b')}/{}>]
                  19:
                  [0 < a; b' <= 0] : nil!=x * x->w * RList[b'](w, y) |-
                  RList[a](x, y) (Backl) [6] <pre={(0, 0), (a, a), (b', b')}>
            16:
            [2 < 1; 0 < a; 1 <= 0] : nil!=z * nil!=x * z!=x * z->y *
                                     RList[1](x, z) |-
            RList[a](x, y) (RList R.Unf.) [20 <{(2, 2), (1, 1), (0, 0),
                                               (a, a)}/{}>]
              20:
              [2 < 1; 0 < a; 1 <= 0] : nil!=z * nil!=x * z!=x * z->y *
                                       RList[1](x, z) |-
              [0' < a] : nil!=w' * w'->y * RList[0'](x, w') (Id)

=== cyclist-sl-25.1
$ cyclist sl prove -S 'ls(x,t) * ls(t,z) * t->nil |- ls(x,nil)' -p -t 60
exit: 0
0:
nil!=t * t->nil * ls[1](t, z) * ls[0](x, t) |- ls[0'](x, nil) (ls R.Unf.) [
1 <{(1, 1), (0, 0)}/{}>]
  1:
  nil!=t * t->nil * ls[1](t, z) * ls[0](x, t) |-
  [1' < 0'] : nil!=x * x->w' * ls[1'](w', nil) (UBound Intro) [2 <{(1, 1),
                                                                  (0, 0)}/
                                                               {}>]
    2:
    nil!=t * t->nil * ls[1](t, z) * ls[0](x, t) |-
    nil!=x * x->w' * ls[1'](w', nil) (ls L.Unf./LHS Inst.,LHS Inst./Simplify,Simplify) [
    3 <{(1, 1), (0, 0)}/{(0, 2)}>, 4 <{(1, 1), (0, 0)}/{(0, 2)}>]
      3:
      [2 < 0] : nil!=x * x->nil * ls[1](x, z) |- x->w' * ls[1'](w', nil) (ls R.Unf./Simplify) [
      5 <{(2, 2), (1, 1), (0, 0)}/{}>]
        5:
        [2 < 0] : nil!=x * x->nil * ls[1](x, z) |- x->nil (ls L.Unf./LHS Inst.,LHS Inst./Simplify) [
        6 <{(2, 2), (1, 1), (0, 0)}/{(1, 3), (0, 2)}>,
        7 <{(2, 2), (1, 1), (0, 0)}/{(1, 3), (0, 2)}>]
          6: [3 < 1; 2 < 0] : nil!=x * x->nil |- x->nil (Id)
          7:
          [3 < 1; 2 < 0] : nil!=x * z!=x * x!=x * x->nil * x->w * ls[3](w, z) |-
          x->nil (Ex Falso)
      4:
      [2 < 0] : nil!=t * nil!=x * t!=x * t->nil * x->w * ls[2](w, t) *
                ls[1](t, z) |-
      x->w' * ls[1'](w', nil) (Lemma.App) [8 <{(2, 2), (1, 1), (0, 0)}/{}>,
      9 <{(2, 2), (0, 0)}/{(0, 2)}>]
        8:
        [2 < 0] : nil!=t * nil!=x * t!=x * t->nil * ls[2](w, t) * ls[1](t, z) |-
        ls[0'](w, nil) (Weaken) [10 <{(2, 2), (1, 1)}/{}>]
          10:
          nil!=t * t->nil * ls[2](w, t) * ls[1](t, z) |- ls[0'](w, nil) (Subst) [
          11 <{(2, 0), (1, 1)}/{}>]
            11:
            nil!=t * t->nil * ls[1](t, z) * ls[0](x, t) |- ls[0'](x, nil) (Backl) [0] <pre=
            {(1, 1), (0, 0)}>
        9:
        [2 < 0] : nil!=t * nil!=x * t!=x * x->w * ls[0'](w, nil) |-
        x->w' * ls[1'](w', nil) (Id)

=== cyclist-sl-26.1
$ cyclist sl prove -S 'ls(x,t) * ls(t,y) * bt(y) * y!=nil |- ls(x,y) * bt(y)' -p -t 60
exit: 0
0:
nil!=y * ls[2](t, y) * ls[1](x, t) * bt[0](y) |- bt[1'](y) * ls[0'](x, y) (bt L.Unf./LHS Inst.,LHS Inst./Simplify) [
1 <{(2, 2), (1, 1), (0, 0)}/{(0, 3)}>,
2 <{(2, 2), (1, 1), (0, 0)}/{(0, 4), (0, 3)}>]
  1:
  [3 < 0] : nil!=nil * ls[2](t, nil) * ls[1](x, t) |-
  bt[1'](nil) * ls[0'](x, nil) (Ex Falso)
  2:
  [4 < 0; 3 < 0] : nil!=y * y->z, w * bt[4](w) * bt[3](z) * ls[2](t, y) *
                   ls[1](x, t) |-
  bt[1'](y) * ls[0'](x, y) (ls L.Unf./LHS Inst.,LHS Inst./Simplify) [
  3 <{(4, 4), (3, 3), (2, 2), (1, 1), (0, 0)}/{(1, 5), (0, 4), (0, 3)}>,
  4 <{(4, 4), (3, 3), (2, 2), (1, 1), (0, 0)}/{(1, 5), (0, 4), (0, 3)}>]
    3:
    [5 < 1; 4 < 0; 3 < 0] : nil!=y * y->z, w * bt[4](w) * bt[3](z) *
                            ls[2](x, y) |-
    bt[1'](y) * ls[0'](x, y) (Tag.Inst+Pred.Intro) [5 <{(4, 4), (3, 3)}/{}>]
      5:
      [5 < 1; 4 < 0; 3 < 0] : nil!=y * y->z, w * bt[4](w) * bt[3](z) |-
      bt[1'](y) (bt R.Unf./Simplify) [6 <{(5, 5), (4, 4), (3, 3), (1, 1),
                                         (0, 0)}/{}>]
        6:
        [5 < 1; 4 < 0; 3 < 0] : nil!=y * y->z, w * bt[4](w) * bt[3](z) |-
        [2' < 1'; 0' < 1'] : y->w', z' * bt[2'](w') * bt[0'](z') (Id)
    4:
    [5 < 1; 4 < 0; 3 < 0] : nil!=y * nil!=x * t!=x * y!=x * y->z, w * x->a *
                            ls[5](a, t) * bt[4](w) * bt[3](z) * ls[2](t, y) |-
    bt[1'](y) * ls[0'](x, y) (ls R.Unf./Simplify) [7 <{(5, 5), (4, 4),
                                                      (3, 3), (2, 2),
                                                      (1, 1), (0, 0)}/
                                                   {}>]
      7:
      [5 < 1; 4 < 0; 3 < 0] : nil!=y * nil!=x * t!=x * y!=x * y->z, w *
                              x->a * ls[5](a, t) * bt[4](w) * bt[3](z) *
                              ls[2](t, y) |-
      [2' < 0'] : x->w' * ls[2'](w', y) * bt[1'](y) (UBound Intro) [8 <
                                                                    {
                                                                    (5, 5),
                                                                    (4, 4),
                                                                    (3, 3),
                                                                    (2, 2),
                                                                    (1, 1),
                                                                    (0, 0)}/
                                                                    {}>]
        8:
        [5 < 1; 4 < 0; 3 < 0] : nil!=y * nil!=x * t!=x * y!=x * y->z, w *
                                x->a * ls[5](a, t) * bt[4](w) * bt[3](z) *
                                ls[2](t, y) |-
        x->w' * ls[2'](w', y) * bt[1'](y) (Lemma.App) [9 <{(5, 5), (4, 4),
                                                          (3, 3), (2, 2),
                                                          (1, 1), (0, 0)}/
                                                       {}>,
        10 <{(5, 5), (4, 4), (3, 3), (1, 1), (0, 0)}/{(1, 5), (0, 4), (0, 3)}>]
          9:
          [5 < 1; 4 < 0; 3 < 0] : nil!=y * nil!=x * t!=x * y!=x * y->z, w *
                                  ls[5](a, t) * bt[4](w) * bt[3](z) *
                                  ls[2](t, y) |-
          bt[3'](y) * ls[0'](a, y) (R.Trans.Ex) [11 <{(5, 5), (4, 4),
                                                     (3, 3), (2, 2),
                                                     (1, 1), (0, 0)}/
                                                 {}>]
            11:
            [5 < 1; 4 < 0; 3 < 0] : nil!=y * nil!=x * t!=x * y!=x * y->z, w *
                                    ls[5](a, t) * bt[4](w) * bt[3](z) *
                                    ls[2](t, y) |-
            bt[1'](y) * ls[0'](a, y) (Weaken) [12 <{(5, 5), (4, 4), (3, 3),
                                                   (2, 2), (0, 0)}/{}>]
              12:
              [4 < 0; 3 < 0] : nil!=y * y->z, w * ls[5](a, t) * bt[4](w) *
                               bt[3](z) * ls[2](t, y) |-
              bt[1'](y) * ls[0'](a, y) (Subst) [13 <{(5, 1), (4, 4),
                                                    (3, 3), (2, 2), (0, 0)}/
                                                {}>]
                13:
                [4 < 0; 3 < 0] : nil!=y * y->z, w * bt[4](w) * bt[3](z) *
                                 ls[2](t, y) * ls[1](x, t) |-
                bt[1'](y) * ls[0'](x, y) (Backl) [2] <pre={(4, 4), (3, 3),
                                                          (2, 2), (1, 1),
                                                          (0, 0)}>
          10:
          [5 < 1; 4 < 0; 3 < 0] : nil!=y * nil!=x * t!=x * y!=x * x->a *
                                  bt[3'](y) * ls[0'](a, y) |-
          x->w' * ls[2'](w', y) * bt[1'](y) (Id)

=== cyclist-sl-27.1
$ cyclist sl prove -S 'ls(x,t) * ls(t,y) *  ls(y,z) *  y!=z |- ls(x,y) * ls(y,z)' -p -t 60
exit: 0
0:
z!=y * ls[2](t, y) * ls[1](y, z) * ls[0](x, t) |- ls[1'](x, y) * ls[0'](y, z) (ls L.Unf./LHS Inst.,LHS Inst./Simplify) [
1 <{(2, 2), (1, 1), (0, 0)}/{(1, 3)}>, 2 <{(2, 2), (1, 1), (0, 0)}/{(1, 3)}>]
  1:
  [3 < 1] : y!=y * ls[2](t, y) * ls[0](x, t) |- ls[1'](x, y) * ls[0'](y, y) (Ex Falso)
  2:
  [3 < 1] : nil!=y * z!=y * y->w * ls[3](w, z) * ls[2](t, y) * ls[0](x, t) |-
  ls[1'](x, y) * ls[0'](y, z) (ls L.Unf./LHS Inst.,LHS Inst./Simplify) [
  3 <{(3, 3), (2, 2), (1, 1), (0, 0)}/{(1, 3), (0, 4)}>,
  4 <{(3, 3), (2, 2), (1, 1), (0, 0)}/{(1, 3), (0, 4)}>]
    3:
    [4 < 0; 3 < 1] : nil!=y * z!=y * y->w * ls[3](w, z) * ls[2](x, y) |-
    ls[1'](x, y) * ls[0'](y, z) (Tag.Inst+Pred.Intro) [5 <{(3, 3)}/{}>]
      5:
      [4 < 0; 3 < 1] : nil!=y * z!=y * y->w * ls[3](w, z) |- ls[0'](y, z) (ls R.Unf./Simplify) [
      6 <{(4, 4), (3, 3), (1, 1), (0, 0)}/{}>]
        6:
        [4 < 0; 3 < 1] : nil!=y * z!=y * y->w * ls[3](w, z) |-
        [1' < 0'] : y->w' * ls[1'](w', z) (Id)
    4:
    [4 < 0; 3 < 1] : nil!=y * nil!=x * t!=x * z!=y * y!=x * y->w * x->a *
                     ls[4](a, t) * ls[3](w, z) * ls[2](t, y) |-
    ls[1'](x, y) * ls[0'](y, z) (ls R.Unf./Simplify) [7 <{(4, 4), (3, 3),
                                                         (2, 2), (1, 1),
                                                         (0, 0)}/{}>]
      7:
      [4 < 0; 3 < 1] : nil!=y * nil!=x * t!=x * z!=y * y!=x * y->w * x->a *
                       ls[4](a, t) * ls[3](w, z) * ls[2](t, y) |-
      [2' < 1'] : x->w' * ls[2'](w', y) * ls[0'](y, z) (UBound Intro) [
      8 <{(4, 4), (3, 3), (2, 2), (1, 1), (0, 0)}/{}>]
        8:
        [4 < 0; 3 < 1] : nil!=y * nil!=x * t!=x * z!=y * y!=x * y->w * x->a *
                         ls[4](a, t) * ls[3](w, z) * ls[2](t, y) |-
        x->w' * ls[2'](w', y) * ls[0'](y, z) (Lemma.App) [9 <{(4, 4),
                                                             (3, 3),
                                                             (2, 2),
                                                             (1, 1),
                                                             (0, 0)}/
                                                          {}>,
        10 <{(4, 4), (3, 3), (1, 1), (0, 0)}/{(1, 3), (0, 4)}>]
          9:
          [4 < 0; 3 < 1] : nil!=y * nil!=x * t!=x * z!=y * y!=x * y->w *
                           ls[4](a, t) * ls[3](w, z) * ls[2](t, y) |-
          ls[3'](y, z) * ls[1'](a, y) (R.Trans.Ex) [11 <{(4, 4), (3, 3),
                                                        (2, 2), (1, 1),
                                                        (0, 0)}/{}>]
            11:
            [4 < 0; 3 < 1] : nil!=y * nil!=x * t!=x * z!=y * y!=x * y->w *
                             ls[4](a, t) * ls[3](w, z) * ls[2](t, y) |-
            ls[1'](a, y) * ls[0'](y, z) (Weaken) [12 <{(4, 4), (3, 3),
                                                      (2, 2), (1, 1)}/
                                                  {}>]
              12:
              [3 < 1] : nil!=y * z!=y * y->w * ls[4](a, t) * ls[3](w, z) *
                        ls[2](t, y) |-
              ls[1'](a, y) * ls[0'](y, z) (Subst) [13 <{(4, 0), (3, 3),
                                                       (2, 2), (1, 1)}/
                                                   {}>]
                13:
                [3 < 1] : nil!=y * z!=y * y->w * ls[3](w, z) * ls[2](t, y) *
                          ls[0](x, t) |-
                ls[1'](x, y) * ls[0'](y, z) (Backl) [2] <pre={(3, 3),
                                                             (2, 2),
                                                             (1, 1),
                                                             (0, 0)}>
          10:
          [4 < 0; 3 < 1] : nil!=y * nil!=x * t!=x * z!=y * y!=x * x->a *
                           ls[3'](y, z) * ls[1'](a, y) |-
          x->w' * ls[2'](w', y) * ls[0'](y, z) (Id)

